symbol,eligible,a_hit5,a_hit10,a_close3,a_down3,b_hit5,b_hit10,b_close3,b_down3,p_hit5,p_hit10,p_close3,p_down3,close,daily_pct,volume_ratio,atr,atr_pct,rsi,ema20,ema50,rs20_qqq_pp,ret20_pct,range_position,high,low,prior_high20,adv20,history_sessions,high_close_pct,max_feature_abs,last,last_at,age_minutes,session,after_hours_change_pct,after_hours_volume,after_hours_high,after_hours_low,regular_quote_at,quote_note,evaluation_score_neighbors,evaluation_score_dates,empirical_hit5,empirical_hit5_dateblock95,model_disagreement,extension_atr
VICR,True,0.37691588580641494,0.06391279249691492,0.25580210637859135,0.5688015924517742,0.5133590080784788,0.08166507597646341,0.30380888237112036,0.5488299022324216,0.44513744694244683,0.07278893423668917,0.27980549437485586,0.5588157473420978,268.3399963378906,19.848148125431475,2.5333655400748483,17.665166774360294,6.5831284994565324,69.78412261036225,207.15251175444266,217.61751863781225,35.304178400914644,41.23900656845112,0.9921260452872543,268.6499938964844,229.27999877929688,232.74000549316406,152868943.1491089,2513,0.11552417188058772,,268.88,2026-09-22 16:53:42-04:00,2.186411,after_hours,0.20123860381566772,1840.0,269.5,265.39,2026-09-22 16:00:00-04:00,"Vendor latest observation, no executable bid/ask or overnight-session venue feed; after-hours bar volumes and extremes may include late regular-session batches and are not reliable liquidity/support measures",595,281,0.4084033613445378,"[0.35790468605237064, 0.45784480317190596]",0.13644312227206384,3.46373659331975
ALAB,True,0.2865302598264674,0.0394518176467411,0.2240913287938036,0.5686565582687645,0.4661879293203827,0.0802645042594006,0.2501407467349919,0.49746659846162306,0.3763590945734251,0.05985816095307085,0.23711603776439777,0.5330615783651937,363.4599914550781,6.667841131613406,1.4249779595354253,24.042732022009524,6.614959716957207,64.49016775615337,300.36055895319396,305.0957705242638,25.02758780685923,30.962415974395707,0.833382036358372,369.1499938964844,335.0,343.0,1099993081.795044,629,1.5655099805144568,,362.3662,2026-09-22 16:53:44-04:00,2.1506995,after_hours,-0.3009386124451341,,364.05,361.09,2026-09-22 16:00:01-04:00,"Vendor latest observation, no executable bid/ask or overnight-session venue feed; after-hours bar volumes and extremes may include late regular-session batches and are not reliable liquidity/support measures",896,345,0.3359375,"[0.29717622910527036, 0.375]",0.17965766949391532,2.624470149404021
VKTX,True,0.31511702993230833,0.07270737552995983,0.18927896535588967,0.41791207294056526,0.3013908340506112,0.08110589430237533,0.22526350486542504,0.3664192219616842,0.3082539319914598,0.07690663491616759,0.20727123511065737,0.3921656474511247,40.849998474121094,35.66920506828954,19.135932536893886,2.2487376518460893,5.504865938417815,71.22791067190032,32.68178398468612,33.334686151996586,16.996255301783215,22.93108346931969,0.8374801126019871,41.72520065307617,36.34000015258789,34.99399948120117,68041521.08398438,2513,2.142477874288118,,41.1011,2026-09-22 16:53:42-04:00,2.1970733166666667,after_hours,0.6146916407793412,471178.0,41.5,40.75,2026-09-22 16:00:00-04:00,"Vendor latest observation, no executable bid/ask or overnight-session venue feed; after-hours bar volumes and extremes may include late regular-session batches and are not reliable liquidity/support measures",1437,395,0.31524008350730687,"[0.284903453672406, 0.3488759001677024]",0.013726195881697156,3.6323554607311888
AAOI,True,0.24934148765895583,0.03593248006409755,0.20393790568108855,0.5212748060349747,0.3312033511553699,0.05779848372010127,0.1893561662396213,0.4192860594942044,0.29027241940716286,0.04686548189209941,0.19664703596035493,0.47028043276458953,107.0,-1.5367610169174983,1.0566674747370732,8.735915269020795,8.16440679347738,48.48568471911968,106.75566384314028,115.44136697538686,-6.520164290824315,-0.5853361232878385,0.4532163938375875,110.73999786376953,103.9000015258789,118.9000015258789,736812934.1722107,2513,3.4953251063266633,,106.87,2026-09-22 16:53:11-04:00,2.7018062166666668,after_hours,-0.12149532710279409,,107.54,106.63,2026-09-22 16:00:01-04:00,"Vendor latest observation, no executable bid/ask or overnight-session venue feed; after-hours bar volumes and extremes may include late regular-session batches and are not reliable liquidity/support measures",1492,396,0.31501340482573725,"[0.2826135122484007, 0.3482295675205693]",0.08186186349641408,0.027969153698889346
SNDK,True,0.2286581288842825,0.028259917011935393,0.19256569066504106,0.488623031558222,0.3389608965884276,0.048916686114542834,0.19664214909363367,0.45251140569403375,0.283809512736355,0.038588301563239114,0.19460391987933737,0.4705672186261279,1887.0400390625,6.815198535963329,1.1688032375012396,117.83464168982776,6.244416612822332,64.68501912101557,1641.118452478802,1580.7141151411863,20.44751519625967,26.382343363796146,0.8523444973770642,1909.47998046875,1757.5050048828125,1834.489990234375,17550866254.74243,403,1.189160852008131,,1883.0,2026-09-22 16:53:36-04:00,2.2837299166666667,after_hours,-0.21409397675034025,728412.0,1887.7722,1827.48,2026-09-22 16:00:00-04:00,"Vendor latest observation, no executable bid/ask or overnight-session venue feed; after-hours bar volumes and extremes may include late regular-session batches and are not reliable liquidity/support measures",1551,400,0.30689877498388135,"[0.2727688601686859, 0.34092829838578836]",0.1103027677041451,2.0870058503765745
CIFR,True,0.24369163789937123,0.036493269114421245,0.1924037684414676,0.4993075785659097,0.3223643429941294,0.035338065525358744,0.2504910966599317,0.42522830997357136,0.2830279904467503,0.035915667319889995,0.22144743255069965,0.4622679442697405,19.09000015258789,1.0052938512831178,0.8270384084045959,1.6380800245444276,8.580827718444858,56.749591190134076,17.236102665726975,18.174996209830894,18.349029770501634,24.28385793803811,0.5201466071593256,19.7450008392334,18.3799991607666,19.489999771118164,575036295.6181431,1487,3.431119336878141,,19.05,2026-09-22 16:51:54-04:00,3.994960816666667,after_hours,-0.20953458495633903,,19.16,19.02,2026-09-22 16:00:01-04:00,"Vendor latest observation, no executable bid/ask or overnight-session venue feed; after-hours bar volumes and extremes may include late regular-session batches and are not reliable liquidity/support measures",1565,398,0.3073482428115016,"[0.27320132288703264, 0.3411804021417606]",0.07867270509475818,1.1317502558377819
NBIS,True,0.22964301143344362,0.029511520741220005,0.1967012969913924,0.5108575453936604,0.2980217659571822,0.044343513615642365,0.18236032569882363,0.4078547401519131,0.2638323886953129,0.036927517178431186,0.18953081134510802,0.4593561427727867,236.1199951171875,1.4261134114725849,1.0178603722383284,17.067392828679434,7.228270871430775,56.55373500283283,221.82127625841179,217.9099540306216,6.018133293441008,11.952961460977484,0.2938398848734049,246.61000061035156,231.7550048828125,254.74000549316406,3279799734.049759,481,4.442658694769919,,235.66,2026-09-22 16:53:45-04:00,2.13858215,after_hours,-0.19481413124678992,,236.55,235.41,2026-09-22 16:00:00-04:00,"Vendor latest observation, no executable bid/ask or overnight-session venue feed; after-hours bar volumes and extremes may include late regular-session batches and are not reliable liquidity/support measures",1713,416,0.276707530647986,"[0.24575261163162046, 0.30765728197691933]",0.0683787545237386,0.8377799118063692
CRDO,True,0.19971076691770853,0.03163527534656802,0.1758198032501571,0.42474928946877216,0.3145164188507815,0.040489881980561936,0.23858105790248577,0.4300392330954926,0.257113592884245,0.03606257866356498,0.20720043057632143,0.42739426128213237,192.55999755859375,2.8247947698214038,0.9301801145700709,13.962970909612837,7.251231349524747,50.304388389133855,185.43794515398773,203.5836571002985,-19.4337738435469,-13.498945676010422,0.8670358081309748,194.0,183.1699981689453,244.4600067138672,1542239567.8568268,1167,0.7478201390026973,,192.02,2026-09-22 16:53:38-04:00,2.2513228333333335,after_hours,-0.2804308088077412,462345.0,193.0,191.56,2026-09-22 16:00:01-04:00,"Vendor latest observation, no executable bid/ask or overnight-session venue feed; after-hours bar volumes and extremes may include late regular-session batches and are not reliable liquidity/support measures",1765,417,0.26118980169971673,"[0.23037867646153126, 0.29156847172870026]",0.11480565193307299,0.5100671233013049
UMAC,True,0.21948053505278428,0.031000638217943292,0.18077962263029843,0.5028808808353012,0.2794367385926088,0.03304833286190449,0.20348487909068416,0.4545200158613902,0.24945863682269653,0.03202448553992389,0.1921322508604913,0.4787004483483457,24.030000686645508,-0.9072136633174965,0.6786667409921052,1.969197705050447,8.194746769794367,50.02194664193868,23.9673355869107,23.601132882933225,-8.132626355920113,-2.1977981883836373,0.8585008414766034,24.170000076293945,23.180599212646484,26.829999923706055,68750902.85218239,653,0.5826025203829577,,24.09,2026-09-22 16:52:04-04:00,3.8243040500000003,after_hours,0.24968502555156036,72805.0,24.17,23.9727,2026-09-22 16:00:00-04:00,"Vendor latest observation, no executable bid/ask or overnight-session venue feed; after-hours bar volumes and extremes may include late regular-session batches and are not reliable liquidity/support measures",1832,420,0.24836244541484717,"[0.21997716096641687, 0.279371466672317]",0.05995620353982453,0.03182265527432279
ACMR,True,0.2064202947700185,0.029523121261325152,0.17538213848774994,0.43367581061979615,0.28858838845051393,0.04358699058149695,0.19406237207149915,0.4119620715741925,0.24750434161026622,0.03655505592141105,0.18472225527962455,0.42281894109699436,75.80000305175781,4.163812764144348,1.3927089838522615,4.789367640225431,6.3184267116126,52.75196059622702,72.53462948470845,76.82654412196759,-7.932369242669024,-1.9975410751325473,0.9367829901273846,76.07499694824219,71.7249984741211,83.5,64274064.30744171,2232,0.36278876703554896,,76.22,2026-09-22 16:45:47-04:00,10.104330933333333,after_hours,0.55408566138897,,77.0,75.25,2026-09-22 16:00:01-04:00,"Vendor latest observation, no executable bid/ask or overnight-session venue feed; after-hours bar volumes and extremes may include late regular-session batches and are not reliable liquidity/support measures",1839,421,0.25067971723762916,"[0.21949530164790695, 0.2823379556882463]",0.08216809368049544,0.6817963899083069
FSLY,True,0.21366543956596093,0.027300735604175782,0.15899958024533187,0.5431876387114135,0.25048471563125047,0.01814356921111404,0.21693810807107303,0.5844392015398023,0.23207507759860568,0.022722152407644913,0.18796884415820245,0.563813420125608,26.079999923706055,-4.886944379502001,2.777958469210212,2.248281837296716,8.620712591540636,57.64582783828396,23.993399494484024,23.145818209482904,7.753050282974772,13.68787845051125,0.3401198409065367,28.834999084472656,24.65999984741211,28.06999969482422,122656182.43144989,1847,10.563647119731701,,26.02,2026-09-22 16:51:03-04:00,4.844348783333333,after_hours,-0.2300610578281348,225.0,26.28,25.8,2026-09-22 16:00:01-04:00,"Vendor latest observation, no executable bid/ask or overnight-session venue feed; after-hours bar volumes and extremes may include late regular-session batches and are not reliable liquidity/support measures",2043,424,0.245717082721488,"[0.21752459403976565, 0.2756925730001885]",0.036819276065289536,0.9280866813970765
ARM,True,0.16277297999563528,0.018180178261778163,0.14825190090016285,0.40649143905811935,0.26550888978322473,0.027385771178503545,0.19892579203051844,0.39404373778898744,0.21414093488943,0.022782974720140854,0.17358884646534065,0.40026758842355337,333.20001220703125,3.189847787314881,1.6186779795790478,18.629346444324806,5.591040144605278,71.3581931024027,268.19106671473884,268.25184856034724,33.607852924026105,39.542681091562585,0.9086077685593608,334.6600036621094,318.68499755859375,324.1600036621094,1189224408.7743378,758,0.4381726895528848,,331.9,2026-09-22 16:53:35-04:00,2.3035403000000003,after_hours,-0.39015971170598407,,334.61,331.24,2026-09-22 16:00:01-04:00,"Vendor latest observation, no executable bid/ask or overnight-session venue feed; after-hours bar volumes and extremes may include late regular-session batches and are not reliable liquidity/support measures",2283,428,0.23915900131406045,"[0.21198992755878218, 0.26807555031840535]",0.10273590978758945,3.489598826592039
BE,True,0.15081360949477637,0.017827233989775444,0.14222679365984278,0.3980550691058128,0.22104899014464113,0.02418791640922153,0.17244516956443726,0.3584725456287617,0.18593129981970874,0.021007575199498488,0.15733598161214002,0.37826380736728726,276.5299987792969,1.3338649036128247,0.6235245864284737,18.541187344699768,6.704946091399579,60.61504250770498,253.57357050823595,242.07700065375687,29.605801666977992,35.54062983451447,0.4937704117571721,284.25,269.0,288.0,4175307421.4515686,2051,2.791740952078259,,276.53,2026-09-22 16:53:27-04:00,2.4390169166666666,after_hours,4.414360432747344e-07,931712.0,277.9125,275.39,2026-09-22 16:00:03-04:00,"Vendor latest observation, no executable bid/ask or overnight-session venue feed; after-hours bar volumes and extremes may include late regular-session batches and are not reliable liquidity/support measures",2887,429,0.21544856252164876,"[0.19195317789438052, 0.23944452188799215]",0.07023538064986476,1.2381315092867184
SMTC,True,0.14237151406451795,0.017360722715181062,0.1326552633352209,0.41512443505561214,0.22471502337290572,0.01971119594961927,0.1976447295839459,0.43309088370411786,0.18354326871871185,0.018535959332400168,0.1651499964595834,0.424107659379865,174.3300018310547,-1.713927591938147,0.9568431801979435,11.482780398277237,6.586806790379855,60.78508117334416,157.31753178600908,145.71692731929522,38.24679167446672,44.181619842003194,0.33598742364529627,178.5,172.22000122070312,190.63999938964844,590160288.4411621,2513,2.392014068230508,,174.4,2026-09-22 16:51:02-04:00,4.8529142499999995,after_hours,0.04015268066890343,34294.0,174.69,172.47,2026-09-22 16:00:00-04:00,"Vendor latest observation, no executable bid/ask or overnight-session venue feed; after-hours bar volumes and extremes may include late regular-session batches and are not reliable liquidity/support measures",2897,426,0.21505005177770106,"[0.19260845335051185, 0.23943761791882345]",0.08234350930838777,1.4815636505247445
CRWV,True,0.1473683263531492,0.020943542416591236,0.14289774797632385,0.3377678856228356,0.21826965272982302,0.02563432418215165,0.18142920636665788,0.3455660073675279,0.18281898954148612,0.023288933299371442,0.16216347717149088,0.34166694649518176,86.76000213623047,1.5568322911197585,0.9642433059381595,5.745246100592226,6.6219985697684125,50.15792891137247,86.1555254776136,88.15238313613435,-5.343521342921442,0.5913068246150344,0.4665229771415012,89.2300033569336,84.5999984741211,104.58999633789062,2297287257.416191,373,2.8469354078907605,,87.0,2026-09-22 16:53:41-04:00,2.2053802333333334,after_hours,0.27662270384996024,,87.47,86.4,2026-09-22 16:00:01-04:00,"Vendor latest observation, no executable bid/ask or overnight-session venue feed; after-hours bar volumes and extremes may include late regular-session batches and are not reliable liquidity/support measures",2919,428,0.21377183967112023,"[0.19077223572775712, 0.23728036584147014]",0.07090132637667382,0.10521336214902348
NVTS,True,0.15169319314018875,0.020225333941626317,0.14391147206606725,0.35126087767868186,0.2125372295710716,0.029304672106886892,0.17206049710221205,0.3336705239320916,0.1821152113556302,0.024765003024256604,0.15798598458413965,0.34246570080538674,12.460000038146973,2.4671068626592962,0.9320667499621226,0.8174394418950706,6.560509144401565,54.24358706122787,11.737460232920355,12.829671106931741,-4.054202619544123,1.880625547992354,0.9016387547840008,12.520000457763672,11.90999984741211,13.4399995803833,138243844.9044943,1235,0.4815442972151196,,12.44,2026-09-22 16:53:36-04:00,2.2879705,after_hours,-0.1605139493237706,,12.48,12.4,2026-09-22 16:00:01-04:00,"Vendor latest observation, no executable bid/ask or overnight-session venue feed; after-hours bar volumes and extremes may include late regular-session batches and are not reliable liquidity/support measures",2934,428,0.21097477845944104,"[0.1881978966338885, 0.23417125181352824]",0.06084403643088285,0.8839062176294705
RCAT,True,0.137248643356049,0.021354560264059606,0.1305382325921412,0.31272783059176773,0.22412879044886005,0.025369695996415705,0.20335442977938903,0.35279787839697696,0.18068871690245453,0.023362128130237657,0.16694633118576513,0.3327628544943724,6.940000057220459,-0.14388132833250689,1.2393056036364183,0.5466488960653384,7.876785180953974,34.104683687158,7.91993734863944,8.674309780987482,-28.219264673120115,-22.28443650558364,0.6190480515528994,7.019999980926514,6.809999942779541,9.430000305175781,62248578.86827469,2513,1.152736643320651,,6.97,2026-09-22 16:52:56-04:00,2.9573528833333333,after_hours,0.4322758289940998,,7.02,6.93,2026-09-22 16:00:00-04:00,"Vendor latest observation, no executable bid/ask or overnight-session venue feed; after-hours bar volumes and extremes may include late regular-session batches and are not reliable liquidity/support measures",2967,428,0.2123356926188069,"[0.18896579888067308, 0.2365860188360742]",0.08688014709281106,-1.7926264892737545
COHR,True,0.15072813580377503,0.019853434099259163,0.14003306001959256,0.4119874785178788,0.20814385414754114,0.023991414856023095,0.18412494442468183,0.39330157141141064,0.1794359949756581,0.02192242447764113,0.1620790022221372,0.40264452496464476,310.3900146484375,-3.4616741557431108,1.176640487425502,22.229103077710693,7.1616682330739385,53.68534197249046,296.8937608021206,304.0834859604988,6.733517562328717,12.668345729865194,0.29246031286066987,323.4299011230469,305.0,332.8599853515625,1800559805.5621338,2513,4.201129501340106,,310.39,2026-09-22 16:53:20-04:00,2.55165305,after_hours,-4.719364932181946e-06,329636.0,310.5,309.0,2026-09-22 16:00:02-04:00,"Vendor latest observation, no executable bid/ask or overnight-session venue feed; after-hours bar volumes and extremes may include late regular-session batches and are not reliable liquidity/support measures",2995,428,0.21435726210350584,"[0.19052416402245545, 0.2393659758882813]",0.0574157183437661,0.60714342810573
ASTS,True,0.1406436790593319,0.02049522105057095,0.1331910693691811,0.3408848317110214,0.20425425633931804,0.024435084271453716,0.172125070315797,0.3443039533021311,0.17244896769932497,0.022465152661012334,0.15265806984248903,0.34259439250657625,63.689998626708984,2.9083846418030745,1.0504687526895438,4.2351165020795,6.649578573398596,51.8558068104839,61.84556602940377,65.48869509899144,-3.7856698910626374,2.1491582764738393,0.6108147626421394,65.41000366210938,60.990501403808594,67.19999694824219,601473398.8396454,1730,2.700588903261636,,63.59,2026-09-22 16:53:23-04:00,2.5067188833333334,after_hours,-0.15700836687888575,741837.0,64.0,63.44,2026-09-22 16:00:00-04:00,"Vendor latest observation, no executable bid/ask or overnight-session venue feed; after-hours bar volumes and extremes may include late regular-session batches and are not reliable liquidity/support measures",3165,430,0.20979462875197472,"[0.18792048187696675, 0.2321827624014942]",0.06361057727998615,0.43550929387646664
IREN,True,0.1300369632926095,0.016758929241336595,0.13003761823071527,0.33159275266867067,0.20987426888664149,0.026789015583319958,0.16242567513818681,0.30496072231719534,0.1699556160896255,0.021773972412328278,0.14623164668445104,0.318276737492933,48.54999923706055,2.7948331730212717,0.8219951987660195,3.058664642415368,6.300030258456816,62.34497022921657,43.587305675569525,43.1181401916783,16.01944855256756,21.954276720104037,0.6787148902009689,49.349998474121094,46.86000061035156,49.290000915527344,1705794033.850193,1215,1.6477842422907063,,48.3028,2026-09-22 16:53:40-04:00,2.2221993333333336,after_hours,-0.5091642449951861,8354.0,48.55,48.1446,2026-09-22 16:00:01-04:00,"Vendor latest observation, no executable bid/ask or overnight-session venue feed; after-hours bar volumes and extremes may include late regular-session batches and are not reliable liquidity/support measures",3233,430,0.20692854933498298,"[0.18558773063814785, 0.22975494525290868]",0.07983730559403199,1.6225033279791274
ONTO,True,0.13681202304630363,0.018113248566839064,0.137137896201539,0.3338634769541863,0.2013614521600702,0.027860888449729213,0.16314526332019208,0.31829975045117365,0.16908673760318693,0.022987068508284136,0.15014157976086553,0.32608161370267996,283.80999755859375,2.837157134780144,0.8389354768629155,16.857050980163034,5.939555028072197,53.56766038942795,270.73684824820685,279.61435601947875,-5.616707957987699,0.31812020954877784,0.9156295396890787,284.760009765625,273.5,305.7349853515625,246064019.69551086,1734,0.33473528600242997,,283.81,2026-09-22 16:14:43-04:00,41.169103299999996,after_hours,8.602256018619414e-07,100472.0,283.81,282.0,2026-09-22 16:00:03-04:00,"Vendor latest observation, no executable bid/ask or overnight-session venue feed; after-hours bar volumes and extremes may include late regular-session batches and are not reliable liquidity/support measures",3256,430,0.2076167076167076,"[0.1860550415407855, 0.23010977118119974]",0.06454942911376657,0.7755300334424484
WULF,True,0.1294391826807571,0.01784158452767507,0.12750701106165827,0.3405087547548959,0.1928120558788972,0.02183212156527785,0.1912897027204955,0.330286287405145,0.16112561927982716,0.01983685304647646,0.1593983568910769,0.3353975210800204,17.329999923706055,-0.6876838623884662,0.7578127088706395,1.1771373200429598,6.79248312305374,53.7077493100099,16.45381185909012,17.526273109527157,6.01607904290693,11.950907210443408,0.166667549696944,17.93000030517578,17.209999084472656,18.079999923706055,455290275.1192045,2513,3.4622064865042157,,17.33,2026-09-22 16:53:04-04:00,2.8284532833333333,after_hours,4.4024202061621054e-07,1168293.0,17.34,17.26,2026-09-22 16:00:00-04:00,"Vendor latest observation, no executable bid/ask or overnight-session venue feed; after-hours bar volumes and extremes may include late regular-session batches and are not reliable liquidity/support measures",3470,429,0.19221902017291068,"[0.17199427335404557, 0.2134623523029968]",0.06337287319814008,0.7443380221637678
IOVA,True,0.1158546597797579,0.013385276147550836,0.11169780567411484,0.36848039258484167,0.19729213966262724,0.029731769949388778,0.16073292344027504,0.3876391021681931,0.15657339972119255,0.021558523048469808,0.13621536455719493,0.3780597473765174,10.640000343322754,4.416101879000522,1.190501134470665,0.5704976717937007,5.361820050614215,77.1741500702575,8.999032595019706,7.499700345361564,26.07509477771257,32.009922945249045,0.7922081139058018,10.800000190734863,10.029999732971191,10.979999542236328,118593608.51994038,2513,1.5037579158775127,,10.64,2026-09-22 16:53:24-04:00,2.4964475,after_hours,-3.2267175043010354e-06,57175.0,10.7,10.6,2026-09-22 16:00:01-04:00,"Vendor latest observation, no executable bid/ask or overnight-session venue feed; after-hours bar volumes and extremes may include late regular-session batches and are not reliable liquidity/support measures",3630,429,0.19063360881542699,"[0.17100629099263173, 0.2104860706071488]",0.08143747988286934,2.8763793954560484
INTC,True,0.12399679460519801,0.012857729848219653,0.12348941403689541,0.3497029275902082,0.18800852690591638,0.020055924065476998,0.16294187875195118,0.3252373207614911,0.1560026607555572,0.016456826956848324,0.1432156463944233,0.33747012417584965,123.86000061035156,1.7079995499296174,1.0431542662075581,6.393567218710212,5.161930556438146,72.05534146051559,103.50842488410632,101.06130697322139,36.00878583442184,41.943614001958316,0.9427158748437067,124.08999633789062,120.07499694824219,124.7300033569336,10295817207.729034,2513,0.18569007460496056,,123.52,2026-09-22 16:53:44-04:00,2.153232066666667,after_hours,-0.2745039630842272,118.0,123.99,123.3,2026-09-22 16:00:01-04:00,"Vendor latest observation, no executable bid/ask or overnight-session venue feed; after-hours bar volumes and extremes may include late regular-session batches and are not reliable liquidity/support measures",3656,429,0.19037199124726478,"[0.17107817129666755, 0.2100408134640379]",0.06401173230071837,3.1831331446220115
LITE,True,0.12203192303951228,0.015833395293122988,0.12537335176137787,0.36676590803668524,0.18588858981212344,0.0197929543121474,0.17580013866526,0.3823093132956008,0.15396025642581787,0.017813174802635195,0.15058674521331894,0.374537610666143,945.6699829101562,-0.9240544599166456,0.975233860566153,66.25600683145116,7.006250386372456,55.00262554811428,904.681162341524,873.7005465344208,7.977985157165457,13.912813324701933,0.16696212426188253,1002.0,934.3800048828125,1026.760009765625,4029085319.260559,2513,5.956625261224491,,945.3731,2026-09-22 16:53:04-04:00,2.8181496999999998,after_hours,-0.03139392341106051,610.0,946.15,942.51,2026-09-22 16:00:01-04:00,"Vendor latest observation, no executable bid/ask or overnight-session venue feed; after-hours bar volumes and extremes may include late regular-session batches and are not reliable liquidity/support measures",3719,429,0.1901048668997042,"[0.17042561689632899, 0.20986102535454215]",0.06385666677261116,0.6186430865491764
WDC,True,0.1268613789656901,0.016800856352763738,0.1266998856495747,0.32255775605980924,0.1685277556310703,0.02019062331629689,0.16387143019466757,0.33154140453248043,0.1476945672983802,0.018495739834530314,0.14528565792212114,0.32704958029614484,464.6000061035156,3.6660178466916715,1.3135101296358038,28.811375697223323,6.201329168903191,51.8131512325508,451.49896933103093,473.4997704582125,0.810804303301671,6.745632470838148,0.7279693454590707,474.5400085449219,438.0,495.489990234375,2842085309.0844727,2513,2.139475314425976,,462.0,2026-09-22 16:53:42-04:00,2.18435475,after_hours,-0.5596224858715027,1728821.0,464.85,461.5,2026-09-22 16:00:00-04:00,"Vendor latest observation, no executable bid/ask or overnight-session venue feed; after-hours bar volumes and extremes may include late regular-session batches and are not reliable liquidity/support measures",3988,430,0.18981945837512537,"[0.17118404642702717, 0.20890305778862744]",0.0416663766653802,0.4547175015230978
MSTR,True,0.11466662882893035,0.015045218732654268,0.11734635731497399,0.3156306678084107,0.17769087126243366,0.019503912256490095,0.18678921803817844,0.2859788082577974,0.146178750045682,0.01727456549457218,0.15206778767657622,0.30080473803310404,167.3300018310547,-0.6943609311248156,0.8489459814349023,9.378384365030728,5.604723756890677,70.0431535272206,136.1476070125183,124.1365160614103,30.516289486215918,36.4511176537524,0.020408639904087568,171.1699981689453,167.25,169.52000427246094,3763528358.270302,2513,2.2948642179348555,,167.05,2026-09-22 16:53:31-04:00,2.3778420000000002,after_hours,-0.1673351030841319,,167.5,166.01,2026-09-22 16:00:01-04:00,"Vendor latest observation, no executable bid/ask or overnight-session venue feed; after-hours bar volumes and extremes may include late regular-session batches and are not reliable liquidity/support measures",4066,430,0.18986719134284308,"[0.1714311845230066, 0.20893733260724365]",0.06302424243350331,3.324921820735614
LUNR,True,0.12378542201707428,0.016630451347584625,0.12160568425226129,0.309272913375678,0.16824272712208263,0.018690774850437273,0.16831265273381257,0.31885664515883405,0.14601407456957846,0.01766061309901095,0.14495916849303692,0.31406477926725607,16.239999771118164,3.3078848298750074,1.2347936601644816,1.0794853498117474,6.6470773708479065,55.25559354253154,15.173030223349404,16.488528872927482,-8.455837051934434,-2.5210088843979572,0.9791292440371756,16.260000228881836,15.3016996383667,17.68000030517578,100737004.35056686,1215,0.12315552983714895,,16.26,2026-09-22 16:53:41-04:00,2.206904883333333,after_hours,0.12315412046621788,2741.0,16.32,16.13,2026-09-22 16:00:01-04:00,"Vendor latest observation, no executable bid/ask or overnight-session venue feed; after-hours bar volumes and extremes may include late regular-session batches and are not reliable liquidity/support measures",4071,430,0.18963399656104152,"[0.1708437200383509, 0.20848633493797264]",0.04445730510500835,0.988405769429692
PL,True,0.10465183849842441,0.01488183648013059,0.11461258414435294,0.272363910766382,0.16944615918791478,0.024913148892964428,0.16486761316521398,0.2903236970327594,0.1370489988431696,0.01989749268654751,0.13974009865478346,0.2813438038995707,16.90999984741211,-0.9373160531492175,0.8680342399526684,1.0960716938596988,6.481796000887845,35.01600298974504,18.14407693726619,21.36971979140789,-27.538907506166645,-21.604079338630168,0.46708480818903664,17.25,16.61199951171875,22.290000915527344,204615086.18944168,1359,2.0106455094967,,16.91,2026-09-22 16:53:27-04:00,2.440533916666667,after_hours,9.023529923268825e-07,1009050.0,17.03,16.9,2026-09-22 16:00:02-04:00,"Vendor latest observation, no executable bid/ask or overnight-session venue feed; after-hours bar volumes and extremes may include late regular-session batches and are not reliable liquidity/support measures",4518,430,0.18127490039840638,"[0.1629351547816093, 0.20065232602150754]",0.06479432068949037,-1.1259090958807711
MRVL,True,0.10770334738632362,0.011792843192754763,0.11624941591011181,0.3322506075246334,0.1606239798290566,0.01839724181160888,0.14800798872320642,0.31809807430328685,0.1341636636076901,0.01509504250218182,0.13212870231665913,0.32517434091396014,262.3599853515625,1.934874650040297,0.8634903704645075,14.488869304781517,5.522514908424936,63.95563650144095,233.39364384905636,225.95059037475386,8.48795216904863,14.422780336585106,0.6966654459635416,266.0,254.0,261.17999267578125,5036117416.588287,2513,1.3874122776611264,,262.6,2026-09-22 16:53:44-04:00,2.150561666666667,after_hours,0.09148294779628419,257.0,263.0,261.3042,2026-09-22 16:00:01-04:00,"Vendor latest observation, no executable bid/ask or overnight-session venue feed; after-hours bar volumes and extremes may include late regular-session batches and are not reliable liquidity/support measures",4656,430,0.17590206185567012,"[0.1591050206425755, 0.19441868137923926]",0.052920632442732984,1.9992133887871337
CIEN,True,0.10875492083279058,0.014258272533530571,0.1162482987407213,0.2922002154176164,0.15557090308862245,0.016739657885424166,0.16597556494442184,0.3090280081120821,0.1321629119607065,0.01549896520947737,0.14111193184257156,0.30061411176484926,368.55999755859375,0.7104618439785826,0.8789948687488657,24.8870721741448,6.752515828901982,51.48192446026063,357.3957907474325,383.6204499391991,-6.846244900210374,-0.9114167326738976,0.39852887057830916,376.739990234375,363.1400146484375,418.7200012207031,943540635.7855225,2513,2.2194466925241407,,368.5,2026-09-22 16:53:24-04:00,2.4867307666666667,after_hours,-0.016278912250700106,323084.0,369.8656,366.5,2026-09-22 16:00:02-04:00,"Vendor latest observation, no executable bid/ask or overnight-session venue feed; after-hours bar volumes and extremes may include late regular-session batches and are not reliable liquidity/support measures",4799,429,0.17545321942071265,"[0.1583264971287941, 0.1934879936907154]",0.046815982255831876,0.4485946250744494
ABCL,True,0.09290058436618769,0.011247055703128466,0.10105523953100981,0.332820340209094,0.17006719178866947,0.016529937929793286,0.16661760498209333,0.4378166423796301,0.13148388807742858,0.013888496816460875,0.13383642225655157,0.385318491294362,12.649999618530273,-0.07899075041363224,0.8939650562810063,0.7103262340025579,5.615227315596444,66.67913229232164,11.523017908214957,9.94071766876823,13.292316298667007,19.227144466203484,0.3333326710601867,12.970000267028809,12.489999771118164,13.180000305175781,56006266.27961159,1450,2.5296494715287166,,12.68,2026-09-22 16:50:31-04:00,5.379930116666667,after_hours,0.23715717292023264,,12.73,12.6406,2026-09-22 16:00:01-04:00,"Vendor latest observation, no executable bid/ask or overnight-session venue feed; after-hours bar volumes and extremes may include late regular-session batches and are not reliable liquidity/support measures",4872,429,0.173440065681445,"[0.15628061830055281, 0.1913858417647799]",0.07716660742248178,1.586569179579616
TER,True,0.10102669641203386,0.01298022682785359,0.11041719136575456,0.2829455343799592,0.15364164728643276,0.02092212752063975,0.14805282696220556,0.28402000908356534,0.12733417184923332,0.01695117717424667,0.12923500916398006,0.2834827717317623,398.69000244140625,4.494939852281621,0.8927881359366046,21.69195878234977,5.440808309593302,58.80500438486798,365.70957184606846,368.4268744179749,3.3672129533983686,9.302041120934845,0.9754752364718495,399.3999938964844,370.45001220703125,385.67999267578125,926915234.4650269,2513,0.1780810782137543,,397.61,2026-09-22 16:53:18-04:00,2.5860928666666667,after_hours,-0.2708877661322773,553052.0,398.69,390.53,2026-09-22 16:00:01-04:00,"Vendor latest observation, no executable bid/ask or overnight-session venue feed; after-hours bar volumes and extremes may include late regular-session batches and are not reliable liquidity/support measures",5094,429,0.16725559481743227,"[0.15095647405570356, 0.18372935900662984]",0.052614950874398894,1.520398914927553
LRCX,True,0.10268148502973665,0.013414512690935142,0.11187137284177755,0.26816458300946927,0.14691138676036547,0.021107661731324705,0.14178943231602387,0.27458983236059686,0.12479643589505106,0.017261087211129924,0.12683040257890071,0.27137720768503304,310.9599914550781,2.8715074470139657,1.0554148503574678,15.892522698405754,5.1107933930791924,54.568364763206475,296.8451406720531,306.0356185154872,-5.680136226618782,0.2546919409176951,0.9770186571874555,311.30999755859375,296.0799865722656,322.2099914550781,2576347373.2167053,2513,0.11255663530149729,,310.96,2026-09-22 16:53:25-04:00,2.4687919,after_hours,2.747916805212469e-06,157.0,312.0,309.7,2026-09-22 16:00:01-04:00,"Vendor latest observation, no executable bid/ask or overnight-session venue feed; after-hours bar volumes and extremes may include late regular-session batches and are not reliable liquidity/support measures",5264,429,0.16204407294832826,"[0.14660220782578326, 0.17842412173445754]",0.04422990173062882,0.8881441323623807
HIMS,True,0.10320524810153546,0.014004632359639729,0.10745516729054909,0.2655649976474825,0.13575155775328188,0.014541558888743951,0.14880708826394098,0.29237065272927965,0.11947840292740866,0.01427309562419184,0.12813112777724503,0.27896782518838104,30.43000030517578,3.6797271198262704,1.7607236552748093,1.707390719704426,5.610879732439631,55.51089095696794,28.89684535630239,29.522992361143608,-8.026204036667316,-2.0913758691308404,0.46511658853683435,31.809999465942383,29.229999542236328,32.720001220703125,271447549.1031456,1765,4.534995553489618,,30.47,2026-09-22 16:50:31-04:00,5.3796205,after_hours,0.1314482235394987,937640.0,30.5323,30.38,2026-09-22 16:00:03-04:00,"Vendor latest observation, no executable bid/ask or overnight-session venue feed; after-hours bar volumes and extremes may include late regular-session batches and are not reliable liquidity/support measures",5661,428,0.15968910086557145,"[0.1443550439815078, 0.17633391211469662]",0.032546309651746416,0.897952021865741
TSEM,True,0.0951888327356058,0.012021378752863649,0.10461276928851004,0.2908236362971058,0.14282228807401592,0.017440943523021512,0.1502833337950124,0.2842023841948393,0.11900556040481086,0.01473116113794258,0.12744805154176123,0.28751301024597253,236.61000061035156,1.1932226493621467,1.0033566053625276,13.520811612905513,5.714387210188775,57.87590378016056,218.1874793362382,224.1733639631318,6.149489108289075,12.084317275825551,0.9736313903912966,236.8699951171875,227.00999450683594,240.0,395224501.42555237,2513,0.10988314363944429,,236.5,2026-09-22 16:52:55-04:00,2.9711567666666667,after_hours,-0.04649026248586541,479909.0,236.88,232.65,2026-09-22 16:00:00-04:00,"Vendor latest observation, no executable bid/ask or overnight-session venue feed; after-hours bar volumes and extremes may include late regular-session batches and are not reliable liquidity/support measures",5703,428,0.15886375591793792,"[0.1437000567734835, 0.17537163219969712]",0.047633455338410124,1.3625307268188847
STX,True,0.09462886669952714,0.011738621172152075,0.10418887285908603,0.2807533318505582,0.14204284549714,0.01611483289660956,0.14979527845716153,0.3259358991720793,0.11833585609833357,0.013926727034380817,0.1269920756581238,0.30334461551131875,919.8400268554688,4.845384169874101,1.4318509144350098,54.35016680358799,5.9086542460418325,59.66295945498319,845.0024606221089,844.0542813904553,9.819277236753354,15.754105404289831,0.7877097681269896,936.9400024414062,856.3900146484375,925.4400024414062,3064375365.8737183,2513,1.859016251379586,,918.9,2026-09-22 16:53:02-04:00,2.8511764333333334,after_hours,-0.10219460210731945,,920.0,913.0482,2026-09-22 16:00:00-04:00,"Vendor latest observation, no executable bid/ask or overnight-session venue feed; after-hours bar volumes and extremes may include late regular-session batches and are not reliable liquidity/support measures",5743,428,0.15775726971965873,"[0.14248459580607664, 0.17444086883587828]",0.04741397879761286,1.3769519144956774
RDW,True,0.09956762325813048,0.012199710811906109,0.10681468077020818,0.3036727932200223,0.13482101274098499,0.01550995406074587,0.13944218895815783,0.2853965442054292,0.11719431799955773,0.01385483243632599,0.12312843486418301,0.2945346687127257,11.760000228881836,1.379308984055716,1.0441110513827123,0.7544475294926968,6.4153700238867355,55.97093633222353,11.112040802289672,11.298259098031084,-2.595635631336868,3.339192536199609,0.6958035505069042,11.899900436401367,11.4399995803833,11.880000114440918,130459166.2637186,1428,1.1896275918085841,,11.77,2026-09-22 16:50:39-04:00,5.240383266666667,after_hours,0.08503206567636035,928271.0,11.8,11.7,2026-09-22 16:00:02-04:00,"Vendor latest observation, no executable bid/ask or overnight-session venue feed; after-hours bar volumes and extremes may include late regular-session batches and are not reliable liquidity/support measures",5835,428,0.15698371893744645,"[0.14181475349521708, 0.17389114193431976]",0.0352533894828545,0.8588528708257064
RKLB,True,0.10158467761328002,0.012781739213583145,0.10758467840702653,0.26876532990964747,0.13199902671467864,0.01721799458673742,0.13636071126970434,0.2528201546005432,0.11679185216397933,0.014999866900160282,0.12197269483836543,0.2607927422550953,71.9800033569336,2.990419209525297,1.146008382701109,3.911352148898596,5.433942715316404,57.20221188395212,67.01105087152304,72.29527299525452,-0.5159578632232931,5.418870304313184,0.783334869807644,72.5,70.0999984741211,71.20999908447266,1197534566.6519165,1462,0.7224181978539912,,71.75,2026-09-22 16:53:31-04:00,2.3732291500000002,after_hours,-0.3195378524686321,,72.03,71.75,2026-09-22 16:00:00-04:00,"Vendor latest observation, no executable bid/ask or overnight-session venue feed; after-hours bar volumes and extremes may include late regular-session batches and are not reliable liquidity/support measures",5869,428,0.1560742886352019,"[0.1409581558276302, 0.1728779360173327]",0.03041434910139862,1.2703925129343747
FN,True,0.09373775003211525,0.013149728324836425,0.10538138113157217,0.24673750469843367,0.1381175092425581,0.018523944248783952,0.14745071065678583,0.2590715924246445,0.11592762963733669,0.015836836286810187,0.12641604589417899,0.2529045485615391,403.79998779296875,0.5553154937065763,0.853679855277534,24.012307692488168,5.946584551359486,44.33010013735146,412.7446581882097,456.3881518327799,-10.05223004157687,-4.117401874040394,0.7298810897700108,408.6000061035156,390.8299865722656,453.94000244140625,339875890.5169678,2513,1.188711851325741,,403.8,2026-09-22 16:05:00-04:00,50.888290633333334,after_hours,3.023039041316622e-06,65155.0,403.8,403.8,2026-09-22 16:00:03-04:00,"Vendor latest observation, no executable bid/ask or overnight-session venue feed; after-hours bar volumes and extremes may include late regular-session batches and are not reliable liquidity/support measures",5949,428,0.154984030929568,"[0.14013602500011457, 0.17142845921871488]",0.04437975921044286,-0.37250357232591796
TEM,True,0.0940714182878967,0.010616576825382794,0.10011712575482251,0.3272997861581253,0.13704854287186521,0.01255335145813537,0.14946627666086848,0.3227448190032247,0.11555998057988096,0.011584964141759083,0.1247917012078455,0.325022302580675,77.19000244140625,-1.076504358620467,0.8310056911447461,4.695873162167527,6.0835250856898115,66.45314643431432,67.8030464084855,61.41913047399558,10.719251592787305,16.654079760323782,0.43260308045537166,79.0,75.80999755859375,81.83000183105469,489566462.1002579,569,2.3448600872473024,,77.19,2026-09-22 16:53:13-04:00,2.679323066666667,after_hours,-3.1628529240101955e-06,343532.0,77.4,77.0,2026-09-22 16:00:00-04:00,"Vendor latest observation, no executable bid/ask or overnight-session venue feed; after-hours bar volumes and extremes may include late regular-session batches and are not reliable liquidity/support measures",5982,428,0.15429622199933132,"[0.1393274197280753, 0.17073982079377403]",0.04297712458396852,1.9989798933555325
ONDS,True,0.09327512004147012,0.0134174937525774,0.10317665610649374,0.2380699015451016,0.137003309074049,0.016142021953053955,0.14800666168981166,0.2692728330536928,0.11513921455775956,0.014779757852815677,0.1255916588981527,0.2536713672993972,7.71999979019165,4.6070416053982655,1.089114160841481,0.43273278459754316,5.605347103083282,49.696455885795224,7.626031735537191,8.022891910880011,-12.245507723003868,-6.310679555467392,0.9295771999317652,7.744999885559082,7.389999866485596,8.84000015258789,455563227.1939111,1455,0.32383544102156936,,7.7501,2026-09-22 16:53:47-04:00,2.1075039833333333,after_hours,0.38989910137812167,43311.0,7.78,7.7,2026-09-22 16:00:00-04:00,"Vendor latest observation, no executable bid/ask or overnight-session venue feed; after-hours bar volumes and extremes may include late regular-session batches and are not reliable liquidity/support measures",6033,428,0.1538206530747555,"[0.13890598013816927, 0.1702227531734317]",0.043728189032578885,0.21715030152349707
AMD,True,0.08477583817869883,0.008705633428694582,0.09607688369729861,0.27674614811798454,0.13106061577765682,0.015636179237657803,0.12630688271406817,0.2766221576734903,0.10791822697817782,0.012170906333176194,0.11119188320568339,0.27668415289573745,623.77001953125,1.3403300848415567,1.3553906908056665,25.770481418947217,4.131407507900618,73.87799261709131,523.8702174477104,501.4996056070219,30.63222591702839,36.567054084564866,0.9588082276274504,624.52001953125,606.3125,616.6900024414062,10513445170.240479,2513,0.12023662191453788,,621.25,2026-09-22 16:53:44-04:00,2.1500991,after_hours,-0.40399818079486227,2579734.0,623.99,620.8251,2026-09-22 16:00:01-04:00,"Vendor latest observation, no executable bid/ask or overnight-session venue feed; after-hours bar volumes and extremes may include late regular-session batches and are not reliable liquidity/support measures",6616,428,0.1444981862152358,"[0.13097793513536554, 0.15986807732497388]",0.046284777598957993,3.876520599653615
MTSI,True,0.0842769892988196,0.011270019641163788,0.09512592111669245,0.24602777733077397,0.12650960746484585,0.01591976532458515,0.14166422971183448,0.24850499795088882,0.10539329838183273,0.013594892482874469,0.11839507541426347,0.2472663876408314,279.69000244140625,0.2078095088977827,0.999829328006976,14.758128442588243,5.276602064344435,53.363074003926556,269.4415551464292,280.889751434626,2.712186709887021,8.647014877423498,0.7802689560163855,281.1600036621094,274.4700012207031,287.8399963378906,356695302.67852783,2513,0.5255823261008707,,278.86,2026-09-22 16:46:08-04:00,9.75417775,after_hours,-0.2967579942654952,775.0,281.09,275.0,2026-09-22 16:00:01-04:00,"Vendor latest observation, no executable bid/ask or overnight-session venue feed; after-hours bar volumes and extremes may include late regular-session batches and are not reliable liquidity/support measures",6852,428,0.14068884997081144,"[0.12759798906297018, 0.15516638609848343]",0.04223261816602625,0.6944273005107208
KLAC,True,0.08804971315630916,0.011497709069711226,0.09969703922884593,0.23201889328404363,0.12020618410963034,0.018867851245049708,0.127387629632431,0.22946954662056318,0.10412794863296976,0.015182780157380466,0.11354233443063846,0.2307442199523034,188.32000732421875,2.3645192556676964,0.9640775095245464,8.570361465712114,4.550956421192709,54.56847304343027,180.14820450937466,189.24822256143682,-2.2172538283192544,3.7175743392172222,0.9684686232730771,188.60000610351562,179.72000122070312,190.8699951171875,1699730532.5141907,2513,0.14868243861887454,,188.0,2026-09-22 16:52:38-04:00,3.2522866833333333,after_hours,-0.16992741704168202,2610647.0,188.33,187.56,2026-09-22 16:00:00-04:00,"Vendor latest observation, no executable bid/ask or overnight-session venue feed; after-hours bar volumes and extremes may include late regular-session batches and are not reliable liquidity/support measures",6980,428,0.13825214899713467,"[0.12552986246406514, 0.15207150639968278]",0.03215647095332118,0.9534957011483631
MU,True,0.08111385623028462,0.008998754019455492,0.09582366124243001,0.25416843213519613,0.12258947447126414,0.016301620211064266,0.12547616048373025,0.26605057428064777,0.10185166535077439,0.012650187115259878,0.11064991086308013,0.2601095032079219,1096.1600341796875,5.000198781120946,1.1361458754082927,50.503250332250374,4.607288056259462,66.06230682892658,980.2043294264291,946.7108057199076,14.46542698640898,20.40025515394546,0.9837887103772951,1097.25,1030.0150146484375,1064.489990234375,24310774265.021362,2513,0.09943491701265295,,1092.35,2026-09-22 16:53:42-04:00,2.183597,after_hours,-0.3475801033504089,1558529.0,1096.48,1043.0,2026-09-22 16:00:01-04:00,"Vendor latest observation, no executable bid/ask or overnight-session venue feed; after-hours bar volumes and extremes may include late regular-session batches and are not reliable liquidity/support measures",7175,427,0.13477351916376307,"[0.12152202045275433, 0.14814296204671534]",0.04147561824097952,2.2960047915809363
AMAT,True,0.08468133649611866,0.010855215630064759,0.09956442988969026,0.22754143373291644,0.11711648268585259,0.018426163005052513,0.12656863707587454,0.22309911723165993,0.10089890959098563,0.014640689317558636,0.1130665334827824,0.22532027548228817,472.4599914550781,1.7706361781873126,0.8565580420627199,21.596142285806,4.570999169536957,52.01376915804015,457.64344025059086,482.7037389727639,-8.357433121621128,-2.4226049540846506,0.9989452307870411,472.4800109863281,453.5,492.29998779296875,3021461244.9301147,2513,0.004237296620268616,,472.5,2026-09-22 16:53:26-04:00,2.4519707,after_hours,0.008468133946881728,,472.5,470.4973,2026-09-22 16:00:01-04:00,"Vendor latest observation, no executable bid/ask or overnight-session venue feed; after-hours bar volumes and extremes may include late regular-session batches and are not reliable liquidity/support measures",7288,427,0.13419319429198684,"[0.1208108814817882, 0.14800186878677996]",0.032435146189733935,0.6860739760093821
PATH,True,0.0719673959430683,0.011047808841953622,0.08719018491526971,0.21214600818146742,0.1277635313224613,0.015415579849498198,0.14899026255246292,0.2953274414149391,0.0998654636327648,0.01323169434572591,0.11809022373386632,0.25373672479820325,13.25,-2.5018406826371242,0.6980391790466796,0.8618060895027273,6.504196901907376,38.76191670735376,14.635774896895809,14.312557599799739,-25.971036712918938,-20.03620854538246,0.0800005594889323,13.9399995803833,13.1899995803833,18.829999923706055,961225086.7173147,1362,5.207544002892828,,13.26,2026-09-22 16:50:50-04:00,5.060706116666666,after_hours,0.07547169811321641,1468485.0,13.3196,13.23,2026-09-22 16:00:02-04:00,"Vendor latest observation, no executable bid/ask or overnight-session venue feed; after-hours bar volumes and extremes may include late regular-session batches and are not reliable liquidity/support measures",7382,427,0.13194256299105933,"[0.11929322819321019, 0.14537147627957903]",0.055796135379393,-1.6079892144825967
CLS,True,0.07765536252674979,0.01014508659992388,0.09022450901384725,0.22603880031902662,0.12079805058100783,0.014174466542556927,0.1334841481626663,0.24139097815503094,0.0992267065538788,0.012159776571240403,0.11185432858825678,0.23371488923702877,356.0899963378906,3.394309712130794,1.0018403454143028,19.38534156273345,5.443944441600902,60.53341650280637,326.13367973362824,328.446404724078,14.949846946708888,20.884675114245365,0.8313394009160496,359.04998779296875,341.5,353.9599914550781,667343894.2131042,2513,0.8312481354487256,,356.0,2026-09-22 16:15:00-04:00,40.888127000000004,after_hours,-0.025273481090781758,94984.0,356.15,355.75,2026-09-22 16:00:03-04:00,"Vendor latest observation, no executable bid/ask or overnight-session venue feed; after-hours bar volumes and extremes may include late regular-session batches and are not reliable liquidity/support measures",7475,427,0.13217391304347825,"[0.11909672178003099, 0.1452546061975962]",0.04314268805425804,1.5453076494587368
VRT,True,0.07186925694090873,0.009925859310729427,0.08913675229450241,0.20306965386644238,0.11280639958535436,0.013854641221357747,0.13695833532208473,0.22805512387863905,0.09233782826313156,0.011890250266043588,0.11304754380829357,0.2155623888725407,253.4600067138672,1.0364370952681723,0.6477957136544817,13.705026802991851,5.407175270244332,47.183425786761916,255.74614904516525,269.01395187526487,-6.502685006603615,-0.5678568390671379,0.691201171875,255.38999938964844,249.13999938964844,295.3399963378906,1379224056.8374634,2045,0.7614584647115619,,253.5082,2026-09-22 16:51:26-04:00,4.4551091000000005,after_hours,0.019014157995833614,347116.0,254.6,253.2563,2026-09-22 16:00:03-04:00,"Vendor latest observation, no executable bid/ask or overnight-session venue feed; after-hours bar volumes and extremes may include late regular-session batches and are not reliable liquidity/support measures",8343,427,0.12333692916217188,"[0.11056084937131985, 0.1365229575555753]",0.04093714264444563,-0.16681049691920297
TWLO,True,0.0765600486534645,0.009134002121527372,0.08365399961441503,0.2310622869151175,0.10315332688776598,0.012177203785253674,0.11096965184928856,0.2457946264286627,0.08985668777061523,0.010655602953390523,0.09731182573185179,0.2384284566718901,284.5299987792969,6.94204367067075,2.2480012623892347,12.326978092650219,4.332400149557502,73.83877594967299,241.0755630161689,226.62266114135625,21.892119790799256,27.826947958335737,0.9013649615690432,286.1199951171875,270.0,266.4800109863281,436051082.151947,2513,0.5588150088609689,,284.57,2026-09-22 16:13:44-04:00,42.160863850000005,after_hours,0.014058700620234177,268294.0,287.96,284.53,2026-09-22 16:00:02-04:00,"Vendor latest observation, no executable bid/ask or overnight-session venue feed; after-hours bar volumes and extremes may include late regular-session batches and are not reliable liquidity/support measures",8675,427,0.11965417867435159,"[0.1069798092085238, 0.13242950531924136]",0.02659327823430148,3.52514910276648
COIN,True,0.06710082710158081,0.008772410762928284,0.08196920406304092,0.21021460437252323,0.11138376839141508,0.01240302399048957,0.1335455642583502,0.23660017419236537,0.08924229774649794,0.010587717376708928,0.10775738416069557,0.2234073892824443,201.07000732421875,0.009949899108319116,0.6791472630762202,12.191440820176398,6.0632816313166495,60.45129534152919,180.98059631387486,173.74543870794864,6.0943740336127705,12.029202201149246,0.6672428171919107,203.0,197.1999969482422,208.3300018310547,1945065216.7342377,1367,0.9598610461426071,,200.454,2026-09-22 16:53:33-04:00,2.3446608333333336,after_hours,-0.3063646002784748,552141.0,201.53,199.6,2026-09-22 16:00:01-04:00,"Vendor latest observation, no executable bid/ask or overnight-session venue feed; after-hours bar volumes and extremes may include late regular-session batches and are not reliable liquidity/support measures",8766,427,0.1189824321241159,"[0.10662511718673429, 0.13184023870723383]",0.04428294128983426,1.6478291045875921
MDB,True,0.06820962407361186,0.009252132761188189,0.08355890637924379,0.20718742686794794,0.10426337543022943,0.011625201652562318,0.12627513433071383,0.2506781169481727,0.08623649975192064,0.010438667206875253,0.10491702035497881,0.22893277190806033,427.69000244140625,5.006141728342439,1.059010934730117,22.581471911586274,5.279869013229961,59.25206567482426,393.8972188424529,382.88995108501064,0.2734213167892907,6.208249484325767,0.6368869102466823,439.67999267578125,406.6600036621094,457.8500061035156,781954618.7898254,2242,2.8034300932759493,,428.0,2026-09-22 16:51:58-04:00,3.92634115,after_hours,0.07248183423138599,,432.0871,426.1163,2026-09-22 16:00:01-04:00,"Vendor latest observation, no executable bid/ask or overnight-session venue feed; after-hours bar volumes and extremes may include late regular-session batches and are not reliable liquidity/support measures",9281,427,0.11345760155155694,"[0.10186426029273578, 0.12577134851783378]",0.036053751356617564,1.4964827683183348
RBRK,True,0.06473571545984362,0.007905257311536688,0.0788752235415796,0.23274877518069667,0.10560702739208934,0.011216301506510203,0.12471994143237244,0.2746013106418178,0.08517137142596648,0.009560779409023445,0.10179758248697601,0.25367504291125725,111.87000274658203,-0.9649401086445741,0.8820428568726714,5.959573843118307,5.327231337089057,65.9048406449532,99.6842045054063,92.0618630510477,8.171660716496486,14.106488884032963,0.4347842312038064,113.94999694824219,110.2699966430664,113.16000366210938,387137995.866127,604,1.8592957455913828,,111.6325,2026-09-22 16:43:42-04:00,12.193138699999999,after_hours,-0.2123024410038199,1058138.0,112.15,111.6325,2026-09-22 16:00:02-04:00,"Vendor latest observation, no executable bid/ask or overnight-session venue feed; after-hours bar volumes and extremes may include late regular-session batches and are not reliable liquidity/support measures",9475,427,0.1116622691292876,"[0.10017350309549561, 0.12397497180633806]",0.04087131193224572,2.044743225263838
SHOP,True,0.07218222709688861,0.010783757582471529,0.07960776224292335,0.1940886866107854,0.09583981149911115,0.013134258408441684,0.10827004484522457,0.22418674200751063,0.08401101929799988,0.011959007995456607,0.09393890354407396,0.20913771430914802,147.74000549316406,7.120075010579474,2.9679147084390585,6.578294041049185,4.452615267672751,59.48501285912913,137.25182197317295,135.28275586473578,-7.309993398929693,-1.3751652313932161,0.5885345368836008,150.17999267578125,144.25,156.49000549316406,1168450856.6434097,2513,1.6515412832647236,,147.6,2026-09-22 16:52:41-04:00,3.210108683333333,after_hours,-0.09476478134458066,1175149.0,147.99,147.27,2026-09-22 16:00:00-04:00,"Vendor latest observation, no executable bid/ask or overnight-session venue feed; after-hours bar volumes and extremes may include late regular-session batches and are not reliable liquidity/support measures",9633,427,0.10993459981314233,"[0.09880581113483863, 0.12212240765108383]",0.023657584402222542,1.5943622243918927
APP,True,0.06781335084951821,0.008971761580855421,0.08228766124631784,0.17784976124533047,0.09991634734932509,0.015395877893860583,0.11811940388404832,0.1902569060524271,0.08386484909942166,0.012183819737358003,0.10020353256518308,0.18405333364887877,328.7300109863281,-0.43613968041995577,0.6942223836084751,16.823673137496936,5.117778290767809,49.58942465903835,324.0677205303696,355.706425386953,4.159285841001981,10.094114008538458,0.5106178797566003,333.57000732421875,323.67999267578125,338.3399963378906,1535058631.6862488,1366,1.47233175436845,,328.66,2026-09-22 16:52:35-04:00,3.30995575,after_hours,-0.02129741246259531,590056.0,328.9,326.55,2026-09-22 16:00:00-04:00,"Vendor latest observation, no executable bid/ask or overnight-session venue feed; after-hours bar volumes and extremes may include late regular-session batches and are not reliable liquidity/support measures",9658,427,0.10944294885069372,"[0.09832807803044695, 0.12160774147238651]",0.03210299649980687,0.277126785444202
CRWD,True,0.061579367846888826,0.007887776141984762,0.07500844149066965,0.20347551269989922,0.10481760170647506,0.011301872722037243,0.1252147459050939,0.2506713649113294,0.08319848477668194,0.009594824432011002,0.10011159369788178,0.2270734388056143,250.05999755859375,0.2847368909962622,0.6828888840043359,12.807970216457552,5.121958866474197,64.88658737693508,226.2636916014739,210.0528055507467,25.206354527901343,31.14118269543782,0.8785037596434039,250.79989624023438,244.7100067138672,250.32000732421875,2892809045.085373,1830,0.29588846231483057,,249.71,2026-09-22 16:53:34-04:00,2.3257087333333333,after_hours,-0.13996543310039744,,250.06,248.527,2026-09-22 16:00:01-04:00,"Vendor latest observation, no executable bid/ask or overnight-session venue feed; after-hours bar volumes and extremes may include late regular-session batches and are not reliable liquidity/support measures",9758,427,0.10791145726583316,"[0.09663159907376413, 0.11993040290658327]",0.04323823385958623,1.8579295200532924
HOOD,True,0.06228498273378336,0.007699636559635774,0.07960686035664252,0.2004373294873079,0.10369103017584322,0.011484683459192506,0.12666573444805354,0.2283631084778892,0.08298800645481329,0.00959216000941414,0.10313629740234803,0.21440021898259856,124.25,0.7704760135678335,0.667960431714936,6.658872728300453,5.35925370486958,62.941371410766386,112.5282455184186,105.98384540077808,13.974452576135832,19.90928074367231,0.48378343268717255,126.16000366210938,122.45999908447266,126.41000366210938,2674331097.4980164,1293,1.5372262874119746,,123.9,2026-09-22 16:53:48-04:00,2.0948061,after_hours,-0.28169014084507005,812.0,124.52,123.68,2026-09-22 16:00:01-04:00,"Vendor latest observation, no executable bid/ask or overnight-session venue feed; after-hours bar volumes and extremes may include late regular-session batches and are not reliable liquidity/support measures",9790,427,0.10735444330949949,"[0.09606216659202003, 0.11946081106766625]",0.041406047442059855,1.7603211474163656
SMMT,True,0.0601526163523227,0.008409473749679671,0.07299338144826742,0.17763604222636997,0.1001988844155516,0.010941898925217106,0.12504068560624743,0.21234349595159685,0.08017575038393715,0.009675686337448388,0.09901703352725742,0.1949897690889834,17.1200008392334,1.3017824004084577,0.6984666117316034,0.9739432552847898,5.6889206047982945,57.57959978549333,16.439249525973462,15.52218530811688,28.550650660892927,34.48547882842941,0.46478922427225156,17.5,16.790000915527344,18.829999923706055,106804174.08360004,2513,2.2196211573527913,,17.12,2026-09-22 16:53:27-04:00,2.4469194333333335,after_hours,-4.902063999168149e-06,1037029.0,17.17,16.91,2026-09-22 16:00:00-04:00,"Vendor latest observation, no executable bid/ask or overnight-session venue feed; after-hours bar volumes and extremes may include late regular-session batches and are not reliable liquidity/support measures",10292,427,0.10347842984842597,"[0.09213397525116951, 0.11540687992428228]",0.0400462680632289,0.6989640408371413
CAMT,True,0.06341588976279645,0.008388604957485474,0.08054428577498313,0.20661119554509058,0.09678973273253486,0.01348138818244672,0.11715970215961719,0.21072963186540597,0.08010281124766566,0.010934996569966098,0.09885199396730016,0.20867041370524828,151.36000061035156,1.1561823638874813,0.8457409019916795,7.682029333038639,5.075336483919955,54.956837024278116,144.84666819250424,148.64619211439668,0.4095817693196002,6.344409936856077,0.7960719052020403,152.7100067138672,146.08999633789062,152.02000427246094,50812398.6013031,2513,0.8919173480918197,,151.36,2026-09-22 16:10:04-04:00,45.81926418333333,after_hours,-4.032449485436018e-07,,151.36,149.09,2026-09-22 16:00:01-04:00,"Vendor latest observation, no executable bid/ask or overnight-session venue feed; after-hours bar volumes and extremes may include late regular-session batches and are not reliable liquidity/support measures",10310,427,0.1034917555771096,"[0.09202774418779196, 0.11562869032781853]",0.0333738429697384,0.8478661217596476
RDDT,True,0.05749441277712672,0.007928193212875665,0.07376588449674468,0.16896632353308014,0.09275299676812995,0.012175702708935645,0.11620074689802895,0.21075493853965654,0.07512370477262834,0.010051947960905656,0.09498331569738681,0.18986063103636835,155.6699981689453,-1.927800441604155,0.8657620608799906,8.260493171591651,5.306413097420811,49.0528308486058,155.89075617381667,160.07716833174365,-3.9898371524352605,1.9449910151012162,0.3569133094884136,161.6699981689453,152.33999633789062,166.17999267578125,726875382.029953,628,3.854307233618859,,155.67,2026-09-22 16:48:32-04:00,7.362374683333333,after_hours,1.1762412155391644e-06,4013521.0,156.0,153.6,2026-09-22 16:04:34-04:00,"Vendor latest observation, no executable bid/ask or overnight-session venue feed; after-hours bar volumes and extremes may include late regular-session batches and are not reliable liquidity/support measures",11136,426,0.09410919540229885,"[0.08330884341481895, 0.10511804099950518]",0.035258583991003234,-0.026724555094429125
RBLX,True,0.057339403731332325,0.007344380669037585,0.0716902260085238,0.16078296671248687,0.0901111388565363,0.011133805208816863,0.11299855386779095,0.19324166236229282,0.0737252712939343,0.009239092938927225,0.09234438993815738,0.17701231453738986,49.869998931884766,-2.6926850109565525,0.7731179070255977,2.4188123964056283,4.850235508746206,63.532826190815975,45.64322266145347,44.83501058333702,22.728745339842593,28.66357350737907,0.16399993896484374,51.959999084472656,49.459999084472656,51.54499816894531,441606748.0840683,1391,4.1908967261910846,,49.7064,2026-09-22 16:52:20-04:00,3.56252595,after_hours,-0.32805080286489874,1177651.0,49.96,49.7,2026-09-22 16:00:02-04:00,"Vendor latest observation, no executable bid/ask or overnight-session venue feed; after-hours bar volumes and extremes may include late regular-session batches and are not reliable liquidity/support measures",11386,426,0.09177937818373441,"[0.08139476920876015, 0.10264233241606921]",0.03277173512520397,1.747459322067438
TEAM,True,0.05249256918105357,0.007175904947124541,0.06750791304431598,0.20502740868287614,0.0932573511487755,0.018477064510061123,0.10788853586032422,0.2226119884542183,0.07287496016491453,0.012826484728592833,0.0876982244523201,0.2138196985685472,188.64999389648438,-3.587675340191765,0.7923365290151198,9.106527860557318,4.827208139510586,60.46377985196233,182.2098508629531,156.65066189564402,4.1743131855982885,10.109141353134765,0.21289822851997134,200.0,185.5800018310547,198.60000610351562,693244840.3472137,2513,6.016435977063206,,188.5761,2026-09-22 16:51:50-04:00,4.060270433333334,after_hours,-0.039169837728658674,295452.0,188.99,187.0,2026-09-22 16:00:00-04:00,"Vendor latest observation, no executable bid/ask or overnight-session venue feed; after-hours bar volumes and extremes may include late regular-session batches and are not reliable liquidity/support measures",11524,426,0.0898125650815689,"[0.07955891626309826, 0.10070122211696238]",0.04076478196772192,0.7072007171278945
MPWR,True,0.05701621002233803,0.007987856890612495,0.07198446221306419,0.16533155561668544,0.08591539438262268,0.01304930724579109,0.10153943896513533,0.19570279449173103,0.07146580220248036,0.010518582068201793,0.08676195058909976,0.18051717505420822,1380.6199951171875,8.056785508020404,2.134964026659997,57.08205790547301,4.134523482736309,63.377995350756954,1245.2372346914995,1294.588093941689,1.503905841863773,7.43873400940025,0.9412071682901757,1387.4549560546875,1271.199951171875,1332.0,831003234.7717285,2513,0.49506460587802614,,1380.62,2026-09-22 16:53:17-04:00,2.6040213833333334,after_hours,3.536680948101889e-07,,1390.0,1357.9504,2026-09-22 16:00:01-04:00,"Vendor latest observation, no executable bid/ask or overnight-session venue feed; after-hours bar volumes and extremes may include late regular-session batches and are not reliable liquidity/support measures",11777,426,0.0876284282924344,"[0.0775465533000255, 0.09863015809152445]",0.028899184360284644,2.3717217877792662
NET,True,0.05627318932116284,0.00654239285759021,0.07143082832802715,0.20287770095719457,0.08627762455109556,0.010204185751259396,0.10781539493848621,0.2235076143382097,0.0712754069361292,0.008373289304424804,0.08962311163325667,0.21319265764770212,353.0,0.37819163462424754,1.0327165097932236,17.86591598508596,5.061166001440782,65.72293272400606,315.63430891303494,295.005621604902,19.979205117577603,25.91403328511408,0.7049528908162239,356.2225036621094,345.3005065917969,352.45001220703125,975102853.2606506,1765,0.9128905558383416,,352.16,2026-09-22 16:08:05-04:00,47.80889008333334,after_hours,-0.23796033994333277,277689.0,354.47,352.16,2026-09-22 16:03:19-04:00,"Vendor latest observation, no executable bid/ask or overnight-session venue feed; after-hours bar volumes and extremes may include late regular-session batches and are not reliable liquidity/support measures",11805,426,0.08750529436679373,"[0.07745910058678607, 0.09845392380394231]",0.030004435229932715,2.0914511810173657
CDNA,True,0.05486755633052542,0.007143541050286084,0.06635015709806748,0.19376089887933148,0.08624893483760097,0.01402418604360246,0.09357797015804571,0.2271171525647459,0.07055824558406319,0.010583863546944272,0.0799640636280566,0.2104390257220387,56.4900016784668,3.9757036160773085,1.6569389757043458,2.171201407145688,3.843514502803281,76.03696075144894,51.433685756082085,45.65552280589693,12.991491155551515,18.92631932308799,0.9003325501169755,56.790000915527344,53.779998779296875,55.15999984741211,55952605.523548126,2513,0.5310660792118505,,57.0,2026-09-22 16:46:09-04:00,9.746758166666666,after_hours,0.902811659373004,,57.0,55.38,2026-09-22 16:00:01-04:00,"Vendor latest observation, no executable bid/ask or overnight-session venue feed; after-hours bar volumes and extremes may include late regular-session batches and are not reliable liquidity/support measures",11928,426,0.0863514419852448,"[0.07617254376729457, 0.09709941468129561]",0.03138137850707556,2.328810171983014
SOFI,True,0.05964941432810368,0.008091605370878585,0.07519050509050253,0.18630949901937188,0.08077215520227238,0.01279777645430797,0.1065184790356428,0.22645513284426338,0.07021078476518802,0.010444690912593278,0.09085449206307267,0.20638231593181763,17.15999984741211,1.1196260562491345,2.4579148109682056,0.7338434124096943,4.27647680032098,45.92835241850794,17.463917121666572,17.62483851584422,-11.855880455136624,-5.921052287600148,0.16230439688832524,17.959999084472656,17.0049991607666,19.4950008392334,704735931.9510746,1436,4.6620002574253805,,17.1808,2026-09-22 16:53:47-04:00,2.11208535,after_hours,0.1212130114967902,2799674.0,17.2,17.16,2026-09-22 16:00:00-04:00,"Vendor latest observation, no executable bid/ask or overnight-session venue feed; after-hours bar volumes and extremes may include late regular-session batches and are not reliable liquidity/support measures",11987,426,0.08559272545257363,"[0.0755381092270094, 0.09619060302296384]",0.021122740874168697,-0.4141445833198953
PANW,True,0.051036077475115564,0.006764436300171468,0.06709306017657156,0.1775720790329735,0.08364246761412485,0.010055275941255735,0.10824044672954296,0.2233059534959468,0.0673392725446202,0.008409856120713603,0.08766675345305726,0.20043901626446015,374.57000732421875,0.755863321707273,1.1243923632062949,18.572934360735594,4.958468109449914,56.87912194558975,360.22886025292934,346.6353192155291,0.810687318199621,6.745515485736098,0.7669230736467291,377.9100036621094,363.5799865722656,387.3299865722656,2511301185.721283,2513,0.8916881417575961,,374.12,2026-09-22 16:53:03-04:00,2.8425403,after_hours,-0.12013971098044918,590047.0,374.95,371.44,2026-09-22 16:00:00-04:00,"Vendor latest observation, no executable bid/ask or overnight-session venue feed; after-hours bar volumes and extremes may include late regular-session batches and are not reliable liquidity/support measures",12522,426,0.08073790129372305,"[0.07083776160546501, 0.09092780936238519]",0.03260639013900928,0.7721530046220129
UPST,True,0.05514590878295678,0.00710811596644213,0.07638379402526527,0.1600601208325819,0.0793258903182158,0.012851352703470476,0.10587217887024297,0.17720018336729768,0.06723589955058629,0.009979734334956303,0.09112798644775412,0.16863015209993978,25.969999313354492,1.5246262346037431,1.0059512125056855,1.2550920660181306,4.832853674249916,42.49279201476324,26.72815790658659,28.307232977763977,-19.049582788948506,-13.114754621412029,0.41284292898714553,26.610000610351562,25.520000457763672,31.799999237060547,107518233.47002983,1447,2.4643870385778754,,25.982,2026-09-22 16:52:40-04:00,3.228908416666667,after_hours,0.04620980732692459,357524.0,26.0165,25.75,2026-09-22 16:00:00-04:00,"Vendor latest observation, no executable bid/ask or overnight-session venue feed; after-hours bar volumes and extremes may include late regular-session batches and are not reliable liquidity/support measures",12528,426,0.08061941251596424,"[0.07075095338831472, 0.09082146998770593]",0.024179981535259014,-0.6040661189401098
RNG,True,0.052796430668062236,0.006820015343030255,0.06483251766701206,0.19683407667191125,0.07969184603714015,0.014460931395373406,0.08967063293427771,0.20026307053369113,0.06624413835260119,0.01064047336920183,0.07725157530064489,0.1985485736028012,79.7300033569336,3.1435966484357314,1.684101536862831,3.34847605579187,4.199769114271177,70.73438839549692,71.4268992535808,63.5464511115423,12.923253497009025,18.8580816645455,0.933994379928893,79.93000030517578,76.9000015258789,77.94999694824219,104164466.44248962,2513,0.25084276912274994,,79.98,2026-09-22 16:32:39-04:00,23.24389731666667,after_hours,0.3135540355457378,268965.0,79.98,78.7752,2026-09-22 16:00:03-04:00,"Vendor latest observation, no executable bid/ask or overnight-session venue feed; after-hours bar volumes and extremes may include late regular-session batches and are not reliable liquidity/support measures",12752,426,0.07896800501882058,"[0.0693061353937684, 0.08900017272619123]",0.026895415369077913,2.4796665602523533
DDOG,True,0.05047475561253081,0.006291883824576706,0.06924471901688424,0.16742128617087745,0.07435748614112038,0.009678176373550085,0.10201670178039177,0.18340106416919266,0.06241612087682559,0.007985030099063395,0.08563071039863801,0.17541117517003507,247.47500610351562,0.9895951934534741,0.7675810141422824,11.942157643485404,4.825601514881932,58.09770962330114,232.68410712194037,234.58605534633585,3.678938683821209,9.613766851357685,0.5787200566000876,249.91000366210938,244.1300048828125,251.99000549316406,830306748.5762024,1761,0.983936760698656,,247.57,2026-09-22 16:51:42-04:00,4.192067266666666,after_hours,0.038385248668149075,341876.0,250.0,247.0,2026-09-22 16:00:00-04:00,"Vendor latest observation, no executable bid/ask or overnight-session venue feed; after-hours bar volumes and extremes may include late regular-session batches and are not reliable liquidity/support measures",13535,426,0.07181381603250832,"[0.06266648476122202, 0.0812778205001273]",0.023882730528589573,1.238544944986878
VERA,True,0.050229257595516726,0.006534896044043516,0.06661983106468608,0.1477956611780005,0.07261586914916435,0.010997697989717222,0.09641270747812852,0.15121080306286921,0.06142256337234053,0.00876629701688037,0.0815162692714073,0.14950323212043487,36.2599983215332,5.868608238053152,0.7265101405059685,2.0905568596216813,5.765463200201508,57.544964839966404,34.19960509422353,34.56073108604508,1.5977845515597222,7.532612719096199,0.8911557917609527,36.5,34.29499816894531,37.13999938964844,93114535.14427185,1345,0.6618910357871322,,36.0,2026-09-22 16:38:18-04:00,17.59722575,after_hours,-0.7170389784017184,144158.0,36.5,36.0,2026-09-22 16:00:00-04:00,"Vendor latest observation, no executable bid/ask or overnight-session venue feed; after-hours bar volumes and extremes may include late regular-session batches and are not reliable liquidity/support measures",13799,426,0.07022247988984709,"[0.06107575166769009, 0.07966782552883712]",0.02238661155364762,0.9855714843759547
S,True,0.04593793902775742,0.005736287432103628,0.06311194758261643,0.1630409153630994,0.07631019267085727,0.010012240717889628,0.09881893559530436,0.191756680339534,0.061124065849307345,0.007874264074996628,0.0809654415889604,0.17739879785131668,23.850000381469727,0.21008884879003542,0.7944740858602921,1.1740426099709846,4.922610445252478,63.58800357481187,21.85740184591544,20.624833859602024,8.618489464830038,14.553317632366515,0.573333740234375,24.170000076293945,23.420000076293945,24.2549991607666,207988012.457695,1313,1.3417177765449484,,23.83,2026-09-22 16:38:37-04:00,17.27618055,after_hours,-0.08385904046050996,949587.0,23.9,23.8022,2026-09-22 16:00:02-04:00,"Vendor latest observation, no executable bid/ask or overnight-session venue feed; after-hours bar volumes and extremes may include late regular-session batches and are not reliable liquidity/support measures",13854,426,0.06958279197343728,"[0.06053386587781124, 0.07883497186216655]",0.030372253643099853,1.6972114288113713
ORCL,True,0.046955551173145,0.006161713104103154,0.06723137680989416,0.16250806694847889,0.07089685993486149,0.010447747658977477,0.10167915362057639,0.18353538139031328,0.05892620555400324,0.008304730381540316,0.08445526521523528,0.1730217241693961,149.1999969482422,0.4308019656475981,1.009706528298324,7.207566489752642,4.83080873805444,51.071750724870355,148.51064577775196,149.0623769018745,-1.196323327517046,4.738504840019431,0.1199981689453125,153.60000610351562,148.60000610351562,170.6999969482422,4567205417.723312,2513,2.9490678587613006,,149.131,2026-09-22 16:53:13-04:00,2.674616,after_hours,-0.04624460432537392,30299668.0,149.5,148.85,2026-09-22 16:04:29-04:00,"Vendor latest observation, no executable bid/ask or overnight-session venue feed; after-hours bar volumes and extremes may include late regular-session batches and are not reliable liquidity/support measures",14361,426,0.0652461527748764,"[0.05661046184287674, 0.07404895718431057]",0.023941308761716483,0.09564270707322807
ZS,True,0.04654313362271103,0.0058750283308649474,0.061535478834673855,0.15681727870667034,0.07035288519066,0.00992280647549873,0.09359457760142646,0.15855076441626662,0.058448009406685514,0.007898917403181839,0.07756502821805016,0.1576840215614685,210.17999267578125,1.4724992618497357,0.7952705138344255,9.876421911664039,4.699030476653968,68.84375234346905,185.65157432110027,173.14445298757963,13.444926228877275,19.37975439641375,0.9324901390090687,210.72999572753906,202.58299255371094,207.75,660547015.7324219,2141,0.26168192545625857,,210.22,2026-09-22 16:51:19-04:00,4.576031883333333,after_hours,0.019034791898797643,590491.0,211.02,209.0,2026-09-22 16:00:00-04:00,"Vendor latest observation, no executable bid/ask or overnight-session venue feed; after-hours bar volumes and extremes may include late regular-session batches and are not reliable liquidity/support measures",14445,426,0.06396677050882658,"[0.05550387993853261, 0.07245031297306542]",0.023809751567948977,2.4835328597812287
AFRM,True,0.047101328509938346,0.005800140666128209,0.0688360763154318,0.15019352021203233,0.06883379455769069,0.010370427329859263,0.09888846205319977,0.16633086380887616,0.05796756153381452,0.008085283997993735,0.08386226918431579,0.15826219201045424,71.7699966430664,1.0133618020875979,0.8349700140210474,3.4915359877963286,4.864896406726586,47.150524818052894,72.44990763560186,73.39861025173965,-12.581551363308153,-6.646723195771676,0.38931128770649576,73.37000274658203,70.75,90.44000244140625,442839647.7166748,1429,2.229352345483493,,71.8958,2026-09-22 16:25:00-04:00,30.895274416666666,after_hours,0.1752868368647853,,71.8958,71.669,2026-09-22 16:00:01-04:00,"Vendor latest observation, no executable bid/ask or overnight-session venue feed; after-hours bar volumes and extremes may include late regular-session batches and are not reliable liquidity/support measures",14550,426,0.06288659793814433,"[0.05459868424573132, 0.07120940086958429]",0.021732466047752343,-0.19473119993947932
KGS,True,0.04511130877560411,0.006363626682597589,0.06559104159259736,0.15981054305995254,0.06953470392582681,0.01137543917128644,0.09999154223150014,0.177008969244788,0.05732300635071546,0.008869532926942014,0.08279129191204876,0.16840975615237028,54.689998626708984,-2.756050863261761,1.0184565137228045,2.758084230130517,5.043123604657671,36.812535343853725,59.39731929410273,61.13336895256624,-13.521853607403045,-7.587025439866569,0.04596349883878133,57.599998474121094,54.549800872802734,65.16999816894531,113229720.35661697,811,5.320899470622686,,54.69,2026-09-22 16:13:45-04:00,42.13975128333333,after_hours,2.511045993358607e-06,555513.0,54.69,54.68,2026-09-22 16:00:02-04:00,"Vendor latest observation, no executable bid/ask or overnight-session venue feed; after-hours bar volumes and extremes may include late regular-session batches and are not reliable liquidity/support measures",14709,426,0.0617988986334897,"[0.05382679704633226, 0.06997087422775033]",0.024423395150222696,-1.7067356449701272
SNOW,True,0.040387657936264816,0.0052266204363349425,0.059958880608269496,0.15615532928453796,0.06846650040515621,0.009724997495148466,0.09537789800892472,0.20361295399515034,0.05442707917071052,0.007475808965741704,0.07766838930859711,0.17988414163984415,336.5899963378906,-0.8250149355299441,0.8897516294197843,15.40826613013611,4.577755220826083,55.41572850707328,329.91903702036836,309.8400035920065,-1.656372993479538,4.278455174056939,0.22194782462967963,346.79119873046875,333.67999267578125,384.55999755859375,1846431524.1407776,1511,3.030750320439557,,336.3275,2026-09-22 16:51:34-04:00,4.325253133333334,after_hours,-0.07798696953166262,319086.0,337.3492,336.2894,2026-09-22 16:00:03-04:00,"Vendor latest observation, no executable bid/ask or overnight-session venue feed; after-hours bar volumes and extremes may include late regular-session batches and are not reliable liquidity/support measures",15289,426,0.057492314736084765,"[0.05000200546801252, 0.06518936932248823]",0.028078842468891398,0.4329467872102059
PLTR,True,0.04170587211762246,0.005507760709292496,0.060571005097321,0.14664476654915445,0.06494815890476471,0.01046292282597967,0.09035454814726651,0.15517509490044476,0.053327015511193586,0.007985341767636083,0.07546277662229375,0.1509099307247996,184.99000549316406,1.0377460228722768,0.7813526264430181,6.7928064402880155,3.671985641699454,62.47361240756932,174.73043385382675,164.15203934881163,-0.7611365789905955,5.173691588545881,0.8433080758680351,185.5399932861328,182.02999877929688,188.3699951171875,4925763139.859009,1501,0.29730676070987005,,185.0774,2026-09-22 16:53:47-04:00,2.10779065,after_hours,0.047242826228899304,,185.2,184.7512,2026-09-22 16:00:00-04:00,"Vendor latest observation, no executable bid/ask or overnight-session venue feed; after-hours bar volumes and extremes may include late regular-session batches and are not reliable liquidity/support measures",15491,426,0.056290749467432705,"[0.04893628931549402, 0.06375957515736524]",0.023242286787142255,1.5103583076485105
GEV,True,0.04220658541809815,0.005635518611102905,0.06218352744372501,0.14721950373668305,0.061594516362486515,0.009875095339299127,0.09030571635878915,0.15254810790277765,0.05190055089029233,0.007755306975201016,0.07624462190125708,0.14988380581973035,950.280029296875,0.4290818963304188,0.90753633426213,39.540388311741246,4.160919633447175,50.37815363119902,940.5885237060867,967.7704033327256,-5.066549436730861,0.8682787308056161,0.6750013095235384,958.989990234375,932.1900024414062,983.3400268554688,2122601961.643982,624,0.9165678188506776,,950.28,2026-09-22 16:53:27-04:00,2.4391587333333336,after_hours,-3.0829728214776253e-06,166333.0,950.75,948.8529,2026-09-22 16:00:03-04:00,"Vendor latest observation, no executable bid/ask or overnight-session venue feed; after-hours bar volumes and extremes may include late regular-session batches and are not reliable liquidity/support measures",15820,426,0.05404551201011378,"[0.046871178943366204, 0.06148920236035245]",0.019387930944388364,0.24510395584330916
CRM,True,0.034075592290826726,0.005429551022695664,0.05116166941887495,0.1094348756456015,0.0675056759139803,0.011509018038769973,0.08538704715965452,0.15452166695158986,0.05079063410240351,0.00846928453073282,0.06827435828926473,0.13197827129859568,233.27999877929688,-1.328144579125068,0.7049906125368018,9.547883849169343,4.092885759229822,50.25563959786865,238.22339394568365,217.96088550107234,5.8466690217012784,11.781497189237754,0.2751785133027351,242.4199981689453,229.80999755859375,268.2699890136719,4158529496.4416504,2513,3.918038167642335,,233.28,2026-09-22 16:53:19-04:00,2.574940066666667,after_hours,5.232780875275012e-07,1098901.0,233.64,232.4451,2026-09-22 16:00:03-04:00,"Vendor latest observation, no executable bid/ask or overnight-session venue feed; after-hours bar volumes and extremes may include late regular-session batches and are not reliable liquidity/support measures",16039,426,0.05162416609514309,"[0.044716551332717194, 0.0590023613175276]",0.03343008362315357,-0.5177477276094901
NOW,True,0.0338359552001055,0.004639463595116352,0.0518799356954902,0.11870269442307606,0.058581753255810776,0.010547842868991906,0.07847098614501351,0.1464526331854726,0.04620885422795814,0.007593653232054129,0.06517546092025185,0.13257766380427433,137.0,-0.4938936025240426,0.8008456989288711,6.245726801956699,4.558924672961094,54.191862433425754,135.41591764750032,126.86175105992183,1.0546265258965182,6.989454693432995,0.25547422492103306,142.10000610351562,135.25,149.60000610351562,2157699840.336609,2513,3.722632192347164,,137.0,2026-09-22 16:53:18-04:00,2.5917639833333337,after_hours,0.0,917188.0,137.27,136.8,2026-09-22 16:00:03-04:00,"Vendor latest observation, no executable bid/ask or overnight-session venue feed; after-hours bar volumes and extremes may include late regular-session batches and are not reliable liquidity/support measures",16599,426,0.044038797517922765,"[0.037990509680674765, 0.050431551835877345]",0.024745798055705273,0.25362658385944886
DUOL,True,0.03287510624046498,0.004411089095371565,0.0511533226653648,0.11324379744744086,0.05868724882653148,0.01175365410353564,0.07100695822925301,0.13039892136848438,0.04578117753349823,0.008082371599453603,0.0610801404473089,0.12182135940796263,147.7100067138672,-1.144419405724184,0.6945286122413644,7.626970902018366,5.163476105442717,52.008296896517024,146.74947652153142,140.50652345672316,-5.342339473941982,0.5924886935944951,0.36924998547609367,152.67999267578125,144.80050659179688,167.3800048828125,172422155.86845398,1294,3.36469144676268,,147.0,2026-09-22 16:37:03-04:00,18.846139016666665,after_hours,-0.48067610967112984,,148.96,146.09,2026-09-22 16:00:01-04:00,"Vendor latest observation, no executable bid/ask or overnight-session venue feed; after-hours bar volumes and extremes may include late regular-session batches and are not reliable liquidity/support measures",16614,426,0.04321656434332491,"[0.037288398815187, 0.04962949744097003]",0.025812142586066497,0.12593862028260486
KBH,True,0.04013417830250789,0.005571239377990731,0.05955673867169249,0.13279057415875048,0.049373640031232756,0.010882350657046864,0.07125716677636619,0.1234766606049069,0.044753909166870325,0.008226795017518797,0.06540695272402934,0.12813361738182868,48.59000015258789,1.5252810967963937,2.2515539996446274,1.734044938483691,3.568727995551027,38.14030816241397,50.57881594948619,52.823320003689126,-18.605567409802116,-12.670739242265638,0.2103666762809479,49.8849983215332,48.244998931884766,57.18000030517578,66374539.13034439,2513,2.665153663055375,,49.4,2026-09-22 16:53:07-04:00,2.78133715,after_hours,1.6670093535057662,2742949.0,50.5,47.2,2026-09-22 16:02:43-04:00,"Vendor latest observation, no executable bid/ask or overnight-session venue feed; after-hours bar volumes and extremes may include late regular-session batches and are not reliable liquidity/support measures",16609,426,0.04238665783611295,"[0.03659794063236084, 0.048687734776347316]",0.009239461728724863,-1.1469228696214704
QCOM,True,0.036957124106747466,0.0042126690274055184,0.05489262332439975,0.13066059320669424,0.051534873532894536,0.008714340773766205,0.07567944483912344,0.12000254939021318,0.044245998819821,0.006463504900585861,0.06528603408176159,0.1253315712984537,198.27000427246094,2.0800126827933862,0.7865630618927257,8.81968402891749,4.448319886450174,67.9866500755356,178.75126686732443,175.0189078125468,19.813675463919587,25.748503631456067,0.8825112454773624,199.14999389648438,191.66000366210938,195.30999755859375,2550667297.370453,2513,0.44383396633924654,,198.01,2026-09-22 16:53:00-04:00,2.887035683333333,after_hours,-0.13113646384131927,2183062.0,198.8,190.471,2026-09-22 16:00:00-04:00,"Vendor latest observation, no executable bid/ask or overnight-session venue feed; after-hours bar volumes and extremes may include late regular-session batches and are not reliable liquidity/support measures",16585,426,0.0415435634609587,"[0.035864204358349576, 0.04771563231069697]",0.01457774942614707,2.213088058612934
SE,True,0.034534231043491265,0.00487347036640092,0.05642797560764339,0.11266886831744828,0.05383099631680224,0.010219827293977655,0.07763957119750946,0.1260754607965056,0.044182613680146754,0.007546648830189288,0.06703377340257642,0.11937216455697694,103.66999816894531,0.99366451817271,0.7603817042299353,4.018651829416633,3.8763884444829033,40.360145882038765,108.15232728725312,108.55595601267707,-16.316918506875034,-10.382090339338557,0.43790764934676374,105.38999938964844,102.33000183105469,123.7300033569336,393703281.6881943,2241,1.6591118463223475,,103.67,2026-09-22 16:34:30-04:00,21.399109266666667,after_hours,1.7662339368840207e-06,296729.0,104.4,103.46,2026-09-22 16:00:03-04:00,"Vendor latest observation, no executable bid/ask or overnight-session venue feed; after-hours bar volumes and extremes may include late regular-session batches and are not reliable liquidity/support measures",16581,426,0.041493275435739704,"[0.03580095514366241, 0.04771457691381619]",0.01929676527331098,-1.1153813041222034
WDAY,True,0.03095374921178371,0.004243874389504075,0.05077395667042324,0.12419363468560127,0.05354156846464624,0.011067797705123462,0.07290852675765865,0.14499110262139192,0.04224765883821498,0.007655836047313768,0.06184124171404094,0.1345923686534966,188.22999572753906,-1.9226774054874607,0.5352980935288341,8.685989943206186,4.614562046624633,49.596275956737166,190.9732063333844,179.12527109620817,-11.418131458332148,-5.483303290795671,0.05495631184496542,197.0,187.72000122070312,211.8300018310547,721771505.5409241,2513,4.659195915381864,,188.23,2026-09-22 16:51:28-04:00,4.424780466666666,after_hours,2.2698087631667363e-06,460335.0,189.5,188.23,2026-09-22 16:00:00-04:00,"Vendor latest observation, no executable bid/ask or overnight-session venue feed; after-hours bar volumes and extremes may include late regular-session batches and are not reliable liquidity/support measures",16433,426,0.03876346376194243,"[0.0334121498633019, 0.0445965307526756]",0.02258781925286253,-0.31582014528936586
ASML,True,0.03373523089216346,0.004346017587828348,0.05440895760364343,0.11854419786162716,0.046355285786081106,0.00905128835478659,0.07349553853637504,0.11546160285614011,0.040045258339122286,0.00669865297130747,0.06395224807000924,0.11700290035888364,1747.9000244140625,2.1375358946947642,0.9207168655778895,55.083614602145545,3.151416776289072,55.393556855664116,1690.5320600752812,1706.2870179919043,-5.488308682817089,0.4465194847193876,0.9675161593063064,1749.699951171875,1694.2900390625,1790.0,2138314818.8983154,2513,0.10297652798625379,,1744.0,2026-09-22 16:53:40-04:00,2.2205393333333334,after_hours,-0.22312628637727316,656.0,1749.5,1739.01,2026-09-22 16:00:01-04:00,"Vendor latest observation, no executable bid/ask or overnight-session venue feed; after-hours bar volumes and extremes may include late regular-session batches and are not reliable liquidity/support measures",16144,426,0.037041625371655104,"[0.0317998365329644, 0.042635293491350056]",0.012620054893917647,1.0414705852754047
ETN,True,0.03167146307657133,0.003993536951463129,0.05134041776437413,0.11604297763017804,0.04602102830354705,0.008785929961976023,0.0718973382379557,0.11105725727439283,0.03884624569005919,0.006389733456719576,0.06161887800116492,0.11355011745228544,442.489990234375,1.6213852231925951,0.8989551797355366,15.049025802186458,3.40098671931887,60.51470805388247,416.10825123268495,414.65659227684097,2.340791695779254,8.27561986331573,0.8923989046180172,443.5799865722656,433.45001220703125,438.260009765625,850621524.1633606,2513,0.2463324282913737,,442.49,2026-09-22 16:05:00-04:00,50.88930623333333,after_hours,2.2069708283112277e-06,363456.0,443.58,442.49,2026-09-22 16:00:03-04:00,"Vendor latest observation, no executable bid/ask or overnight-session venue feed; after-hours bar volumes and extremes may include late regular-session batches and are not reliable liquidity/support measures",15961,426,0.03583735354927636,"[0.030700167136625902, 0.04127924887380229]",0.014349565226975718,1.753052944985786
THO,True,0.03217475401331744,0.004545310277595243,0.049874029795376286,0.09902861705544229,0.043138399123046324,0.00987164320709346,0.06187333704435316,0.1006779471300228,0.03765657656818188,0.007208476742344351,0.05587368341986472,0.09985328209273255,73.80000305175781,5.519016979711089,1.9613935255437531,2.672693392051959,3.621535611831251,49.70198255730905,73.19017467640151,75.16431462855707,-13.011125380780463,-7.076297213243987,0.8128548785570784,74.79000091552734,69.5,80.41000366210938,51833066.53129578,2513,1.3414604645411998,,74.744,2026-09-22 16:10:51-04:00,45.04753778333334,after_hours,1.2791286032605376,166507.0,75.24,73.75,2026-09-22 16:00:02-04:00,"Vendor latest observation, no executable bid/ask or overnight-session venue feed; after-hours bar volumes and extremes may include late regular-session batches and are not reliable liquidity/support measures",15685,426,0.03563914568058655,"[0.030508232091725245, 0.040996906947060284]",0.010963645109728887,0.2281699715986148
CEG,True,0.027820426354024437,0.003818705297759053,0.048310020032331265,0.10025833004207832,0.04291643037618017,0.008769705798658918,0.06695275507636364,0.10474589479833561,0.0353684283651023,0.006294205548208986,0.05763138755434745,0.10250211242020696,263.4599914550781,0.5150532902075122,0.8411424415721794,10.016195852729012,3.8017900924576806,43.509925398021075,271.71574474162145,272.1995907992923,-9.581100152236054,-3.6462719846995784,0.5776445862847357,266.2749938964844,259.6099853515625,305.79998779296875,791300337.3183441,1173,1.0684743538702524,,264.07,2026-09-22 16:53:46-04:00,2.1227891333333333,after_hours,0.23153744959636402,,264.2,263.45,2026-09-22 16:00:01-04:00,"Vendor latest observation, no executable bid/ask or overnight-session venue feed; after-hours bar volumes and extremes may include late regular-session batches and are not reliable liquidity/support measures",15028,426,0.03353739685919617,"[0.02868439102612818, 0.038570075325236645]",0.015096004022155732,-0.8242404010394787
AVGO,True,0.028654712606037615,0.003700203383663435,0.049691890234871965,0.1042276170825429,0.039002651380251004,0.008321211781221879,0.06494825976766755,0.09546654980803355,0.03382868199314431,0.006010707582442657,0.05732007500126976,0.09984708344528823,364.5400085449219,0.5183932233575161,0.7491861966962695,11.723067054897657,3.215851972377686,50.1258099276751,360.84398283191337,372.3828433545051,-4.1386940397353245,1.7961341278011522,0.7241344474143918,366.5400085449219,359.29010009765625,376.5899963378906,9758706590.732574,2513,0.5486366250944785,,364.63,2026-09-22 16:53:40-04:00,2.2166110166666666,after_hours,0.024686304100707268,2087918.0,364.88,344.7833,2026-09-22 16:00:01-04:00,"Vendor latest observation, no executable bid/ask or overnight-session venue feed; after-hours bar volumes and extremes may include late regular-session batches and are not reliable liquidity/support measures",14611,426,0.0320991034152351,"[0.027257972009090435, 0.03706584772698102]",0.010347938774213389,0.3152780493108573
BILI,True,0.02569587127632631,0.0037145575451426544,0.04718912880452593,0.07964142241911701,0.041948784960524024,0.009467746434033527,0.06605046864207413,0.08786532877699578,0.03382232811842517,0.00659115198958809,0.05661979872330003,0.0837533755980564,15.289999961853027,0.7246354049132764,0.552441553556394,0.5270777408193508,3.447205638550395,42.64528904554776,15.700873239666182,16.708164876761852,-13.268161732063588,-7.333333564527111,0.35616492043999687,15.524999618530273,15.15999984741211,17.1299991607666,62239501.62428856,2133,1.5369500148040949,,15.2032,2026-09-22 16:50:20-04:00,5.565618883333333,after_hours,-0.5676910534308965,,15.29,15.1629,2026-09-22 16:00:01-04:00,"Vendor latest observation, no executable bid/ask or overnight-session venue feed; after-hours bar volumes and extremes may include late regular-session batches and are not reliable liquidity/support measures",14611,426,0.0320991034152351,"[0.027257972009090435, 0.03706584772698102]",0.016252913684197713,-0.7795306953665796
VST,True,0.028355523215378053,0.0038235524927177585,0.04900429743376454,0.10228910091089594,0.03896664230021008,0.00864528115725158,0.06433528911230768,0.09891290594594443,0.033661082757794066,0.006234416824984669,0.05666979327303611,0.10060100342842018,140.41000366210938,-0.26281795737727043,1.0239773758386435,4.764654623595989,3.3933868665525604,45.05632802406746,142.86701381328598,145.7247238667781,-2.263927573828317,3.6709005937081596,0.155304453371095,142.63999938964844,140.0,154.89999389648438,626923439.4861603,2504,1.588202883966483,,140.41,2026-09-22 16:53:18-04:00,2.5896124666666664,after_hours,-2.6081541815159426e-06,767535.0,141.0,140.41,2026-09-22 16:00:03-04:00,"Vendor latest observation, no executable bid/ask or overnight-session venue feed; after-hours bar volumes and extremes may include late regular-session batches and are not reliable liquidity/support measures",14563,426,0.031998901325276385,"[0.02718132273190605, 0.03699247981590905]",0.010611119084832029,-0.5156743447906502
BABA,True,0.026712656610684896,0.003683302975048172,0.0464371892332449,0.09253109040163189,0.03546697509998,0.008988509352481676,0.05871905084115533,0.10037643876677144,0.03108981585533245,0.006335906163764924,0.05257812003720011,0.09645376458420166,116.30999755859375,0.4837991866900593,1.3613093434544787,3.2626576678912085,2.805139486180087,53.70514943520766,113.6688749972618,116.12397088186358,-7.758077631411641,-1.823249463875165,0.057603633979252986,120.4000015258789,116.05999755859375,121.4000015258789,1144925821.430664,2513,3.5164681051813584,,116.5,2026-09-22 16:50:35-04:00,5.31530645,after_hours,0.16335864963845648,13495502.0,116.6,116.2,2026-09-22 16:03:40-04:00,"Vendor latest observation, no executable bid/ask or overnight-session venue feed; after-hours bar volumes and extremes may include late regular-session batches and are not reliable liquidity/support measures",13802,425,0.029995652803941456,"[0.025361802271358414, 0.03490663758277377]",0.008754318489295105,0.8095003614151839
TSM,True,0.026643203995395458,0.003322585505769922,0.045230092370281014,0.10036974030664898,0.03412635583436687,0.008031341960915787,0.05628033380190906,0.0862229611779171,0.030384779914881165,0.0056769637333428545,0.05075521308609504,0.09329635074228304,452.0,1.5410848555100998,1.100316924306211,10.930754074072253,2.4183084234673125,64.60454107888727,427.495626217112,421.6984867264347,4.572484602219462,10.507312769755938,0.9246570689520027,452.8800048828125,441.20001220703125,445.7200012207031,4183531534.6803284,2513,0.1946913457549826,,449.4085,2026-09-22 16:51:41-04:00,4.200859716666667,after_hours,-0.573340707964598,1651969.0,452.6,448.0,2026-09-22 16:00:02-04:00,"Vendor latest observation, no executable bid/ask or overnight-session venue feed; after-hours bar volumes and extremes may include late regular-session batches and are not reliable liquidity/support measures",13565,425,0.029266494655363066,"[0.02464772684202323, 0.034185160614862056]",0.0074831518389714136,2.241782553777547
NVDA,True,0.022533522344085778,0.00297993867794145,0.04174158658289103,0.08649660327801707,0.035896961530796336,0.007974831809739914,0.0592100434747221,0.08791338705159778,0.029215241937441058,0.005477385243840682,0.05047581502880656,0.08720499516480743,228.8699951171875,0.6552863938686704,0.6800517615037291,6.234199577375088,2.723904273333432,59.51297441982008,220.15603011735394,215.9518240924386,3.9683245601737527,9.903152727710228,0.6810339157696271,229.97999572753906,226.5,234.75999450683594,29758307086.525116,2513,0.4849917569068829,,228.1987,2026-09-22 16:53:45-04:00,2.1331021333333333,after_hours,-0.2933084858256607,3735.0,228.95,227.8,2026-09-22 16:00:00-04:00,"Vendor latest observation, no executable bid/ask or overnight-session venue feed; after-hours bar volumes and extremes may include late regular-session batches and are not reliable liquidity/support measures",13196,425,0.02849348287359806,"[0.024103452993069027, 0.03323379593993239]",0.013363439186710558,1.3977680521262015
AZO,True,0.024633133451079394,0.003604720783862138,0.041805637979442006,0.08601900290699911,0.030827711874505684,0.009654496989409983,0.045540580444077494,0.07478916012593688,0.02773042266279254,0.00662960888663606,0.04367310921175975,0.080404081516468,2894.72998046875,3.2633543375992113,2.339664232477603,79.02323196261787,2.7298999387093597,46.313712839417775,2913.9070518508506,2986.930975177429,-9.746499547291554,-3.811671379755077,0.3259134957857044,2998.0,2844.800048828125,3046.469970703125,970762300.6115723,2513,3.567518222011401,,2894.73,2026-09-22 16:53:25-04:00,2.4807145999999998,after_hours,6.747175040899833e-07,58915.0,2917.5,2888.44,2026-09-22 16:00:03-04:00,"Vendor latest observation, no executable bid/ask or overnight-session venue feed; after-hours bar volumes and extremes may include late regular-session batches and are not reliable liquidity/support measures",12750,425,0.027529411764705882,"[0.02323533318207486, 0.03221767821426858]",0.00619457842342629,-0.24267637384373725
FERG,True,0.022191821407920243,0.0029015989325490536,0.04261754122920692,0.07862793018779257,0.02813665580222211,0.008019091415599403,0.049079803495463446,0.06467723338507371,0.02516423860507118,0.005460345174074228,0.04584867236233518,0.07165258178643313,221.1699981689453,2.327194778153485,0.7987891873280707,5.79996488678565,2.6224012907732748,44.42836169913693,223.1746951745808,229.30769981984136,-12.397081911037944,-6.462253743501467,0.8678248965090127,221.6649932861328,217.9199981689453,243.67999267578125,310761260.4699707,2513,0.2238075332484213,,221.17,2026-09-22 16:53:26-04:00,2.4645122666666666,after_hours,8.278946861395298e-07,232973.0,221.17,221.17,2026-09-22 16:00:02-04:00,"Vendor latest observation, no executable bid/ask or overnight-session venue feed; after-hours bar volumes and extremes may include late regular-session batches and are not reliable liquidity/support measures",11961,425,0.02583396037120642,"[0.021672733166347154, 0.030530861213857022]",0.0059448343943018685,-0.34563950726716974
NKE,True,0.020055334924104048,0.002798141234081474,0.040406251184891516,0.0736850477436846,0.028378799818500104,0.009425276708232776,0.04562253702469738,0.06594394663496694,0.024217067371302074,0.006111708971157125,0.04301439410479445,0.06981449718932578,36.099998474121094,0.0,0.983828447456926,0.9943113082319387,2.754325069971202,37.48693483315424,37.39164886319288,39.32232635734977,-16.406124038897573,-10.471295871361097,0.14603809477355315,37.03499984741211,35.940101623535156,41.34000015258789,1192171710.6724548,2513,2.590031614437005,,36.14,2026-09-22 16:53:18-04:00,2.5984739,after_hours,0.11080755559471633,5543542.0,36.1632,36.05,2026-09-22 16:00:03-04:00,"Vendor latest observation, no executable bid/ask or overnight-session venue feed; after-hours bar volumes and extremes may include late regular-session batches and are not reliable liquidity/support measures",11678,425,0.025346805959924643,"[0.021147442673605465, 0.030076591406580987]",0.008323464894396056,-1.2990402285261808
PDD,True,0.01963869413213435,0.0027231560980139056,0.038918733077984484,0.06915725397410745,0.02662098027683117,0.008471136550590822,0.043198533620605016,0.060670192797022564,0.02312983720448276,0.0055971463243023635,0.04105863334929475,0.064913723385565,80.3499984741211,1.3240799268039893,0.9246160569735512,1.9692276815858258,2.4508123447196697,44.6249867404232,81.05078255095917,83.72520756179456,-13.65275770039094,-7.717929532854462,0.7220311279618892,80.76000213623047,79.28500366210938,91.9000015258789,610203472.3862839,2050,0.5102721467274529,,80.31,2026-09-22 16:53:25-04:00,2.482123983333333,after_hours,-0.04978030476748829,115471.0,80.45,80.0,2026-09-22 16:00:00-04:00,"Vendor latest observation, no executable bid/ask or overnight-session venue feed; after-hours bar volumes and extremes may include late regular-session batches and are not reliable liquidity/support measures",11314,425,0.024482941488421426,"[0.020308482271742444, 0.029196320703261416]",0.006982286144696821,-0.3558674719998513
FDX,True,0.01822842812475937,0.0023587430559838182,0.03915663333724683,0.07678037921142726,0.023928707672293468,0.008000102713297683,0.04070301904806069,0.05587565955663786,0.02107856789852642,0.005179422884640751,0.039929826192653756,0.06632801938403256,295.94000244140625,0.05070958861059793,0.924636803874092,7.332639541344696,2.4777453135273593,32.93286224470737,310.9406375686995,315.09758793102077,-16.995514395352572,-11.060686227816097,0.42103664849195943,298.5,294.07830810546875,340.8299865722656,481222485.5743408,2513,0.8650393787506427,,296.3,2026-09-22 16:06:32-04:00,49.36498546666667,after_hours,0.12164545368111845,264864.0,296.3,295.94,2026-09-22 16:00:03-04:00,"Vendor latest observation, no executable bid/ask or overnight-session venue feed; after-hours bar volumes and extremes may include late regular-session batches and are not reliable liquidity/support measures",10650,425,0.022535211267605635,"[0.018516542067633177, 0.026882852150761295]",0.005700279547534097,-2.045734696586814
COST,True,0.01265449423347901,0.0016783878407208093,0.030593168169154507,0.053336092722125604,0.016033844216533116,0.007675945913598279,0.028049289224124432,0.035370393088718366,0.014344169225006063,0.004677166877159544,0.02932122869663947,0.04435324290542199,899.4099731445312,0.10350733416408797,0.943434169034687,13.778837041282321,1.531986241280885,38.548653723447416,914.514969208428,932.414140499505,-13.34578652251025,-7.410958354973774,0.4747295202382982,903.3599853515625,895.8400268554688,974.489990234375,1916355894.545288,2513,0.4391781640158188,,899.8,2026-09-22 16:53:46-04:00,2.1314906000000002,after_hours,0.043364746568808066,278.0,901.0,898.0,2026-09-22 16:00:01-04:00,"Vendor latest observation, no executable bid/ask or overnight-session venue feed; after-hours bar volumes and extremes may include late regular-session batches and are not reliable liquidity/support measures",8240,424,0.01662621359223301,"[0.013069324527412296, 0.02076202232609888]",0.003379349983054107,-1.0962460778541196
