symbol,eligible,a_hit5,a_hit10,a_close3,a_down3,b_hit5,b_hit10,b_close3,b_down3,p_hit5,p_hit10,p_close3,p_down3,close,daily_pct,volume_ratio,atr,atr_pct,rsi,ema20,ema50,rs20_qqq_pp,ret20_pct,range_position,high,low,prior_high20,adv20,history_sessions,high_close_pct,max_feature_abs,last,last_at,age_minutes,session,after_hours_change_pct,after_hours_volume,after_hours_high,after_hours_low,regular_quote_at,quote_note,evaluation_score_neighbors,evaluation_score_dates,empirical_hit5,empirical_hit5_dateblock95,model_disagreement,extension_atr
ALAB,True,0.29383346433852175,0.0458824493859328,0.21935871219329847,0.5489153257095158,0.42674541320556886,0.07752067138864285,0.19913914728260998,0.5088877758332809,0.36028943877204533,0.06170156038728783,0.20924892973795423,0.5289015507713983,340.739990234375,12.362733795342118,1.6883815344560342,23.26525033935761,6.827860247150566,60.63096102622154,293.7185134266798,302.7135574250469,15.533338330147073,19.570477164183764,0.9347948780485658,343.0,308.3399963378906,321.6499938964844,1038104700.0294495,628,0.6632651964538994,,342.8566,2026-09-21 19:59:58-04:00,97.65877323333333,after_hours,0.6211803211501943,,343.86,320.7098,2026-09-21 16:00:01-04:00,"Vendor latest observation, no executable bid/ask or overnight-session venue feed; after-hours bar volumes and extremes may include late regular-session batches and are not reliable liquidity/support measures",1006,367,0.3290258449304175,"[0.2943860226368499, 0.36660458364305765]",0.1329119488670471,2.0211034105293675
AAOI,True,0.2802508823444971,0.04343574602778926,0.215089163022211,0.5481133654912316,0.37242767773691454,0.06216895884501891,0.19261410034897453,0.4671221519990059,0.3263392800407058,0.05280235243640409,0.20385163168559278,0.5076177587451187,108.66999816894531,3.327945289470846,1.1391100093193482,8.881755186800039,8.173143771468455,49.70140684278833,106.72994424768135,115.78591256621897,-16.975771717680722,-12.93863288364403,0.7796249387349177,109.7300033569336,104.91999816894531,133.72000122070312,753307027.4206543,2512,0.9754349920392258,,111.4,2026-09-21 19:59:58-04:00,97.65981138333333,after_hours,2.512194604816731,,111.8,108.4001,2026-09-21 16:00:01-04:00,"Vendor latest observation, no executable bid/ask or overnight-session venue feed; after-hours bar volumes and extremes may include late regular-session batches and are not reliable liquidity/support measures",1284,392,0.3130841121495327,"[0.2801591607734348, 0.3468053799188266]",0.09217679539241747,0.2184313663753368
CIFR,True,0.2716554926228655,0.04171639083866981,0.19877090703609884,0.5441539329791493,0.3236166504992963,0.03264388813083832,0.2242823256958845,0.47782978078016697,0.29763607156108085,0.03718013948475407,0.21152661636599168,0.5109918568796581,18.899999618530273,3.053432177116777,1.2025840540936927,1.6590860511657837,8.778233252127439,56.138449447205204,17.04095556184688,18.137649110126528,15.84867916111068,19.88581799514737,0.6354159216078964,19.25,18.290000915527344,19.489999771118164,578638706.3752556,1486,1.851853907587242,,18.92,2026-09-21 19:59:57-04:00,97.68615256666666,after_hours,0.10582212631433663,,18.95,18.74,2026-09-21 16:00:01-04:00,"Vendor latest observation, no executable bid/ask or overnight-session venue feed; after-hours bar volumes and extremes may include late regular-session batches and are not reliable liquidity/support measures",1475,392,0.32,"[0.2865797252779575, 0.3531954171692828]",0.0519611578764308,1.1205229863617425
CRDO,True,0.23282693822522468,0.03936880989823429,0.18739001329374713,0.46961040635050916,0.34131997888566945,0.045208883573602934,0.2261013615349384,0.4564671586589382,0.2870734585554471,0.04228884673591861,0.20674568741434277,0.4630387825047237,187.27000427246094,6.46995560992778,1.3331148981215772,14.203968531040386,7.584753674899742,48.12443495481039,184.68825542718716,204.033602387715,-22.816685902737177,-18.779547068700488,0.8785662943369571,188.75999450683594,176.49000549316406,244.4600067138672,1469162274.1197205,1166,0.7956374221080198,,189.2,2026-09-21 19:59:53-04:00,97.74269318333333,after_hours,1.0305952280169173,,189.22,185.8,2026-09-21 16:00:01-04:00,"Vendor latest observation, no executable bid/ask or overnight-session venue feed; after-hours bar volumes and extremes may include late regular-session batches and are not reliable liquidity/support measures",1519,395,0.3094140882159315,"[0.27557078377755084, 0.34559177804970936]",0.10849304066044477,0.1817625010666421
UMAC,True,0.24340517756732835,0.03667524194257105,0.19426085162160234,0.5237517626759839,0.3134197042222017,0.0368927277729085,0.2073147582220248,0.5024721609011711,0.278412440894765,0.036783984857739774,0.20078780492181358,0.5131119617885775,24.25,4.61604694019484,0.752262824922774,2.0384128525655956,8.405826196146785,50.69993717945578,23.960739260622827,23.58362807461844,-15.630286007920413,-11.593147173883722,0.47572761598245983,24.790000915527344,23.760000228881836,28.010000228881836,71715067.51542091,652,2.2268078990818285,,24.26,2026-09-21 19:59:00-04:00,98.63229685,after_hours,0.04123711340207059,,24.52,24.04,2026-09-21 16:00:00-04:00,"Vendor latest observation, no executable bid/ask or overnight-session venue feed; after-hours bar volumes and extremes may include late regular-session batches and are not reliable liquidity/support measures",1598,401,0.295369211514393,"[0.2623236057753785, 0.3290301238055973]",0.07001452665487337,0.14190488399496834
NBIS,True,0.24287476067960584,0.032766961099487096,0.19590151833835512,0.5326159389279349,0.3093403414714464,0.04657176813025087,0.16534267444860623,0.43388066367294714,0.2761075510755261,0.03966936461486899,0.18062209639348067,0.48324830130044105,232.8000030517578,4.142439851365709,1.1609687863922027,17.237577221074847,7.4044574721257455,55.370094661972956,220.31614795748803,217.16668704749648,2.2011662197398696,6.2383050537765605,0.690275958711521,237.9600067138672,221.3000030517578,254.74000549316406,3297494005.3660583,480,2.216496389375977,,234.15,2026-09-21 19:59:59-04:00,97.6464755,after_hours,0.5798955887221569,,235.0,231.58,2026-09-21 16:00:00-04:00,"Vendor latest observation, no executable bid/ask or overnight-session venue feed; after-hours bar volumes and extremes may include late regular-session batches and are not reliable liquidity/support measures",1618,404,0.2954264524103832,"[0.2618838238813113, 0.3299297291403601]",0.06646558079184056,0.724223302043102
ACMR,True,0.23117751170345485,0.034904111292365016,0.18187825075236858,0.4673843096910971,0.3005584317662436,0.04493365277994479,0.18253840462800558,0.4447176081002261,0.2658679717348492,0.0399188820361549,0.18220832769018708,0.4560509588956616,72.7699966430664,6.218062142758418,1.8495551680312121,4.823165268387304,6.627958624273016,48.587813492273554,72.19090595133483,76.86844375748635,-12.398814583727235,-8.361675749690544,0.7741918723731238,73.4000015258789,70.61000061035156,83.5,60751873.520088196,2231,0.8657481268037559,,73.01,2026-09-21 19:58:26-04:00,99.19556256666667,after_hours,0.3298108671226263,,74.0,71.5,2026-09-21 16:00:01-04:00,"Vendor latest observation, no executable bid/ask or overnight-session venue feed; after-hours bar volumes and extremes may include late regular-session batches and are not reliable liquidity/support measures",1681,414,0.2778108268887567,"[0.24645453404718087, 0.30882814708314865]",0.06938092006278873,0.12006445135254652
ARM,True,0.22614120593696238,0.03211060405158335,0.1701005550586949,0.4570922877278583,0.29534381576633456,0.043273786011208605,0.17717950464056034,0.4114218251345093,0.26074251085164846,0.03769219503139598,0.17364002984962762,0.43425705643118384,322.8999938964844,17.158307412048114,3.173687530837226,18.8335264705409,5.832619023392912,69.48875557912615,261.3480198208133,265.60090310538055,28.668756356171386,32.70589519020808,0.9594591675421973,324.1600036621094,293.0799865722656,275.7799987792969,1024038053.7949371,757,0.3902167201740303,,325.01,2026-09-21 19:59:56-04:00,97.69481103333332,after_hours,0.653454984019608,,327.46,321.02,2026-09-21 16:00:01-04:00,"Vendor latest observation, no executable bid/ask or overnight-session venue feed; after-hours bar volumes and extremes may include late regular-session batches and are not reliable liquidity/support measures",1721,415,0.27019174898314935,"[0.23936185571366483, 0.3025985586539102]",0.06920260982937218,3.268212895335862
VICR,True,0.21834209790492,0.030608342030223862,0.17520652600689246,0.4706068642267428,0.29240637356754917,0.03713418927363351,0.20238273573051763,0.4807486960018103,0.2553742357362346,0.03387126565192869,0.18879463086870504,0.4756777801142765,223.89999389648438,0.5298099269548606,1.3848738599391968,15.581718064695702,6.9592311252583565,58.56856872843387,200.71172390355343,215.54721342556414,7.6114107782200735,11.648549612256765,0.0655385493837615,232.74000549316406,223.27999877929688,223.8699951171875,146386669.9938202,2512,3.9481964437956485,,250.39,2026-09-21 19:59:26-04:00,98.19435626666667,after_hours,11.831177680050642,,254.72,223.9,2026-09-21 16:00:00-04:00,"Vendor latest observation, no executable bid/ask or overnight-session venue feed; after-hours bar volumes and extremes may include late regular-session batches and are not reliable liquidity/support measures",1773,418,0.26001128031584886,"[0.22910629686725242, 0.29083743425117736]",0.07406427566262916,1.4881715800948674
SNDK,True,0.20262841144472427,0.02325027070306442,0.17521932022419978,0.50641609496505,0.2952313458217429,0.04315810598849294,0.1639329307619936,0.4723936322770004,0.24892987863323357,0.03320418834577868,0.1695761254930967,0.4894048636210252,1766.6400146484375,-1.40527131047814,0.9659547185753222,115.20846215935777,6.52133208826272,59.76565866367458,1615.2319696805184,1568.2110162056222,6.649046275094905,10.686185109131596,0.30395989761519543,1834.489990234375,1737.010009765625,1807.3800048828125,17233076660.046387,402,3.8406225956248097,,1776.3436,2026-09-21 19:59:58-04:00,97.65848418333333,after_hours,0.5492678344825919,,1807.66,1760.52,2026-09-21 16:00:00-04:00,"Vendor latest observation, no executable bid/ask or overnight-session venue feed; after-hours bar volumes and extremes may include late regular-session batches and are not reliable liquidity/support measures",1830,419,0.24808743169398906,"[0.21931476402878822, 0.2776481868072143]",0.09260293437701861,1.314209409014501
BE,True,0.17392970772720345,0.021264128393775433,0.151384426733266,0.4518866013681773,0.2481524424217607,0.028712114821164453,0.1626627608004157,0.4004898813353963,0.21104107507448208,0.024988121607469944,0.15702359376684083,0.4261882413517868,272.8900146484375,2.7331286496899754,0.8836469042573732,18.794355601984364,6.887154015582804,59.58475259947302,251.15710437444005,240.6707558323062,31.425764507952515,35.462903341989204,0.452525400726259,282.0,265.3599853515625,288.0,4071215394.868927,2050,3.338335909175294,,273.98,2026-09-21 19:57:34-04:00,100.06360486666668,after_hours,0.39942295175832143,,274.5504,271.41,2026-09-21 16:00:03-04:00,"Vendor latest observation, no executable bid/ask or overnight-session venue feed; after-hours bar volumes and extremes may include late regular-session batches and are not reliable liquidity/support measures",2344,425,0.2380546075085324,"[0.21014555892310904, 0.26684148044370914]",0.07422273469455726,1.1563530420645454
SMTC,True,0.15275964132771824,0.016900037845632945,0.13574259478436682,0.4782188281816626,0.2598012247592157,0.023833333945023898,0.1944806296248018,0.551469891003199,0.20628043304346697,0.02036668589532842,0.1651116122045843,0.5148443595924308,177.3699951171875,-4.124326963682434,1.2346646994393666,11.882994368968033,6.699551613065669,62.57421793828421,155.52674546547794,144.5490467269785,38.89943973932244,42.93657857335913,0.09047240553458068,190.63999938964844,176.0500030517578,185.4600067138672,563183639.0553284,2512,7.4815383874220265,,180.0,2026-09-21 19:59:34-04:00,98.06087433333333,after_hours,1.482778911435867,,180.4,176.1,2026-09-21 16:00:00-04:00,"Vendor latest observation, no executable bid/ask or overnight-session venue feed; after-hours bar volumes and extremes may include late regular-session batches and are not reliable liquidity/support measures",2448,426,0.2361111111111111,"[0.2096358535588801, 0.2637581076895339]",0.10704158343149744,1.838194058961463
FSLY,True,0.17122286143452145,0.02555259072554217,0.1419070231648422,0.41809450807719356,0.23289599946999306,0.024221069142641643,0.16989436109925846,0.5163215702533388,0.20205943045225727,0.024886829934091907,0.15590069213205032,0.4672080391652662,27.420000076293945,14.920366198137858,1.9614645118443206,2.100072806545652,7.658908828236208,62.85958552406852,23.7737573440396,23.02605569053502,5.862657710352237,9.899796544388927,0.8510882811882106,28.06999969482422,23.704999923706055,25.75,116162787.9091835,1846,2.3705310602541996,,27.3493,2026-09-21 19:59:59-04:00,97.65223598333334,after_hours,-0.25784126950120223,,27.72,27.0,2026-09-21 16:00:01-04:00,"Vendor latest observation, no executable bid/ask or overnight-session venue feed; after-hours bar volumes and extremes may include late regular-session batches and are not reliable liquidity/support measures",2528,426,0.23457278481012658,"[0.20869404537732045, 0.26061133072021814]",0.061673138035471614,1.7362458677096746
CRWV,True,0.16543942079705648,0.0261486293597167,0.14344292815121612,0.3927422236918551,0.2372857008425873,0.02738157353290718,0.17127796746934562,0.40823026335611484,0.2013625608198219,0.02676510144631194,0.15736044781028086,0.400486243523985,85.43000030517578,5.002457797801907,1.5354800613233002,5.831033886575281,6.8255107874815355,48.725226396811685,86.09189635565393,88.20921501368144,-6.791832301286094,-2.754693467249403,0.7124803841453272,87.25,80.91999816894531,104.58999633789062,2224547504.215431,372,2.1303987923712464,,86.3677,2026-09-21 19:59:52-04:00,97.76327361666667,after_hours,1.0976234244112648,,86.49,85.17,2026-09-21 16:00:01-04:00,"Vendor latest observation, no executable bid/ask or overnight-session venue feed; after-hours bar volumes and extremes may include late regular-session batches and are not reliable liquidity/support measures",2534,426,0.2355958958168903,"[0.21085025895799847, 0.2616291388752108]",0.07184628004553081,-0.11351264001432466
LUNR,True,0.15713567099094772,0.026225571131301566,0.13729673525833816,0.3356371546248867,0.23639277709761225,0.027624145069302847,0.1804402736350101,0.43010158223958195,0.19676422404427998,0.026924858100302207,0.15886850444667414,0.3828693684322343,15.720000267028809,12.931035782106793,1.7589695089830797,1.0888072543730252,6.926254681157315,52.41406729476987,15.060717639373749,16.49867291789929,-18.229275685054024,-14.192136851017334,0.9741935761736499,15.760000228881836,14.210000038146973,18.979999542236328,99162453.07119846,1214,0.254452679221151,,15.79,2026-09-21 19:59:58-04:00,97.66485188333333,after_hours,0.4452909146446249,,15.85,15.69,2026-09-21 16:00:01-04:00,"Vendor latest observation, no executable bid/ask or overnight-session venue feed; after-hours bar volumes and extremes may include late regular-session batches and are not reliable liquidity/support measures",2621,427,0.22739412438000764,"[0.20233385378011504, 0.25195263558183323]",0.07925710610666453,0.6055090329414626
NVTS,True,0.16248088744400205,0.022330056432062102,0.1488480973040183,0.36263768414563546,0.2266117676608774,0.03199059317368656,0.16456831745844352,0.35289506024034645,0.19454632755243972,0.027160324802874333,0.15670820738123092,0.35776637219299096,12.15999984741211,6.386697486838799,0.9627965524525821,0.8333962750907251,6.853587874576236,52.049381864301324,11.661403411317554,12.84475972198418,-10.2823231281019,-6.24518429406521,0.6199989318847656,12.350000381469727,11.850000381469727,13.4399995803833,140454217.08506107,1234,1.5625044115280318,,12.27,2026-09-21 19:59:52-04:00,97.7625192,after_hours,0.9046065293438321,,12.3,12.12,2026-09-21 16:00:00-04:00,"Vendor latest observation, no executable bid/ask or overnight-session venue feed; after-hours bar volumes and extremes may include late regular-session batches and are not reliable liquidity/support measures",2664,429,0.22372372372372373,"[0.19992784610532136, 0.24771947951470172]",0.06413088021687535,0.5982705358747578
RCAT,True,0.14966061653727294,0.02548709274253893,0.1331045044913831,0.3552917578330906,0.23695147537599195,0.026014770959150734,0.19837633236682667,0.4057887167241776,0.19330604595663245,0.02575093185084483,0.1657404184291049,0.38054023727863406,6.949999809265137,2.9629601372612946,1.4531921226187936,0.5725449620590588,8.238057234128144,34.1884716571855,8.023088642473017,8.745097932977972,-31.791817711964498,-27.75467887792781,0.40624925494122976,7.139999866485596,6.820000171661377,10.038000106811523,62388497.52840996,2512,2.733813847982658,,6.9993,2026-09-21 19:59:57-04:00,97.68200508333332,after_hours,0.7093552818395743,,7.0,6.9201,2026-09-21 16:00:01-04:00,"Vendor latest observation, no executable bid/ask or overnight-session venue feed; after-hours bar volumes and extremes may include late regular-session batches and are not reliable liquidity/support measures",2678,429,0.2210604929051531,"[0.1974242347712591, 0.24457819998483035]",0.08729085883871901,-1.8742437787745119
ASTS,True,0.15097827464357727,0.024526054858920843,0.13308401119200383,0.3550866939794002,0.2204081456896871,0.025328211470785893,0.16918561090147552,0.38792064689123623,0.1856932101666322,0.024927133164853368,0.15113481104673968,0.3715036704353182,61.88999938964844,5.758713098980639,1.2595099104751875,4.2209329823701704,6.820056590719813,49.1622089438744,61.65141522968742,65.56211128153357,-13.884191981853677,-9.847053147816986,0.8469051246175983,62.36000061035156,59.290000915527344,70.0999984741211,601635428.8771439,1729,0.7594138396157968,,62.1518,2026-09-21 19:59:44-04:00,97.89803125,after_hours,0.4230095539399015,,62.2,61.53,2026-09-21 16:00:01-04:00,"Vendor latest observation, no executable bid/ask or overnight-session venue feed; after-hours bar volumes and extremes may include late regular-session batches and are not reliable liquidity/support measures",2872,428,0.2155292479108635,"[0.19235334767963067, 0.2383569053455366]",0.06942987104610984,0.05652403413120361
COHR,True,0.1531271215543363,0.01932694088237074,0.13915194165984002,0.42865176061083854,0.21445636546996227,0.024772761598300212,0.16758518736064032,0.3931182315951539,0.18379174351214927,0.022049851240335476,0.15336856451024017,0.4108849961029962,321.5199890136719,1.3108154317252874,1.2335380767183586,22.521349381915602,7.004649835615022,57.10984057928763,295.4731025025083,303.82607662629727,7.015638595603546,11.052777429640237,0.300862094916989,332.8599853515625,316.6400146484375,318.45001220703125,1765466813.2331848,2512,3.5269957468829105,,322.3,2026-09-21 19:59:46-04:00,97.85966115,after_hours,0.24260108639619915,,323.0,320.01,2026-09-21 16:00:02-04:00,"Vendor latest observation, no executable bid/ask or overnight-session venue feed; after-hours bar volumes and extremes may include late regular-session batches and are not reliable liquidity/support measures",2887,425,0.21579494284724626,"[0.19385774769344358, 0.24036818214586805]",0.06132924391562597,1.156542002411229
INTC,True,0.15769817968189684,0.018348065561564427,0.13835183992742156,0.38473557274705045,0.2020916859190397,0.026205968490727226,0.14864213648485472,0.3497996709703264,0.17989493280046825,0.022277017026145825,0.14349698820613815,0.36726762185868844,121.77999877929688,12.136280377864384,1.9435921210613132,6.576533974791887,5.400339990732473,70.91595084419507,101.36615375502785,100.1307480492569,31.16881119584305,35.20595002987974,0.6989792184699799,124.7300033569336,114.93000030517578,111.37000274658203,9541767295.776941,2512,2.422404834297165,,123.846,2026-09-21 19:59:59-04:00,97.64451926666668,after_hours,1.696502908041042,,123.85,121.26,2026-09-21 16:00:01-04:00,"Vendor latest observation, no executable bid/ask or overnight-session venue feed; after-hours bar volumes and extremes may include late regular-session batches and are not reliable liquidity/support measures",2972,427,0.21366083445491252,"[0.18988735798461648, 0.23776496883118642]",0.04439350623714286,3.104043117927482
ONTO,True,0.1447976488794486,0.01946931961788738,0.13819820394344798,0.3571459171112445,0.20715845263060284,0.02878801428122826,0.15097357213514898,0.3396407062340635,0.1759780507550257,0.02412866694955782,0.14458588803929848,0.34839331167265397,275.9800109863281,4.764081030816003,0.8889855151235155,17.287592612050577,6.264074180686584,51.0187258579764,269.36072726816616,279.4431053444128,-9.951970723091819,-5.914831889055128,0.8692220620464953,277.1400146484375,268.2699890136719,305.7349853515625,246575462.45628357,1733,0.4203216232812057,,275.98,2026-09-21 17:55:52-04:00,221.76042655,after_hours,-3.980841967177184e-06,87026.0,277.0,275.98,2026-09-21 16:00:02-04:00,"Vendor latest observation, no executable bid/ask or overnight-session venue feed; after-hours bar volumes and extremes may include late regular-session batches and are not reliable liquidity/support measures",3075,428,0.21430894308943088,"[0.19194774525281824, 0.2376053755159127]",0.06236080375115424,0.3828921624140943
MSTR,True,0.15246854066692037,0.02025379218386372,0.13216820138533,0.3451389069184387,0.19139369638938916,0.022595856241562465,0.15825918493889693,0.3221184444963346,0.17193111852815476,0.021424824212713092,0.14521369316211347,0.33362867570738663,168.5,9.472454524753449,1.5023544287771091,9.798260226268066,5.814991232206568,70.90371393983538,132.86524966319868,122.37351664224114,37.26265152235744,41.299790356394126,0.7972158011927947,169.52000427246094,164.49000549316406,154.02000427246094,3686981477.020302,2512,0.6053437818759333,,169.4898,2026-09-21 19:59:59-04:00,97.65238550000001,after_hours,0.5874183976261049,,170.4,168.0,2026-09-21 16:00:00-04:00,"Vendor latest observation, no executable bid/ask or overnight-session venue feed; after-hours bar volumes and extremes may include late regular-session batches and are not reliable liquidity/support measures",3154,429,0.21116043119847813,"[0.18853539379706336, 0.23228429287199848]",0.038925155722468796,3.6368446554693903
WULF,True,0.14291803494237834,0.01950587008985322,0.13081028914979145,0.34770156719577866,0.19998429523443534,0.02168341749917992,0.17069727283637892,0.3537210618438051,0.17145116508840685,0.02059464379451657,0.15075378099308517,0.3507113145197919,17.450000762939453,2.5867168026872056,0.842659098818945,1.2123016353767935,6.947287005004012,54.33971840529437,16.361581536498967,17.534284259968835,7.535753620466679,11.57289245450337,0.6400019327799479,17.719999313354492,16.969999313354492,18.079999923706055,470594403.6830759,2512,1.5472695622367194,,17.43,2026-09-21 19:59:22-04:00,98.26963626666667,after_hours,-0.11461754765037524,,17.62,17.3,2026-09-21 16:00:00-04:00,"Vendor latest observation, no executable bid/ask or overnight-session venue feed; after-hours bar volumes and extremes may include late regular-session batches and are not reliable liquidity/support measures",3180,429,0.2088050314465409,"[0.18648219626545956, 0.22991951665185148]",0.057066260292057,0.897812223194928
IREN,True,0.1298864177558117,0.016486496423577125,0.1267280817813679,0.36286869314922143,0.2029337180931538,0.025079086816289137,0.1460342528136834,0.3577921832644566,0.16641006792448276,0.02078279161993313,0.13638116729752564,0.360330438206839,47.22999954223633,1.1782331479538666,0.9921111460532056,3.10240824077274,6.56872384256187,60.12008863458088,43.06491687962309,42.89643165921372,8.737451275021924,12.774590109058614,0.3503580405752481,48.76900100708008,46.400001525878906,49.290000915527344,1713257687.8051567,1214,3.2585252588611002,,47.4209,2026-09-21 19:59:58-04:00,97.66341626666667,after_hours,0.40419322382792,,47.48,47.21,2026-09-21 16:00:01-04:00,"Vendor latest observation, no executable bid/ask or overnight-session venue feed; after-hours bar volumes and extremes may include late regular-session batches and are not reliable liquidity/support measures",3336,428,0.20443645083932854,"[0.1832820419719403, 0.2258655025407687]",0.07304730033734211,1.3425321038909466
LITE,True,0.12653911219214087,0.016275682916240035,0.124233954200023,0.3983058812598306,0.19419106968076094,0.02065710177368024,0.16093549292498194,0.4126261255754394,0.1603650909364509,0.018466392344960135,0.14258472356250246,0.40546600341763495,954.489990234375,2.533007247757002,1.0794532657148321,66.15108465562528,6.930516331489437,55.91474367970884,900.366549650089,870.7630185190848,6.0908123879797715,10.127951222016463,0.2267019350338423,983.4500122070312,946.0,1026.760009765625,3962769387.2338867,2512,3.0340833606379736,,962.0,2026-09-21 19:59:51-04:00,97.77617838333335,after_hours,0.7868086457125667,,962.92,952.965,2026-09-21 16:00:01-04:00,"Vendor latest observation, no executable bid/ask or overnight-session venue feed; after-hours bar volumes and extremes may include late regular-session batches and are not reliable liquidity/support measures",3499,428,0.19319805658759645,"[0.17263620498229423, 0.21290480200557266]",0.06765195748862007,0.8181791858145061
WDC,True,0.12457423774577803,0.015868528366299185,0.12307696891933145,0.34296282487016294,0.16896924608329372,0.02084146266445834,0.14859555307518696,0.3473921444136899,0.14677174191453587,0.018354995515378763,0.1358362609972592,0.34517748464192644,448.1700134277344,1.5429645419140936,1.227299777819474,28.216865460042865,6.296018166015188,47.609043580163025,450.1199128313079,473.8630262803185,-6.458810611743937,-2.421671777707246,0.4710181009112041,460.489990234375,437.20001220703125,495.489990234375,2770713828.0877686,2512,2.748951611557815,,448.5,2026-09-21 19:59:55-04:00,97.70907201666667,after_hours,0.07362977494673739,,449.51,445.66,2026-09-21 16:00:00-04:00,"Vendor latest observation, no executable bid/ask or overnight-session venue feed; after-hours bar volumes and extremes may include late regular-session batches and are not reliable liquidity/support measures",4020,429,0.18980099502487563,"[0.17107765034187689, 0.20859913691920062]",0.044395008337515696,-0.06910404014700748
CIEN,True,0.12073866597684406,0.016446668366493992,0.11716645583741699,0.3269968076264502,0.16788411836763176,0.018869873451363792,0.16077001274799535,0.34112470341829304,0.1443113921722379,0.017658270908928894,0.13896823429270616,0.33406075552237163,365.9599914550781,4.919725992735624,1.0853270065127183,25.75531037323767,7.037739363484261,50.759335103608215,356.22061108309975,384.2351622812646,-11.573968073236163,-7.536829239199472,0.8512542009510762,367.6199951171875,356.4599914550781,418.7200012207031,915161514.0963745,2512,0.45360249777826045,,372.57,2026-09-21 19:59:02-04:00,98.59467293333334,after_hours,1.806210705886202,,372.9554,362.653,2026-09-21 16:00:02-04:00,"Vendor latest observation, no executable bid/ask or overnight-session venue feed; after-hours bar volumes and extremes may include late regular-session batches and are not reliable liquidity/support measures",4129,429,0.18890772584160814,"[0.1704115636212823, 0.20721352434008594]",0.0471454523907877,0.3781503787311589
PL,True,0.108464790494325,0.016413268648103232,0.11413430177628073,0.27164824450048985,0.17231947503515765,0.02508260649396035,0.1558240913473144,0.28755146442686924,0.14039213276474133,0.020747937571031792,0.13497919656179758,0.2795998544636795,17.06999969482422,3.9585847473210256,0.7892599549312257,1.1313079404426565,6.62746315564188,35.80735077558887,18.273979788829774,21.551749176877102,-27.455716699894207,-23.418577865857515,0.7264955592941821,17.229999542236328,16.645000457763672,22.959999084472656,201370676.05062485,1358,0.9373160531492175,,17.25,2026-09-21 19:58:31-04:00,99.11516911666666,after_hours,1.0544833532150522,,17.2682,17.0353,2026-09-21 16:00:03-04:00,"Vendor latest observation, no executable bid/ask or overnight-session venue feed; after-hours bar volumes and extremes may include late regular-session batches and are not reliable liquidity/support measures",4325,429,0.18520231213872831,"[0.16655488387301684, 0.2045071074862561]",0.06385468454083265,-1.0642372876252097
ABCL,True,0.09700104993272828,0.011803163589975314,0.10057796437031609,0.3600939086269568,0.18273919783334946,0.01836616676920528,0.1578856120629146,0.4815464218397685,0.13987012388303888,0.015084665179590296,0.12923178821661535,0.42082016523336263,12.65999984741211,0.2375275748168093,0.9241537281522151,0.7280435984711666,5.750739393729057,66.81546531523365,11.404388254497555,9.830134732043248,7.800318663427475,11.837457497464165,0.4893614430939675,12.899999618530273,12.430000305175781,13.180000305175781,55784201.54387474,1449,1.8957328120918104,,12.6877,2026-09-21 19:59:05-04:00,98.55438711666667,after_hours,0.21880057600121017,,12.73,12.56,2026-09-21 16:00:01-04:00,"Vendor latest observation, no executable bid/ask or overnight-session venue feed; after-hours bar volumes and extremes may include late regular-session batches and are not reliable liquidity/support measures",4351,429,0.18478510687198346,"[0.16584119579660356, 0.20457201318061505]",0.08573814790062119,1.7246379139260875
MRVL,True,0.11434735188576026,0.012904889636255272,0.11721044227751742,0.3524592273281867,0.16401014233941558,0.01934069143868975,0.1359988729211064,0.33170288947070514,0.13917874711258793,0.016122790537472512,0.12660465759931191,0.3420810583994459,257.3800048828125,5.375641712512791,0.9614042772602993,14.680320789765613,5.703753404018194,62.416761064902474,230.34455526984513,224.46449262005675,4.543696540915043,8.580835374951734,0.7652877824975236,261.17999267578125,244.99000549316406,254.60000610351562,5062410138.178406,2512,1.4764114231402337,,259.6028,2026-09-21 19:59:55-04:00,97.70864016666665,after_hours,0.8636238538419327,,259.7,256.01,2026-09-21 16:00:01-04:00,"Vendor latest observation, no executable bid/ask or overnight-session venue feed; after-hours bar volumes and extremes may include late regular-session batches and are not reliable liquidity/support measures",4403,429,0.18351124233477176,"[0.16470226307462849, 0.2033068034707704]",0.04966279045365532,1.8416116377930334
RKLB,True,0.11733852374132403,0.017308585203696103,0.11376706505251313,0.29592525709110673,0.1600580720629677,0.020371047318051793,0.13979339333342816,0.32205923495468886,0.13869829790214588,0.01883981626087395,0.12678022919297066,0.30899224602289777,69.88999938964844,8.239119900833236,1.4387845537507788,4.011456113402214,5.739671123815119,53.96242171267098,66.48800324147983,72.30814114375741,-7.730125352495943,-3.6929865184592514,0.9746562341893508,70.01000213623047,65.2750015258789,74.94999694824219,1152153300.8047485,1461,0.17170231453715878,,71.88,2026-09-21 19:59:59-04:00,97.64783246666666,after_hours,2.8473324191304883,,71.9494,69.6,2026-09-21 16:00:00-04:00,"Vendor latest observation, no executable bid/ask or overnight-session venue feed; after-hours bar volumes and extremes may include late regular-session batches and are not reliable liquidity/support measures",4430,429,0.18261851015801353,"[0.16401523281191288, 0.2018389570205053]",0.04271954832164368,0.8480701401175971
RDW,True,0.1146354244663641,0.0156560038543945,0.11371015109726253,0.3234534280169606,0.15568984863480945,0.01795400934316816,0.14020438138159239,0.3222911897549657,0.13516263655058677,0.01680500659878133,0.12695726623942746,0.32287230888596313,11.600000381469727,8.007454643195278,1.178300202206115,0.7771049659138222,6.699180520331695,54.68269242744578,11.043834546858916,11.279412521261662,-7.531315708403352,-3.4941768743666612,0.8583692041121215,11.699000358581543,11.0,12.324999809265137,129232618.1592226,1427,0.8534480504842179,,11.71,2026-09-21 19:59:36-04:00,98.03168525,after_hours,0.9482725423525906,,11.71,11.5125,2026-09-21 16:00:02-04:00,"Vendor latest observation, no executable bid/ask or overnight-session venue feed; after-hours bar volumes and extremes may include late regular-session batches and are not reliable liquidity/support measures",4587,429,0.17811205580989753,"[0.15982382307117837, 0.19656366067377046]",0.04105442416844535,0.7156894615347076
TER,True,0.10972005836174152,0.014351150436657484,0.11097744202134108,0.32601290583843073,0.159680958027482,0.01976817138955884,0.13633049794848132,0.31897668432596366,0.13470050819461177,0.017059660913108163,0.1236539699849112,0.3224947950821972,381.5400085449219,2.7108534447269683,1.3476963660706127,21.133649327890897,5.539038856891638,54.88359073628952,362.2379475728745,367.19164470156153,-2.454504802160251,1.5826340318764398,0.7554936023324019,384.989990234375,370.8800048828125,385.67999267578125,898034648.7843323,2512,0.9042254055112942,,384.0,2026-09-21 19:59:33-04:00,98.07738859999999,after_hours,0.6447532106684584,,384.0,379.23,2026-09-21 16:00:00-04:00,"Vendor latest observation, no executable bid/ask or overnight-session venue feed; after-hours bar volumes and extremes may include late regular-session batches and are not reliable liquidity/support measures",4615,429,0.17768147345612134,"[0.15969972672932914, 0.1956925922151242]",0.04996089966574048,0.9133330771498002
LRCX,True,0.11122304387906486,0.015178274976627255,0.1137093792889801,0.30250632675864986,0.1576181099069002,0.021320426058765274,0.1323259295435982,0.30447263285529236,0.13442057689298254,0.018249350517696265,0.12301765441628915,0.3034894798069711,302.2799987792969,4.918265297345936,1.3362855248222432,15.943485137796328,5.274409554777428,51.35834963787427,295.3593669054189,305.83462370164057,-7.769623299228767,-3.7324844651920763,0.7821083072195063,305.69000244140625,290.0400085449219,322.2099914550781,2498279349.9086,2512,1.1280943747121963,,304.3,2026-09-21 19:59:55-04:00,97.71011881666666,after_hours,0.6682550049161629,,304.99,301.25,2026-09-21 16:00:00-04:00,"Vendor latest observation, no executable bid/ask or overnight-session venue feed; after-hours bar volumes and extremes may include late regular-session batches and are not reliable liquidity/support measures",4626,429,0.1766104626026805,"[0.15880563201080183, 0.19446691141706224]",0.046395066027835344,0.4340727145956087
IOVA,True,0.09786025802886482,0.010820091577181041,0.09941270321901463,0.3818247150609726,0.16889065391970098,0.0251390420726416,0.13504338760443477,0.41509550929887645,0.1333754559742829,0.017979566824911322,0.1172280454117247,0.3984601121799245,10.1899995803833,-0.5853699474799967,0.9437501349047033,0.5551513036421645,5.448001241441487,74.34692433333595,8.826299147829912,7.371524835240699,18.882036404482538,22.91917523851923,0.262294569377392,10.640000343322754,10.029999732971191,10.979999542236328,123430917.54236698,2512,4.416101879000522,,10.22,2026-09-21 19:56:15-04:00,101.38757958333333,after_hours,0.2944104107173162,,10.24,10.07,2026-09-21 16:00:01-04:00,"Vendor latest observation, no executable bid/ask or overnight-session venue feed; after-hours bar volumes and extremes may include late regular-session batches and are not reliable liquidity/support measures",4700,428,0.1746808510638298,"[0.15759062143770727, 0.19271720106907328]",0.07103039589083616,2.4564482216048127
TSEM,True,0.10297303092617573,0.01358032142213924,0.10855541105911337,0.31426634307014034,0.15844219580279587,0.018991436914326077,0.1412152150310103,0.3068050501839928,0.1307076133644858,0.01628587916823266,0.12488531304506184,0.3105356966270666,233.82000732421875,4.570662317411456,1.2608698108836542,13.802412459255816,5.903007453129175,56.83807754190904,216.24826657054206,223.66574614079627,1.008016460939376,5.045155294976067,0.6120530121035874,240.0,224.07000732421875,229.7899932861328,378225496.6088104,2512,2.6430555479420414,,234.5,2026-09-21 19:58:50-04:00,98.79571008333333,after_hours,0.2908188583017113,,235.0,231.0,2026-09-21 16:00:00-04:00,"Vendor latest observation, no executable bid/ask or overnight-session venue feed; after-hours bar volumes and extremes may include late regular-session batches and are not reliable liquidity/support measures",4867,428,0.17259091843024452,"[0.15590505937576327, 0.18999579675933576]",0.05546916487662014,1.2730919906608926
AMD,True,0.1056189187543779,0.01214564860258096,0.10415788817711269,0.3165910471249915,0.14608137515424124,0.018679232057867427,0.11753132231069449,0.29997622296053167,0.12585014695430957,0.015412440330224193,0.11084460524390359,0.3082836350427616,615.52001953125,9.949628716069213,2.322561081336593,26.352247718000847,4.2812982326829,72.96287920422287,513.3544488073378,496.50897646725764,26.025200211129707,30.062339045166397,0.9660086144374282,616.6900024414062,582.27001953125,559.9099731445312,9483501083.739014,2512,0.1900803991797373,,619.9809,2026-09-21 19:59:59-04:00,97.64152593333333,after_hours,0.7247336117754966,,620.0,607.49,2026-09-21 16:00:01-04:00,"Vendor latest observation, no executable bid/ask or overnight-session venue feed; after-hours bar volumes and extremes may include late regular-session batches and are not reliable liquidity/support measures",5180,428,0.1637065637065637,"[0.14830771788423136, 0.18020644547580925]",0.040462456399863345,3.876920550277172
TEM,True,0.09472649566235902,0.010803875544714226,0.1006694052652161,0.3501639069418599,0.15270260731510746,0.014144133229630113,0.15274059125313683,0.3452458098966272,0.12371455148873324,0.01247400438717217,0.12670499825917647,0.34770485841924353,78.02999877929688,0.2440935898576857,0.7325227133533843,4.811709371456856,6.166486539448097,67.9775621582262,66.81494577344121,60.77542141410127,3.3091208420378493,7.34625967607454,0.28800387587415155,80.25,77.13200378417969,81.83000183105469,525641986.24393463,568,2.8450612013749543,,77.95,2026-09-21 19:59:39-04:00,97.98713746666667,after_hours,-0.1025231072002808,,78.4,77.5,2026-09-21 16:00:00-04:00,"Vendor latest observation, no executable bid/ask or overnight-session venue feed; after-hours bar volumes and extremes may include late regular-session batches and are not reliable liquidity/support measures",5315,428,0.16124176857949202,"[0.14556398565175482, 0.17731679572402897]",0.057976111652748435,2.330783540748233
AMAT,True,0.10182652121059395,0.013791062380049443,0.10747086223787398,0.2756347287607076,0.13976672407469007,0.019999884533487715,0.1248705727937128,0.27993770400051926,0.12079662264264202,0.01689547345676858,0.11617071751579339,0.2777862163806134,464.239990234375,4.424496161706015,1.4622467231848029,21.797383154948353,4.695283390804782,49.74140767468521,456.0838032816988,483.1218511195312,-9.74074963028686,-5.703610796250169,0.7305982405708421,468.510009765625,452.6600036621094,503.5,2937201547.1884155,2512,0.91978709742222,,466.8,2026-09-21 19:59:58-04:00,97.65996116666666,after_hours,0.5514410260806235,,466.91,461.95,2026-09-21 16:00:01-04:00,"Vendor latest observation, no executable bid/ask or overnight-session venue feed; after-hours bar volumes and extremes may include late regular-session batches and are not reliable liquidity/support measures",5533,428,0.1592264594252666,"[0.14325696802324533, 0.17556028625284936]",0.03794020286409612,0.37418193251443627
FN,True,0.09513129969766138,0.013310346223542076,0.10355180956193406,0.2652993004169547,0.14289661419975874,0.019524507432477297,0.13638486951083442,0.27494017764628703,0.11901395694871006,0.016417426828009687,0.11996833953638425,0.2701197390316209,401.57000732421875,3.3509252194823036,0.7708838821490468,24.492483704891104,6.0991815270497565,43.671484283034125,413.6862024403403,458.5346075078742,-12.075246563942542,-8.038107729905853,0.6714397393504153,405.70001220703125,393.1300048828125,453.94000244140625,353288870.5470276,2512,1.0284644787921238,,404.52,2026-09-21 19:42:38-04:00,114.99616718333333,after_hours,0.7346147924337965,,404.52,400.0,2026-09-21 16:00:02-04:00,"Vendor latest observation, no executable bid/ask or overnight-session venue feed; after-hours bar volumes and extremes may include late regular-session batches and are not reliable liquidity/support measures",5675,427,0.15876651982378856,"[0.14379238168442132, 0.17544479210094396]",0.04776531450209737,-0.4946903410086572
MTSI,True,0.09112044918093408,0.012021806833313962,0.09942164044927997,0.27825745073851044,0.13724787434708022,0.017454009348316136,0.13809298745955245,0.30242866010958164,0.11418416176400714,0.01473790809081505,0.11875731395441622,0.29034305542404604,279.1099853515625,1.178133898563849,1.1493401356387853,15.378753519602244,5.50992595274992,53.14918369010437,268.3627712206422,280.93872078128805,0.6513577290297778,4.688496563066469,0.21917588695967224,285.95001220703125,277.19000244140625,287.8399963378906,347117909.70306396,2512,2.450656448873789,,281.58,2026-09-21 19:40:10-04:00,117.46207623333333,after_hours,0.8849610469243041,,282.0,278.0,2026-09-21 16:00:01-04:00,"Vendor latest observation, no executable bid/ask or overnight-session venue feed; after-hours bar volumes and extremes may include late regular-session batches and are not reliable liquidity/support measures",6072,427,0.15332674571805008,"[0.13882541749687208, 0.16933778822855666]",0.04612742516614614,0.6988351895504138
STX,True,0.08922790554079907,0.010470499111878723,0.10045098927200344,0.28725399523086603,0.12720123736862352,0.0145704146052421,0.13170581348454338,0.323297592205073,0.10821457145471129,0.012520456858560411,0.11607840137827341,0.30527579371796953,877.3300170898438,2.1588560109989663,1.1617233449448372,52.33479595839424,5.965234853355627,55.041515908775004,837.1248220712564,840.9609856865004,-0.8218427058197753,3.2152961282169157,0.2907680547954063,914.8200073242188,861.9600219726562,925.4400024414062,3001405930.693054,2512,4.273191330980741,,877.0,2026-09-21 19:59:58-04:00,97.65922096666667,after_hours,-0.03761607187890981,,879.65,871.0,2026-09-21 16:00:00-04:00,"Vendor latest observation, no executable bid/ask or overnight-session venue feed; after-hours bar volumes and extremes may include late regular-session batches and are not reliable liquidity/support measures",6568,427,0.14464068209500608,"[0.1306084851778623, 0.1602335965158674]",0.03797333182782445,0.7682306634108246
KLAC,True,0.08909654635911379,0.011938885092523959,0.09846478053004895,0.2506879537402279,0.12529603139365733,0.01889788769496202,0.11686435719624613,0.24786747958453742,0.10719628887638556,0.015418386393742989,0.10766456886314754,0.24927771666238266,183.97000122070312,3.9437230978608406,1.0098151840156766,8.546542741828576,4.6456175926071515,51.47161144845154,179.28801473996103,189.28610897226082,-4.04801131181467,-0.01087247777797895,0.7418086553075754,185.94000244140625,178.30999755859375,190.8699951171875,1692900356.0214233,2512,1.0708274216619573,,185.95,2026-09-21 19:59:59-04:00,97.64361333333333,after_hours,1.0762617634173521,,186.5,183.67,2026-09-21 16:00:01-04:00,"Vendor latest observation, no executable bid/ask or overnight-session venue feed; after-hours bar volumes and extremes may include late regular-session batches and are not reliable liquidity/support measures",6676,427,0.14334931096464948,"[0.12933564707733836, 0.15864352270834822]",0.03619948503454354,0.5478222741258253
ONDS,True,0.08234927893544308,0.011761928577318871,0.09639502604266154,0.2635532664160365,0.1304572518785305,0.01563615919942316,0.13648572589706912,0.30744187715293925,0.10640326540698679,0.013699043888371015,0.11644037596986533,0.28549757178448787,7.380000114440918,-0.1353146444565967,0.8489043456789632,0.4379430164036493,5.934187122120747,42.7672851652919,7.616140361363038,8.035254854581577,-19.30694271326846,-15.26980387923177,0.12121203363870185,7.670000076293945,7.340000152587891,8.84000015258789,462116682.6106334,1454,3.9295387175613428,,7.4085,2026-09-21 19:59:55-04:00,97.7154858,after_hours,0.38617730511025794,,7.42,7.37,2026-09-21 16:00:00-04:00,"Vendor latest observation, no executable bid/ask or overnight-session venue feed; after-hours bar volumes and extremes may include late regular-session batches and are not reliable liquidity/support measures",6729,427,0.14266607222469907,"[0.12874532737561936, 0.15761810222046038]",0.04810797294308741,-0.539203133917475
HIMS,True,0.08330393251506293,0.011655949142370697,0.09318946833479959,0.23498729145392733,0.1214444193400852,0.014088819943004604,0.1291448636230605,0.26370370163570955,0.10237417592757406,0.01287238454268765,0.11116716597893003,0.24934549654481844,29.350000381469727,4.858880391113463,0.8589973033807567,1.6402669347812238,5.588643657452266,51.42832327148895,28.735460624842027,29.48597162873413,-17.15140336308757,-13.114264529050878,0.8698889766537572,29.524999618530273,28.18000030517578,34.45600128173828,283891294.29442406,1764,0.5962495222692876,,29.2898,2026-09-21 19:58:38-04:00,99.00409206666667,after_hours,-0.2051120295989306,,29.45,29.19,2026-09-21 16:00:03-04:00,"Vendor latest observation, no executable bid/ask or overnight-session venue feed; after-hours bar volumes and extremes may include late regular-session batches and are not reliable liquidity/support measures",7109,426,0.13574342382894922,"[0.1226105535860646, 0.14925210790569443]",0.03814048682502226,0.37465838248435224
CLS,True,0.07964955372648051,0.010435582746541976,0.08908878585168707,0.24769671676999924,0.12176904340687505,0.014051881904486503,0.12320778470346627,0.2631197692239823,0.10070929856667779,0.01224373232551424,0.10614828527757666,0.2554082429969908,344.3999938964844,3.538462808795173,0.9552124750749245,19.526522621946118,5.669722116143581,57.38180558785021,322.980383248969,327.3180948622897,12.09842281600164,16.135561650038333,0.7583887531413661,348.0,333.1000061035156,353.9599914550781,657768128.5499573,2512,1.0452979579894217,,345.5,2026-09-21 19:59:44-04:00,97.8960029,after_hours,0.3193978289808719,,346.0,342.89,2026-09-21 16:02:22-04:00,"Vendor latest observation, no executable bid/ask or overnight-session venue feed; after-hours bar volumes and extremes may include late regular-session batches and are not reliable liquidity/support measures",7276,426,0.13413963716327654,"[0.12110215289828338, 0.14757909791198126]",0.04211948968039454,1.0969495727540126
VRT,True,0.0774043031030103,0.010713818327611644,0.09010890163022861,0.24073675882977327,0.12286095809639261,0.014611161302714231,0.13068502456427594,0.2826367841808794,0.10013263059970146,0.012662489815162938,0.11039696309725228,0.2616867715053263,250.86000061035156,0.5894387201975881,0.9096444798351211,14.278490410474154,5.69181630221401,45.90375722917448,255.98679560877977,269.6488070126338,-8.247295504091278,-4.210156670054587,0.4475922820376663,254.87600708007812,247.6060028076172,295.3399963378906,1360185166.6468048,2044,1.600895503450328,,252.25,2026-09-21 19:58:12-04:00,99.42966448333333,after_hours,0.554093672273992,,252.5887,250.7362,2026-09-21 16:00:03-04:00,"Vendor latest observation, no executable bid/ask or overnight-session venue feed; after-hours bar volumes and extremes may include late regular-session batches and are not reliable liquidity/support measures",7317,426,0.13270466037993714,"[0.11971531077568753, 0.1459408928537312]",0.045456654993382306,-0.35905721480664293
PATH,True,0.07175067265338847,0.011918347793003827,0.08291758027292732,0.21827639797914575,0.12357852127918838,0.014149842781646695,0.13151804738482745,0.28116136483212517,0.09766459696628843,0.01303409528732526,0.10721781382887738,0.24971888140563547,13.59000015258789,1.4936505163337888,0.7657590500328739,0.8704065579260141,6.404757528720601,40.74168473262273,14.781645938674314,14.355927297750748,-21.12072236869481,-17.08358353465812,0.42857259633462486,13.789999961853027,13.4399995803833,18.829999923706055,972130982.7151251,1361,1.4716689258244875,,13.64,2026-09-21 19:59:43-04:00,97.91860173333333,after_hours,0.36791645953431207,,13.6845,13.59,2026-09-21 16:00:03-04:00,"Vendor latest observation, no executable bid/ask or overnight-session venue feed; after-hours bar volumes and extremes may include late regular-session batches and are not reliable liquidity/support measures",7643,426,0.12979196650529898,"[0.11674607610444183, 0.14277570763694658]",0.05182784862579991,-1.3690680237127941
APP,True,0.07971527440039426,0.012280856764918585,0.08545579449092561,0.20519937047104536,0.11547794384830491,0.017464874526587775,0.11307736061225962,0.23480746427917829,0.09759660912434959,0.014872865645753179,0.09926657755159261,0.2200034173751118,330.1700134277344,7.1771784861276,1.2425478961968217,17.3570314828092,5.25699814547459,50.19022308947054,323.5769531139529,356.80750352575404,3.9427235758649815,7.979862409901672,0.7753820264310044,336.94000244140625,306.79998779296875,338.3399963378906,1520022674.7505188,1365,2.050455443663002,,329.58,2026-09-21 19:59:34-04:00,98.06785291666667,after_hours,-0.17869988301149053,,331.0,327.9689,2026-09-21 16:00:01-04:00,"Vendor latest observation, no executable bid/ask or overnight-session venue feed; after-hours bar volumes and extremes may include late regular-session batches and are not reliable liquidity/support measures",7662,426,0.12999216914643696,"[0.11693784069124821, 0.14319611706093507]",0.03576266944791065,0.3798495336205023
MU,True,0.07719202291874273,0.008644498087091399,0.09210902421042708,0.2689329665436806,0.11563178645032725,0.01507979261867712,0.11230907938081774,0.28256487848734085,0.09641190468453499,0.01186214535288426,0.10220905179562241,0.27574892251551075,1043.9599609375,2.7721966413599253,1.1298370870958534,49.216193792439455,4.7143756115169575,61.24409971325162,967.9984657681638,940.6108371925125,3.946055822637873,7.983194656674564,0.3927811936989793,1064.489990234375,1030.6800537109375,1042.4000244140625,23895048353.41736,2512,1.9665533224510368,,1044.26,2026-09-21 19:59:58-04:00,97.65835175000001,after_hours,0.02874047604570773,,1046.5669,1040.8,2026-09-21 16:00:01-04:00,"Vendor latest observation, no executable bid/ask or overnight-session venue feed; after-hours bar volumes and extremes may include late regular-session batches and are not reliable liquidity/support measures",7777,426,0.12961296129612962,"[0.1163191613155923, 0.1430349650541544]",0.038439763531584514,1.5434248225226501
CRWD,True,0.07000900394446605,0.010018194027352628,0.0780034581853455,0.24207434960705668,0.12240391682042703,0.013430483536320184,0.12266375428170866,0.3366027535143945,0.09620646038244654,0.011724338781836405,0.10033360623352708,0.2893385515607256,249.35000610351562,4.923211658960769,1.051453240852224,13.32474565415681,5.343791990374025,64.6414192687544,223.75881729019812,208.41985893818153,25.866487145572425,29.903625979609117,0.9506684544392432,250.30999755859375,230.85000610351562,250.32000732421875,2804794000.0029755,1829,0.3849975663042793,,248.596,2026-09-21 19:59:53-04:00,97.75031053333333,after_hours,-0.3023886444994073,,249.4,248.0,2026-09-21 16:00:01-04:00,"Vendor latest observation, no executable bid/ask or overnight-session venue feed; after-hours bar volumes and extremes may include late regular-session batches and are not reliable liquidity/support measures",7806,426,0.12874711760184473,"[0.11543618686737032, 0.14207119794016118]",0.052394912875960986,1.9205761578896652
COIN,True,0.08046783575754698,0.010485313679732655,0.09026723380509914,0.23794448091131792,0.1101711041993605,0.013656417193904778,0.12154625412053391,0.2865662516537033,0.09531946997845375,0.012070865436818717,0.10590674396281652,0.2622553662825106,201.0500030517578,3.5006450716899895,1.3097281954318423,12.683089879285522,6.308425608936906,60.44455486297109,178.86592147068075,172.63015019299883,3.7702487630039805,7.807387597040671,0.05208447161530407,208.3300018310547,200.64999389648438,196.2100067138672,2011236440.5152893,1366,3.620989141404163,,202.0,2026-09-21 19:59:55-04:00,97.71919840000001,after_hours,0.4725177487302057,,203.4,200.6,2026-09-21 16:00:01-04:00,"Vendor latest observation, no executable bid/ask or overnight-session venue feed; after-hours bar volumes and extremes may include late regular-session batches and are not reliable liquidity/support measures",7916,426,0.12771601819100556,"[0.11436941596308836, 0.14117450710486582]",0.02970326844181352,1.7491070229904233
HOOD,True,0.07332230930020758,0.009200579822474199,0.08476031552959515,0.2322411336545216,0.1124359505938097,0.012488204578194662,0.1198747196845775,0.2870129972412334,0.09287912994700864,0.010844392200334431,0.10231751760708632,0.2596270654478775,123.30000305175781,2.9043593438466075,1.1408754109463635,6.886477970659203,5.5851401461591665,62.31309585612609,111.29437662562054,105.23828807019758,9.992275929367755,14.029414763404446,0.3659538130590799,126.41000366210938,121.50499725341797,125.25,2772665410.0498962,1292,2.5223037578077534,,122.4817,2026-09-21 19:59:46-04:00,97.86933893333334,after_hours,-0.6636683142775879,,123.99,122.03,2026-09-21 16:00:01-04:00,"Vendor latest observation, no executable bid/ask or overnight-session venue feed; after-hours bar volumes and extremes may include late regular-session batches and are not reliable liquidity/support measures",8222,426,0.12393578204816347,"[0.11070174890296729, 0.13725787892435792]",0.03911364129360212,1.7433623511596072
SMMT,True,0.05915543474070363,0.007580574916678976,0.0694744013094099,0.20975878643574555,0.11444549389925793,0.01306032436765965,0.12003273045116702,0.3306207418405074,0.08680046431998079,0.010320449642169313,0.09475356588028847,0.27018976413812645,16.899999618530273,-5.322133011972696,0.8706554252088937,0.9942466530395694,5.883116422969689,56.30196723808341,16.36759149299873,15.456968347663143,24.382312643796176,28.41945147783287,0.1460674879692424,18.420000076293945,16.639999389648438,18.829999923706055,106575901.33984089,2512,8.994085751913538,,16.99,2026-09-21 19:57:48-04:00,99.83801886666667,after_hours,0.5325466479362717,,16.99,16.6,2026-09-21 16:00:00-04:00,"Vendor latest observation, no executable bid/ask or overnight-session venue feed; after-hours bar volumes and extremes may include late regular-session batches and are not reliable liquidity/support measures",9138,426,0.11435762748960385,"[0.10250882816324015, 0.12734441388157403]",0.0552900591585543,0.5354889794236539
RBRK,True,0.0669683048314372,0.008708982290539036,0.07738909193628159,0.24525767705060836,0.10377998615684104,0.011941113527590265,0.11144649592798556,0.26730056085651654,0.08537414549413913,0.01032504790906465,0.09441779393213356,0.2562791189535625,112.95999908447266,5.8569956457898975,0.8552283660771792,6.134925653729272,5.431060289883245,67.4288432415573,98.401488901072,91.25336755327078,8.821291795868213,12.858430629904905,0.9720664140585374,113.16000366210938,106.0,109.0,378911562.57987976,603,0.17705787823807384,,112.7,2026-09-21 18:34:00-04:00,183.63436713333334,after_hours,-0.23016916304878787,,113.16,112.5199,2026-09-21 16:00:02-04:00,"Vendor latest observation, no executable bid/ask or overnight-session venue feed; after-hours bar volumes and extremes may include late regular-session batches and are not reliable liquidity/support measures",9412,426,0.111347216319592,"[0.1000333529515984, 0.12370297475780447]",0.03681168132540384,2.3730540523422468
CAMT,True,0.0599726357503187,0.007591232504001386,0.07833347531572091,0.21661164012126707,0.09774992687176062,0.01347714145667022,0.10773853844354966,0.22457370416001537,0.07886128131103966,0.010534186980335803,0.09303600687963529,0.2205926721406412,149.6300048828125,0.34201299780367567,0.5466957871457809,7.763723098966492,5.188613811144963,53.70004022160957,144.16105425378348,148.53542442068422,-2.1162837348509322,1.9208550991857587,0.3361124062221845,152.02000427246094,148.4199981689453,150.97999572753906,51114662.02293396,2512,1.5972728140457138,,149.0,2026-09-21 19:43:57-04:00,113.67724088333333,after_hours,-0.4210418113037573,,150.04,146.64,2026-09-21 16:00:01-04:00,"Vendor latest observation, no executable bid/ask or overnight-session venue feed; after-hours bar volumes and extremes may include late regular-session batches and are not reliable liquidity/support measures",10503,426,0.1001618585166143,"[0.08863579108408932, 0.11205688444760277]",0.037777291121441924,0.7044237100312158
RBLX,True,0.06613674321730732,0.008776951495903648,0.07397147913334562,0.16328281431055267,0.09133494297581707,0.01230099306343001,0.10081471536041926,0.17848740794748086,0.0787358430965622,0.010538972279666829,0.08739309724688243,0.17088511112901678,51.25,7.172731758814765,0.9477956287401931,2.412567196129138,4.7074481875690495,68.34634255238646,45.19829884351333,44.62950085482486,29.530756466091113,33.5678953001278,0.8426676432291667,51.54499816894531,49.66999816894531,51.29999923706055,435993228.96032333,1390,0.5756061833079196,,51.16,2026-09-21 19:53:32-04:00,104.10367106666666,after_hours,-0.17560975609757223,,51.4,51.0,2026-09-21 16:00:02-04:00,"Vendor latest observation, no executable bid/ask or overnight-session venue feed; after-hours bar volumes and extremes may include late regular-session batches and are not reliable liquidity/support measures",10517,426,0.09974327279642484,"[0.08836612670106055, 0.11141119142439834]",0.025198199758509746,2.508407295845011
NET,True,0.06137204803113083,0.008016536771686705,0.0725656795305453,0.21470107734487012,0.09240654518316323,0.011926488079058212,0.09861239590627455,0.244759647833098,0.07688929660714702,0.009971512425372458,0.08558903771840992,0.22973036258898405,351.6700134277344,8.674291345729923,1.2436110391002806,18.400063593914687,5.232195777674904,65.41152578764537,311.7010782723018,292.6385041193878,15.92942862673521,19.9665674607719,0.9745098488981262,352.45001220703125,321.8500061035156,338.0,950163366.869812,1764,0.22179848992360807,,352.56,2026-09-21 19:59:26-04:00,98.20015841666667,after_hours,0.25307434193517775,269283.0,353.0,350.0,2026-09-21 16:04:38-04:00,"Vendor latest observation, no executable bid/ask or overnight-session venue feed; after-hours bar volumes and extremes may include late regular-session batches and are not reliable liquidity/support measures",10811,426,0.09647581167329572,"[0.08554579592573483, 0.10787250088850679]",0.031034497152032395,2.172217229110621
RDDT,True,0.06155342767691054,0.009497043743561572,0.07234224284170591,0.18115417104069167,0.09178383702875124,0.012106229867527546,0.10246235341109618,0.20949371722039636,0.07666863235283089,0.010801636805544558,0.08740229812640105,0.19532394413054402,158.72999572753906,5.223725094592346,1.1693932868361563,8.178223274709879,5.152285954034703,51.388415712721184,155.91399385853998,160.25705282818438,-0.48830806903568114,3.54883076500101,0.8118454981258806,160.35000610351562,151.74000549316406,166.17999267578125,718400917.6699066,627,1.020607584944,,158.4,2026-09-21 19:49:49-04:00,107.82019565,after_hours,-0.20789752184300347,583493.0,159.598,158.1344,2026-09-21 16:04:36-04:00,"Vendor latest observation, no executable bid/ask or overnight-session venue feed; after-hours bar volumes and extremes may include late regular-session batches and are not reliable liquidity/support measures",10839,426,0.09604207030168835,"[0.08522766757088113, 0.10732385570895507]",0.030230409351840702,0.3443292967687994
MDB,True,0.059582503190399455,0.00871629507556913,0.07435373686256282,0.19115352114935624,0.09227433968326301,0.011531093761659105,0.10861885437452479,0.2312980811426655,0.07592842143683123,0.010123694418614118,0.0914862956185438,0.21122580114601086,407.29998779296875,6.189381162134455,0.6319547512913934,21.77850905757969,5.347043876821755,54.71606210885789,390.3400837267737,381.06137756025976,-9.498689680695326,-5.4615508466586355,0.9891647075388377,407.6099853515625,379.0,457.8500061035156,776277421.2863159,2241,0.07611037758030736,,407.38,2026-09-21 19:59:59-04:00,97.65090151666666,after_hours,0.01964453951124323,,407.55,401.5944,2026-09-21 16:00:01-04:00,"Vendor latest observation, no executable bid/ask or overnight-session venue feed; after-hours bar volumes and extremes may include late regular-session batches and are not reliable liquidity/support measures",10936,425,0.09500731528895391,"[0.08501101799184795, 0.1057817700353849]",0.03269183649286356,0.7787449554675746
VKTX,True,0.06620472096784168,0.01003115217082011,0.07417527214918046,0.20824555293290184,0.08416355776290806,0.012361809431934215,0.09237357781503713,0.20544727335576637,0.07518413936537487,0.011196480801377163,0.0832744249821088,0.2068464131443341,30.110000610351562,3.8634040982270745,2.5944395004142757,1.528240544855434,5.075524788697738,38.51253069671417,31.82197193316665,33.02793871027722,-15.190868097459042,-11.153729263422353,0.7423581149739301,30.700000762939453,28.40999984741211,34.99399948120117,62927107.982940674,2512,1.9594823667491212,,30.65,2026-09-21 19:59:07-04:00,98.52149731666667,after_hours,1.7934220481642615,,30.95,29.96,2026-09-21 16:00:00-04:00,"Vendor latest observation, no executable bid/ask or overnight-session venue feed; after-hours bar volumes and extremes may include late regular-session batches and are not reliable liquidity/support measures",11092,425,0.09403173458348359,"[0.08412391200067533, 0.10476814843699225]",0.01795883679506638,-1.1202237295549797
TEAM,True,0.05156176911163881,0.00756250769217832,0.06407214640720602,0.20757558353522534,0.08585451878716335,0.019482052763421197,0.09276884149875866,0.17606784656090735,0.06870814394940108,0.01352228022779976,0.07842049395298234,0.19182171504806633,195.6699981689453,1.9008404412413915,0.8510569945828442,8.697799375296702,4.445136943164303,67.72593789830155,181.5319410699498,155.34456671193624,9.850295511694206,13.887434345730899,0.39524835877560704,198.47000122070312,193.83999633789062,198.60000610351562,690276981.2384796,2512,1.4309823059027282,,195.7,2026-09-21 19:57:08-04:00,100.50149835,after_hours,0.015332872354179017,,196.69,195.0,2026-09-21 16:00:00-04:00,"Vendor latest observation, no executable bid/ask or overnight-session venue feed; after-hours bar volumes and extremes may include late regular-session batches and are not reliable liquidity/support measures",12244,425,0.0833061091146684,"[0.07388911823945916, 0.09382059794551037]",0.03429274967552454,1.6254751907879268
TWLO,True,0.05525171855846988,0.007298965248748512,0.06685291838313527,0.19629532151083676,0.08139085237595646,0.011911584956398897,0.08700284727667225,0.2169058918881149,0.06832128546721317,0.009605275102573705,0.07692788282990376,0.20660060669947583,266.05999755859375,9.112533445871907,1.7130754552748944,11.732130441423791,4.409580752115903,68.40291619309251,236.50141188320808,224.25909633980768,14.054292126784107,18.091430960820798,0.9811990505950856,266.4800109863281,244.13999938964844,249.4459991455078,413156747.75497437,2512,0.1578641778502865,,265.95,2026-09-21 19:55:04-04:00,102.56874971666666,after_hours,-0.04134314049579757,425578.0,266.06,264.6882,2026-09-21 16:00:02-04:00,"Vendor latest observation, no executable bid/ask or overnight-session venue feed; after-hours bar volumes and extremes may include late regular-session batches and are not reliable liquidity/support measures",12318,425,0.08272446825783407,"[0.07329963778119968, 0.09339256486983186]",0.02613913381748658,2.5194559353875112
SHOP,True,0.054065904534749014,0.008822139636864842,0.06538328428069987,0.169166258787874,0.08012484704266948,0.01197416352898039,0.08698291455768242,0.21478731811403448,0.06709537578870925,0.010398151582922616,0.07618309941919114,0.19197678845095423,137.9199981689453,7.330737874665605,2.0860323772084373,6.141240159065589,4.452755394865121,51.26455165747461,136.14780265527915,134.7742966962285,-11.62842984311856,-7.591291009081869,0.9905497752474638,138.02999877929688,126.38999938964844,156.49000549316406,1093309881.067772,2512,0.07975682410958918,,138.95,2026-09-21 19:59:59-04:00,97.65134175,after_hours,0.7468110823152463,,146.202,136.76,2026-09-21 16:00:00-04:00,"Vendor latest observation, no executable bid/ask or overnight-session venue feed; after-hours bar volumes and extremes may include late regular-session batches and are not reliable liquidity/support measures",12530,425,0.0799680766161213,"[0.0708374418053146, 0.09010129856202698]",0.026058942507920464,0.28857290510778655
UPST,True,0.054866290653506004,0.00754905389350358,0.07284626562097778,0.17773916585732483,0.07893026543217485,0.012503670142265551,0.09485376415812004,0.18941534860249062,0.06689827804284043,0.010026362017884566,0.08385001488954891,0.18357725722990773,25.579999923706055,2.319999694824215,1.1716399758528688,1.267791443974303,4.956182360264152,39.88990239586677,26.80796407429523,28.402630270188855,-19.614694715890856,-15.577555881854167,0.4615375586510049,25.93000030517578,25.280000686645508,31.799999237060547,108582205.11127472,1446,1.3682579457139354,,25.74,2026-09-21 19:57:41-04:00,99.95339845,after_hours,0.6254889631397642,,25.79,25.5,2026-09-21 16:00:00-04:00,"Vendor latest observation, no executable bid/ask or overnight-session venue feed; after-hours bar volumes and extremes may include late regular-session batches and are not reliable liquidity/support measures",12562,425,0.07944594809743671,"[0.07041203937495231, 0.08964545431245341]",0.024063974778668847,-0.9685852956537752
DDOG,True,0.05381938774986955,0.007483065272398198,0.06897441121275842,0.17868459402160308,0.0799167260982015,0.010959701746112544,0.09543048845259057,0.20885579247145433,0.06686805692403552,0.00922138350925537,0.0822024498326745,0.19377019324652872,245.0500030517578,6.580551932544365,0.7970518916120595,12.416169863807598,5.066790332251144,56.957989555238456,231.12717038703772,234.0599757235938,-0.03492844018611052,4.00221039385058,0.9859287526973538,245.30999755859375,226.83299255371094,251.99000549316406,827499611.2952423,1760,0.10609855278436164,,244.9,2026-09-21 19:59:58-04:00,97.66668105000001,after_hours,-0.06121324215047075,,245.7,243.48,2026-09-21 16:00:01-04:00,"Vendor latest observation, no executable bid/ask or overnight-session venue feed; after-hours bar volumes and extremes may include late regular-session batches and are not reliable liquidity/support measures",12566,425,0.07942065892089765,"[0.07038605452010614, 0.08959218722097063]",0.026097338348331944,1.1213468257473125
S,True,0.04904684448872201,0.006800986842366788,0.0626599433824784,0.18291868821491156,0.07798336504154309,0.010867193309563797,0.09063588123704641,0.20877424061244537,0.06351510476513256,0.008834090075965292,0.07664791230976241,0.19584646441367848,23.799999237060547,5.730781852785394,0.8675474740992798,1.206661272276445,5.070005508224862,63.38753287662495,21.647654631646567,20.493194409729877,8.279985456772131,12.317124290808824,0.9965390524765179,23.80500030517578,22.360000610351562,24.2549991607666,203525683.70531082,1312,0.02101289191407396,,23.81,2026-09-21 19:44:35-04:00,113.05075131666668,after_hours,0.04202001369764119,,23.85,23.6688,2026-09-21 16:00:02-04:00,"Vendor latest observation, no executable bid/ask or overnight-session venue feed; after-hours bar volumes and extremes may include late regular-session batches and are not reliable liquidity/support measures",13256,425,0.07385334942667471,"[0.06522690433816988, 0.08354242787211821]",0.028936520552821074,1.7837189730581489
PANW,True,0.04649227971212997,0.006381440031471699,0.06203790175897021,0.18312320336811408,0.07803773473895156,0.009848246536690782,0.09519825702858288,0.2257922472922912,0.062265007225540764,0.008114843284081241,0.07861807939377655,0.20445772533020262,371.760009765625,2.2498551888068485,0.7655142398762047,18.89931261234266,5.083740078514006,55.923400370480294,358.7192658243726,345.4951278641539,-0.15583700992340965,3.8813018241132813,0.835003677574707,374.55999755859375,357.5899963378906,387.3299865722656,2503157794.789276,2512,0.7531707874480542,,371.57,2026-09-21 19:59:53-04:00,97.75045993333333,after_hours,-0.051110867396630955,,372.2099,368.0,2026-09-21 16:00:01-04:00,"Vendor latest observation, no executable bid/ask or overnight-session venue feed; after-hours bar volumes and extremes may include late regular-session batches and are not reliable liquidity/support measures",13542,425,0.07140747304681731,"[0.06293200440781968, 0.08101979595338449]",0.031545455026821594,0.6900115474430443
RNG,True,0.045387481768087316,0.006309968751750584,0.0592725089946563,0.17920831572532805,0.07551642346892008,0.01617301887831226,0.07757893677947456,0.1868435833801408,0.060451952618503696,0.011241493815031423,0.06842572288706543,0.18302594955273443,77.30000305175781,7.570278868913083,0.9818122524407726,3.3729743070771994,4.363485347883822,67.79388222157263,70.55288829531389,62.88589796442377,11.31877906999188,15.355917904028571,0.9186515955876676,77.70999908447266,72.66999816894531,77.94999694824219,104034103.9458847,2512,0.530395881666812,,77.0464,2026-09-21 19:52:49-04:00,104.8184572,after_hours,-0.3280763800073916,216686.0,79.0,76.6915,2026-09-21 16:00:03-04:00,"Vendor latest observation, no executable bid/ask or overnight-session venue feed; after-hours bar volumes and extremes may include late regular-session batches and are not reliable liquidity/support measures",13953,425,0.06837239303375618,"[0.060249392004412296, 0.07762522233203462]",0.030128941700832766,2.000345731151013
VERA,True,0.04557040583559796,0.0059950300618989635,0.06198737321274607,0.15401970381203617,0.07143625220705718,0.010718596849498767,0.08764065437931748,0.16857049494030701,0.05850332902132757,0.008356813455698865,0.07481401379603178,0.1612950993761716,34.25,0.7352941176470562,0.45336368977673325,2.078292002669503,6.0680058472102285,50.872156669913124,33.98272159661198,34.491373239698625,2.082143523045432,6.119282357082123,0.4511273451101531,34.97999954223633,33.650001525878906,37.13999938964844,93078954.11754608,1344,2.131385524777607,,34.25,2026-09-21 19:30:02-04:00,127.60496663333333,after_hours,0.0,,34.49,34.22,2026-09-21 16:00:00-04:00,"Vendor latest observation, no executable bid/ask or overnight-session venue feed; after-hours bar volumes and extremes may include late regular-session batches and are not reliable liquidity/support measures",14399,425,0.06396277519272171,"[0.056208859644003, 0.07295989301984893]",0.025865846371459222,0.12860483658923197
MPWR,True,0.047726685034889235,0.006551211624875049,0.06415365257852278,0.16156217563263536,0.06638455523459648,0.01043713415813482,0.08401293579319978,0.17070268523743054,0.05705562013474286,0.008494172891504934,0.07408329418586128,0.16613243043503295,1277.6800537109375,4.917063761036489,1.5728655113684098,52.530292749429165,4.111380826276374,53.787547803564514,1230.9864178045716,1291.0765877943513,-6.9696436754690065,-2.932504841432315,0.9076452094847893,1283.8299560546875,1217.239990234375,1337.699951171875,800076972.3822021,2512,0.4813335174082223,,1277.7,2026-09-21 19:59:48-04:00,97.82859618333333,after_hours,0.0015611333216591916,,1285.0,1265.1,2026-09-21 16:00:01-04:00,"Vendor latest observation, no executable bid/ask or overnight-session venue feed; after-hours bar volumes and extremes may include late regular-session batches and are not reliable liquidity/support measures",14742,425,0.06118572785239452,"[0.05377560537957255, 0.06979452125940958]",0.018657870199707244,0.888889695115459
ORCL,True,0.04375363039698902,0.0057594565448025915,0.0618252477524834,0.16122469277675475,0.07008286420542406,0.010114304506072053,0.08912010704785835,0.1846567303941649,0.05691824730120654,0.007936880525437322,0.07547267740017087,0.17294071158545982,148.55999755859375,0.6435857626949648,0.7366774262510987,7.374301716403294,4.963854225626778,50.48292525455225,148.4380824966424,149.0567597655727,-2.6102279850763077,1.4269108489603832,0.628271958521572,149.97999572753906,146.16000366210938,170.6999969482422,4544479211.758347,2512,0.9558415403078113,,149.08,2026-09-21 19:59:56-04:00,97.69926178333334,after_hours,0.35002857428101386,1433046.0,149.25,148.3,2026-09-21 16:04:31-04:00,"Vendor latest observation, no executable bid/ask or overnight-session venue feed; after-hours bar volumes and extremes may include late regular-session batches and are not reliable liquidity/support measures",14765,425,0.06095496105655266,"[0.05355329398936877, 0.0695894040668764]",0.02632923380843504,0.01653242118913513
SOFI,True,0.04459402305485124,0.006133403100710965,0.06273787236993551,0.16853752156689114,0.06771489801433882,0.010711742253966745,0.08618476265728511,0.20204784765456815,0.056154460534595024,0.008422572677338855,0.07446131751361032,0.18529268461072965,16.969999313354492,0.058963616873008995,1.6171124954334017,0.7141390771244274,4.208244584679727,43.86898558065657,17.495908413693357,17.643811522719,-14.296263898615225,-10.259125064578534,0.20289750911518442,17.520000457763672,16.829999923706055,19.4950008392334,708983038.5905838,1435,3.2410204281879906,,17.0,2026-09-21 19:59:59-04:00,97.6532542,after_hours,0.17678661083915248,,17.01,16.95,2026-09-21 16:00:00-04:00,"Vendor latest observation, no executable bid/ask or overnight-session venue feed; after-hours bar volumes and extremes may include late regular-session batches and are not reliable liquidity/support measures",14948,425,0.05953973775755954,"[0.052146991029734975, 0.06794635259036089]",0.02312087495948758,-0.7364239224332958
ZS,True,0.04382581174961904,0.006077728914028759,0.057925302713460816,0.1623462055686578,0.0682139911702073,0.010531532284733355,0.08188612844414773,0.16589786594901243,0.05601990145991317,0.008304630599381057,0.06990571557880428,0.1641220357588351,207.1300048828125,4.976943614477802,0.7044994043417179,10.009454122266803,4.832450097188879,67.61677363917285,183.06963554692334,171.63279830642853,9.930238781647848,13.96737761568454,0.9541084108602866,207.75,194.24000549316406,199.75999450683594,649560917.6757812,2140,0.29932655944187037,,207.11,2026-09-21 19:59:31-04:00,98.11727773333334,after_hours,-0.009658128876022243,,208.0,206.0,2026-09-21 16:00:00-04:00,"Vendor latest observation, no executable bid/ask or overnight-session venue feed; after-hours bar volumes and extremes may include late regular-session batches and are not reliable liquidity/support measures",14956,425,0.05937416421503076,"[0.05208668027535502, 0.06778294292237846]",0.024388179420588255,2.403764385348949
KGS,True,0.041131536958529655,0.005689412747926776,0.0594997448194993,0.17279863659422334,0.06785513493167442,0.011137435140499401,0.0881726459796338,0.21713345255253066,0.054493335945102035,0.00841342394421309,0.07383619539956655,0.19496604457337702,56.2400016784668,-4.2397375841605855,0.9830330866540329,2.735613971551562,4.864178324871878,39.71497139781634,59.892826732727364,61.39636365274376,-12.530463734402087,-8.493324900365396,0.0,59.029998779296875,56.2400016784668,65.16999816894531,114941535.39388657,810,4.9608766315139,,57.54,2026-09-21 19:46:55-04:00,110.71434516666666,after_hours,2.311518994905981,,58.3539,56.24,2026-09-21 16:00:02-04:00,"Vendor latest observation, no executable bid/ask or overnight-session venue feed; after-hours bar volumes and extremes may include late regular-session batches and are not reliable liquidity/support measures",15230,425,0.05732107682206172,"[0.05035256677222847, 0.06548730055950272]",0.02672359797314476,-1.3352852749866566
AFRM,True,0.04319724340140733,0.0054515010970498864,0.06322097320053127,0.1645465423150792,0.06531509715130196,0.009871809060260446,0.08687273082877014,0.17901639460206106,0.05425617027635464,0.0076616550786551664,0.07504685201465071,0.17178146845857012,71.05000305175781,-0.2246819755257201,0.6805247820330472,3.5585770063512747,5.0085529254079795,45.3714228622353,72.52147721376349,73.46508427658345,-11.800342549867837,-7.763203715831146,0.3237183484331634,73.16000366210938,70.04000091552734,90.44000244140625,437764673.7085724,1428,2.969740351473993,,71.2,2026-09-21 19:59:24-04:00,98.23644618333333,after_hours,0.2111146260372676,,71.48,71.0,2026-09-21 16:00:01-04:00,"Vendor latest observation, no executable bid/ask or overnight-session venue feed; after-hours bar volumes and extremes may include late regular-session batches and are not reliable liquidity/support measures",15281,425,0.057129768994175774,"[0.050237162886071524, 0.06528365808646672]",0.022117853749894632,-0.4135007221649048
QCOM,True,0.04421275492340358,0.005657237835302582,0.05862745375128968,0.1531686332679801,0.0641430147498745,0.010613752436510492,0.07554395032830206,0.15522785360312583,0.05417788483663904,0.008135495135906537,0.06708570203979587,0.15419824343555297,194.22999572753906,9.28989106090139,1.3105763718435155,8.921968166963442,4.5935068543578375,65.86808854486924,176.69666292993904,174.06988346357178,17.447834375253812,21.4849732092905,0.9328357146720642,195.30999755859375,179.22999572753906,192.1199951171875,2440001170.9106445,2512,0.5560427610623364,,195.7558,2026-09-21 19:59:59-04:00,97.64496233333332,after_hours,0.7855657241538028,,195.88,193.2,2026-09-21 16:00:00-04:00,"Vendor latest observation, no executable bid/ask or overnight-session venue feed; after-hours bar volumes and extremes may include late regular-session batches and are not reliable liquidity/support measures",15301,425,0.05705509443827201,"[0.05018410475206665, 0.06520126539881047]",0.01993025982647091,1.96518665719107
CDNA,True,0.03870920169935148,0.004962467423793347,0.054528578507497726,0.1728997389795321,0.06875044964504967,0.012395066061358017,0.07541759388493562,0.20752417817676955,0.053729825672200575,0.008678766742575682,0.06497308619621667,0.19021195857815082,54.33000183105469,0.9288500520012066,0.6872935407674344,2.1066782741391665,3.877559733368171,71.34505988044741,50.90144197477843,45.2132991784451,7.729989635171841,11.767128469208533,0.6102951901176946,54.86000061035156,53.5,55.15999984741211,56689001.88875198,2512,0.9755176908422758,,54.76,2026-09-21 19:35:55-04:00,121.72120153333334,after_hours,0.7914562018283,,55.3042,54.33,2026-09-21 16:00:00-04:00,"Vendor latest observation, no executable bid/ask or overnight-session venue feed; after-hours bar volumes and extremes may include late regular-session batches and are not reliable liquidity/support measures",15379,425,0.05670069575395019,"[0.04971545144966297, 0.06479463912616246]",0.030041247945698193,1.627471977265841
GEV,True,0.04435992626688311,0.005995282884599989,0.06311490577970773,0.17604419544867778,0.062359228330409466,0.010014200727662608,0.08617807096887511,0.18558067200447434,0.05335957729864629,0.008004741806131298,0.07464648837429141,0.18081243372657607,946.219970703125,0.6263709023678343,1.153205782256218,40.52041912088826,4.282346639838727,49.68091786481161,939.5683652228458,968.4842961514405,-5.14807630114621,-1.1109374671095185,0.04589719616350285,962.8499755859375,945.4199829101562,983.3400268554688,2081884005.451355,623,1.7575199634028982,,948.7704,2026-09-21 19:54:51-04:00,102.78041101666666,after_hours,0.26953873051103194,,950.0,946.1,2026-09-21 16:00:02-04:00,"Vendor latest observation, no executable bid/ask or overnight-session venue feed; after-hours bar volumes and extremes may include late regular-session batches and are not reliable liquidity/support measures",15441,425,0.05614921313386439,"[0.049272280611680826, 0.06416174477702097]",0.01799930206352636,0.16415440966774844
PLTR,True,0.042074241493313534,0.00588807142110113,0.058796515490841285,0.16139899474737,0.06438404548482737,0.01056546592081184,0.08257875896779293,0.16940322344186395,0.05322914348907046,0.008226768670956484,0.0706876372293171,0.16540110909461697,183.08999633789062,3.0680009946902675,0.7606722374527344,7.045330435168944,3.8480149522570652,61.13127792903285,173.65047894442282,163.30151011842992,-2.2865587219184302,1.7505801121182607,0.9561921313636772,183.3800048828125,176.75999450683594,188.3699951171875,5093865385.1527405,1500,0.15839671785600196,,183.02,2026-09-21 19:59:44-04:00,97.89910998333333,after_hours,-0.038230563815966345,,187.035,182.16,2026-09-21 16:00:01-04:00,"Vendor latest observation, no executable bid/ask or overnight-session venue feed; after-hours bar volumes and extremes may include late regular-session batches and are not reliable liquidity/support measures",15480,425,0.05594315245478036,"[0.049006145070691315, 0.06408849347728143]",0.02230980399151384,1.3398260706620007
SNOW,True,0.03879205621591713,0.005274439846672498,0.05520220333193915,0.1547514454376787,0.06365680666202982,0.009581761726332131,0.08239707362676117,0.18799002220908043,0.05122443143897347,0.007428100786502315,0.06879963847935017,0.17137073382337956,339.3900146484375,2.093680511988083,0.6661275503481091,15.584963059016774,4.592051146572683,56.964712318908475,329.21683077641865,308.748167153399,-2.050836804651679,1.986302029385012,0.9865399795179981,339.5299987792969,329.1300048828125,384.55999755859375,1840998882.2781372,1510,0.04124580123678889,,338.25,2026-09-21 19:57:24-04:00,100.23319871666666,after_hours,-0.33590105755421096,,339.39,336.66,2026-09-21 16:00:03-04:00,"Vendor latest observation, no executable bid/ask or overnight-session venue feed; after-hours bar volumes and extremes may include late regular-session batches and are not reliable liquidity/support measures",15913,425,0.05253566266574499,"[0.045878209828901374, 0.06037965678042906]",0.024864750446112686,0.6527563673712462
DUOL,True,0.03642918047131432,0.005547901847010655,0.05103669985755326,0.12828688314515438,0.06197252636376541,0.012332993621506461,0.06470452930733447,0.14607183678214036,0.049200853417539867,0.008940447734258557,0.05787061458244387,0.13717935996364738,149.4199981689453,5.299509933697921,1.1045046324234142,7.607546657251749,5.091384520464318,53.509354311765954,146.64836808023293,140.21250373194175,-1.7857235351929068,2.251415298843784,0.7921918815169747,151.39999389648438,141.8719940185547,167.3800048828125,168087785.64826965,1293,1.3251209689484345,,149.0,2026-09-21 19:57:32-04:00,100.10394561666666,after_hours,-0.2810856472307166,,149.845,146.5,2026-09-21 16:00:01-04:00,"Vendor latest observation, no executable bid/ask or overnight-session venue feed; after-hours bar volumes and extremes may include late regular-session batches and are not reliable liquidity/support measures",16280,425,0.04950859950859951,"[0.04311694753662367, 0.057010794622047486]",0.025543345892451087,0.3643264002949468
CRM,True,0.030939060469309568,0.005184496807926578,0.046766989042095995,0.11728876486531717,0.059620261480406146,0.010908455532249662,0.07327256730973342,0.15473666724172966,0.04527966097485786,0.008046476170088121,0.06001977817591471,0.1360127160535234,236.4199981689453,-0.6304640263719463,0.6294169203388811,9.312336406081974,3.9388953888018365,52.44954269935243,238.74375133163335,217.33561557258818,9.189388233051643,13.226527067088334,0.03339848551163446,241.33999633789062,236.25,268.2699890136719,4134735612.5237274,2512,2.0810414546359457,,237.03,2026-09-21 19:59:25-04:00,98.21623413333333,after_hours,0.25801617281917544,,238.0,236.13,2026-09-21 16:00:03-04:00,"Vendor latest observation, no executable bid/ask or overnight-session venue feed; after-hours bar volumes and extremes may include late regular-session batches and are not reliable liquidity/support measures",16589,425,0.042618602688528545,"[0.037228564748240815, 0.04930911494562665]",0.02868120101109658,-0.2495349245727818
NOW,True,0.03208309115229773,0.004775430538281854,0.048068964149889745,0.12574403648682775,0.05599774436331509,0.010337491023315354,0.06715975695560379,0.14265855605702005,0.04404041775780641,0.007556460780798604,0.05761436055274677,0.1342012962719239,137.67999267578125,1.6313511738127673,0.6944779604880957,6.199243778759858,4.5026467958625505,54.98481274147189,135.24917213671088,126.44794498073496,3.123506600410675,7.160645434447366,0.45374310162872145,140.16000366210938,135.6199951171875,149.60000610351562,2163041980.054474,2512,1.8012864019888664,,137.8,2026-09-21 19:58:28-04:00,99.16639093333333,after_hours,0.08716395308165925,,137.9,137.13,2026-09-21 16:00:03-04:00,"Vendor latest observation, no executable bid/ask or overnight-session venue feed; after-hours bar volumes and extremes may include late regular-session batches and are not reliable liquidity/support measures",16546,425,0.04127885893871631,"[0.03592254350290534, 0.0477329991042585]",0.023914653211017357,0.39211565568674034
SE,True,0.032363519197350914,0.00475489128267253,0.05147247121145692,0.12128111555316465,0.05096194614234214,0.009924505846635316,0.06711896960757467,0.1282118316189477,0.041662732669846526,0.007339698564653923,0.05929572040951579,0.12474647358605617,102.6500015258789,0.8448772989650077,0.7020183618922595,4.092394465633778,3.986745645202988,38.271699096506914,108.62415140496972,108.75538286344162,-16.697733922921444,-12.660595088884751,0.7704416171435837,103.37999725341797,100.19999694824219,123.7300033569336,401004633.53523254,2240,0.7111502354483878,,102.9,2026-09-21 18:47:59-04:00,169.65674203333336,after_hours,0.2435445400924552,,102.91,102.4058,2026-09-21 16:00:02-04:00,"Vendor latest observation, no executable bid/ask or overnight-session venue feed; after-hours bar volumes and extremes may include late regular-session batches and are not reliable liquidity/support measures",16331,425,0.0383932398505909,"[0.033399731424378264, 0.04436843843749345]",0.018598426944991225,-1.4598177006784745
ASML,True,0.0341012461815331,0.004488502402107316,0.053346883540801894,0.13535722292478108,0.048576489509000446,0.008983168354701665,0.0677336911696032,0.13597905462070056,0.041338867845266775,0.006735835378404491,0.060540287355202546,0.1356681387727408,1711.3199462890625,1.869130763509852,1.0460803820135296,55.05851479389823,3.2173127481679096,51.854834298883645,1684.4933269869887,1704.5885279359838,-7.010336048295507,-2.973197214258816,0.7566310313378628,1722.3299560546875,1677.0899658203125,1790.0,2111600883.703003,2512,0.6433636088622574,,1717.99,2026-09-21 19:59:56-04:00,97.69511261666666,after_hours,0.3897607648062129,,1719.0,1708.6619,2026-09-21 16:00:01-04:00,"Vendor latest observation, no executable bid/ask or overnight-session venue feed; after-hours bar volumes and extremes may include late regular-session batches and are not reliable liquidity/support measures",16297,425,0.037982450757808185,"[0.032979730998924546, 0.04395728419824356]",0.014475243327467344,0.48723833911057185
ETN,True,0.03291004160502858,0.004256213036066283,0.05103613977631929,0.1316523840728585,0.0481365718658484,0.008807850075946547,0.06642930528955063,0.130838743558669,0.04052330673543849,0.006532031556006415,0.05873272253293496,0.13124556381576374,435.42999267578125,2.50959435407907,1.0668189883571133,15.427414374044943,3.543029794351376,58.35283082823136,413.33122607462326,413.5205352352596,-0.16548330060734973,3.871655533429341,0.7680316181804537,438.260009765625,426.05999755859375,430.25,839511393.2847595,2512,0.6499361866308062,,436.4179,2026-09-21 19:51:20-04:00,106.29723168333334,after_hours,0.2268808627875929,,436.9,434.5705,2026-09-21 16:00:03-04:00,"Vendor latest observation, no executable bid/ask or overnight-session venue feed; after-hours bar volumes and extremes may include late regular-session batches and are not reliable liquidity/support measures",16167,425,0.03742190882662213,"[0.032484960981258026, 0.043334022091235665]",0.015226530260819826,1.4324348893056842
WDAY,True,0.029722552503599644,0.004317744934295556,0.04798511167123101,0.12844746585544634,0.05028477968066791,0.010820701210819223,0.06391993189013556,0.14029258612115306,0.04000366609213378,0.00756922307255739,0.05595252178068329,0.1343700259882997,191.9199981689453,-1.0058270992700513,0.5379152494387578,8.640296955814595,4.5020305534854295,52.33960306459562,191.26196534452603,178.75364968268445,-8.081934874273633,-4.0447960402369425,0.055901484493222006,196.47999572753906,191.64999389648438,211.8300018310547,736664714.2338562,2512,2.375988746404434,,192.3,2026-09-21 19:57:05-04:00,100.54941495,after_hours,0.19800012228021746,,194.0,191.66,2026-09-21 16:00:00-04:00,"Vendor latest observation, no executable bid/ask or overnight-session venue feed; after-hours bar volumes and extremes may include late regular-session batches and are not reliable liquidity/support measures",16110,425,0.03693358162631906,"[0.032095758589170326, 0.04276824042719015]",0.02056222717706827,0.07615858896799242
CEG,True,0.030483790806529965,0.004468510514569071,0.04820052209772153,0.11575320883350358,0.04577389416041167,0.00901747504431348,0.06271158778998553,0.1230077752379727,0.038128842483470815,0.006742992779441275,0.05545605494385353,0.11938049203573814,262.1099853515625,2.9052563474697646,1.2114321153547987,10.273979491791549,3.9197207531072427,42.45692704927207,272.5847714033629,272.55630913986846,-7.983935718577628,-3.9467968845409374,0.7555542479762163,265.8500061035156,250.5500030517578,305.79998779296875,774509262.9042816,1172,1.426889840513601,,263.0,2026-09-21 19:59:52-04:00,97.76404888333333,after_hours,0.33955770408506947,,265.0,262.0,2026-09-21 16:00:01-04:00,"Vendor latest observation, no executable bid/ask or overnight-session venue feed; after-hours bar volumes and extremes may include late regular-session batches and are not reliable liquidity/support measures",15769,425,0.035893208193290636,"[0.031108414714642537, 0.041597298889102456]",0.015290103353881708,-1.0195451587351587
KBH,True,0.029598583370528887,0.00417828914099756,0.04934441324964622,0.11612268514872326,0.0416835505926004,0.009761826466872426,0.05673938250411275,0.10428886614636146,0.03564106698156464,0.006970057803934993,0.05304189787687948,0.11020577564754236,47.86000061035156,1.5704620017851,1.197217580538608,1.7116639559685032,3.576397689385508,34.38717699899505,50.78816498073864,52.99610856903988,-17.60043749107997,-13.563298657043276,0.5213688589798766,48.41999816894531,47.25,57.18000030517578,64964899.389419556,2512,1.1700742821817434,,47.9873,2026-09-21 17:47:22-04:00,230.2723603166667,after_hours,0.26598284167365094,,48.2,47.5,2026-09-21 16:02:46-04:00,"Vendor latest observation, no executable bid/ask or overnight-session venue feed; after-hours bar volumes and extremes may include late regular-session batches and are not reliable liquidity/support measures",15080,425,0.033753315649867374,"[0.029004117283671076, 0.0393852382692705]",0.012084967222071512,-1.7107121758197272
AVGO,True,0.030373032650628143,0.0040485819474001825,0.049219462358587665,0.118843948421039,0.04057035538905542,0.008419896892506511,0.0603141996422053,0.11213697252048324,0.03547169401984178,0.006234239419953347,0.05476683100039648,0.11549046047076111,362.6600036621094,1.5968210285405515,0.9841488767222019,12.067156233049866,3.3274020049624347,48.99988662905221,360.4549274915308,372.7029591000979,-5.429355936993396,-1.3922171029567054,0.874880859039119,363.9700012207031,353.5,376.5899963378906,9628918458.44986,2512,0.36121919852354356,,364.499,2026-09-21 19:59:58-04:00,97.65803536666667,after_hours,0.5070855124140072,,364.5,357.61,2026-09-21 16:00:01-04:00,"Vendor latest observation, no executable bid/ask or overnight-session venue feed; after-hours bar volumes and extremes may include late regular-session batches and are not reliable liquidity/support measures",15031,425,0.03366376155944382,"[0.02893443679053998, 0.03923894474459567]",0.01019732273842728,0.18273370527343208
VST,True,0.028156558955546477,0.003831368706453712,0.04619948579721898,0.11101791856282683,0.04065761260577585,0.008607814755050583,0.0581500925817926,0.11239372767852253,0.034407085780661165,0.006219591730752147,0.052174789189505785,0.11170582312067467,140.77999877929688,0.2420936570636023,1.0166650833932716,4.928089634537216,3.500560930010422,45.5628282465793,143.1256464612051,145.94165122689262,-0.5127700682827641,3.524368765753927,0.5243550001967463,142.44000244140625,138.9499969482422,154.89999389648438,629905771.7717743,2503,1.1791473764052096,,141.88,2026-09-21 19:54:14-04:00,103.39754583333334,after_hours,0.7813618626518082,,141.89,140.5,2026-09-21 16:00:03-04:00,"Vendor latest observation, no executable bid/ask or overnight-session venue feed; after-hours bar volumes and extremes may include late regular-session batches and are not reliable liquidity/support measures",14730,425,0.032247114731839784,"[0.02751239762798372, 0.037641307924659355]",0.012501053650229372,-0.475975044258401
BILI,True,0.025255263392986917,0.0037931170385509107,0.043597096922794926,0.08846880386740211,0.040794323290818175,0.009521999927452727,0.05824982137623765,0.09434736267329587,0.033024793341902545,0.006657558483001819,0.05092345914951629,0.091408083270349,15.180000305175781,1.8791992873428365,0.5792235257563533,0.5395452769502113,3.554316640996691,41.353087528595736,15.744123058383355,16.76604915900303,-15.057063919730428,-11.019925085693739,0.9090913594681225,15.21500015258789,14.829999923706055,17.2549991607666,62964412.21139908,2132,0.23056552508879946,,15.18,2026-09-21 19:47:13-04:00,110.42325725,after_hours,-2.010380606431994e-06,,15.22,15.13,2026-09-21 16:00:01-04:00,"Vendor latest observation, no executable bid/ask or overnight-session venue feed; after-hours bar volumes and extremes may include late regular-session batches and are not reliable liquidity/support measures",14345,425,0.031578947368421054,"[0.027067068864969155, 0.03688898138661202]",0.015539059897831258,-1.0455522035079006
NVDA,True,0.023436761858148927,0.0032144615614056373,0.04104168178440335,0.09753645313370496,0.03693600149297779,0.008047805795015654,0.05475560039176479,0.10170593623791657,0.030186381675563357,0.005631133678210646,0.047898641088084074,0.09962119468581077,227.3800048828125,2.2990059441793553,0.8127660209447055,6.446061411692256,2.8349288738094796,58.3893933937331,219.23877064368435,215.4245518029345,1.9774048230440933,6.014543657080784,0.8386174750450728,228.5,221.55999755859375,234.75999450683594,29571382319.65149,2512,0.4925653501347771,,227.2938,2026-09-21 19:59:58-04:00,97.65786705000001,after_hours,-0.03791225303954038,,229.1204,223.1792,2026-09-21 16:00:00-04:00,"Vendor latest observation, no executable bid/ask or overnight-session venue feed; after-hours bar volumes and extremes may include late regular-session batches and are not reliable liquidity/support measures",13464,424,0.028966131907308377,"[0.024603659118311673, 0.03401057078942177]",0.01349923963482886,1.2629780759396878
TSM,True,0.025915641266781208,0.0032638718635928797,0.04342905006227846,0.10531557042187813,0.033436812111744485,0.007813935633976282,0.05061535251016094,0.09279796665460195,0.029676226689262848,0.005538903748784581,0.0470222012862197,0.09905676853824004,445.1400146484375,2.4087240659042664,1.0119944160758239,10.873120288812212,2.4426292696691356,61.93104309577383,424.9162184512675,420.46169027018584,2.4992448175104487,6.53638365154714,0.9330269830250448,445.7200012207031,437.05999755859375,444.2900085449219,4149649428.158722,2512,0.13029306581744393,,446.51,2026-09-21 19:56:22-04:00,101.2589221,after_hours,0.307765041667718,,446.669,444.01,2026-09-21 16:00:02-04:00,"Vendor latest observation, no executable bid/ask or overnight-session venue feed; after-hours bar volumes and extremes may include late regular-session batches and are not reliable liquidity/support measures",13302,424,0.028943016087806344,"[0.02465813347985649, 0.03398680122115584]",0.007521170844963277,1.8599809125609552
BABA,True,0.023878499859432262,0.003392997917475887,0.04172421248594468,0.08864240318923228,0.03335704149584912,0.00820055289777698,0.04956703411329874,0.08956550122137431,0.028617770677640694,0.005796775407626433,0.04564562329962171,0.08910395220530329,115.75,2.2165331893153617,0.8491444175896692,3.1559389095844623,2.7265130968332287,52.70204496487292,113.39086209606899,116.11637795628276,-7.045347689453585,-3.008208855416894,0.8421062494144101,116.19999694824219,113.3499984741211,125.7699966430664,1283937847.7204895,2512,0.38876626198030007,,116.37,2026-09-21 19:59:43-04:00,97.92295826666667,after_hours,0.5356371490280898,,116.41,110.3281,2026-09-21 16:03:28-04:00,"Vendor latest observation, no executable bid/ask or overnight-session venue feed; after-hours bar volumes and extremes may include late regular-session batches and are not reliable liquidity/support measures",12987,424,0.02825902825902826,"[0.0240096990807044, 0.03323395417902736]",0.00947854163641686,0.7475233112930054
NKE,True,0.021207427463356073,0.0032010275896156145,0.03851547128818503,0.08279873699317133,0.02983279428309881,0.009267749587310473,0.04088550539266898,0.07385627917312057,0.02552011087322744,0.006234388588463044,0.039700488340427005,0.07832750808314595,36.099998474121094,1.6615043099850402,1.3867813357200385,0.9865738534343399,2.7328916762741207,37.48693479847781,37.527612062152066,39.45384995467167,-14.530391729760373,-10.493252895723682,0.7425726868253477,36.36000061035156,35.349998474121094,41.34000015258789,1146103725.0522995,2512,0.7202275546267733,,36.1601,2026-09-21 19:59:50-04:00,97.80614113333333,after_hours,0.1664862283082602,,36.2,35.9828,2026-09-21 16:00:02-04:00,"Vendor latest observation, no executable bid/ask or overnight-session venue feed; after-hours bar volumes and extremes may include late regular-session batches and are not reliable liquidity/support measures",12060,424,0.026202321724709786,"[0.021903251416552562, 0.03116625164461649]",0.008625366819742738,-1.4470417830974731
FERG,True,0.0216790668784365,0.0028684857070697335,0.04137584699344933,0.09252839031864642,0.028203749992564774,0.008057653799686761,0.0434248095557709,0.07330973810912746,0.024941408435500637,0.005463069753378247,0.04240032827461011,0.08291906421388694,216.13999938964844,0.7974661998206178,0.8823742099706405,5.821116501424206,2.693215748062501,36.614723395368834,223.3857159120161,229.6398509076902,-14.811579682640518,-10.774440848603827,0.7135227741697256,217.75,212.1300048828125,243.67999267578125,309629632.98057556,2512,0.7448878573600437,,216.14,2026-09-21 16:20:00-04:00,317.63888314999997,after_hours,2.823871358970109e-07,,216.14,216.14,2026-09-21 16:00:02-04:00,"Vendor latest observation, no executable bid/ask or overnight-session venue feed; after-hours bar volumes and extremes may include late regular-session batches and are not reliable liquidity/support measures",11881,424,0.025839575793283394,"[0.021702923805062148, 0.030684868274404708]",0.006524683114128273,-1.2447296872678841
FDX,True,0.019759315715145567,0.002644399212193459,0.03838973186265294,0.09636480309307115,0.02685378744645312,0.008205523624021013,0.03931854121007236,0.07954882780682479,0.023306551580799344,0.005424961418107236,0.038854136536362646,0.08795681544994796,295.7900085449219,-2.5885017321100268,1.456652872857986,7.55655859139358,2.554703801039973,32.74515451457523,312.51965179262504,315.879530200041,-12.690022322732442,-8.65288348869575,0.3805541770481068,303.17999267578125,291.25,340.8299865722656,477797739.3482971,2512,2.49838869379424,,295.5,2026-09-21 19:48:18-04:00,109.33932326666667,after_hours,-0.09804541618849694,,295.8,295.0501,2026-09-21 16:00:02-04:00,"Vendor latest observation, no executable bid/ask or overnight-session venue feed; after-hours bar volumes and extremes may include late regular-session batches and are not reliable liquidity/support measures",11348,424,0.024497708847373987,"[0.02026201007618864, 0.02925430262497767]",0.007094471731307554,-2.213923579810143
AZO,True,0.019761041304474734,0.0028764654300434418,0.03684591247280891,0.09033869389230251,0.025747594984805694,0.009082048245326454,0.036524850713625524,0.07448841078332041,0.022754318144640212,0.005979256837684948,0.036685381593217214,0.08241355233781146,2803.25,-1.823271642148372,1.9368581693320193,70.12117288281925,2.5014241641958175,35.88865200889679,2915.9256909437036,2990.6942810839055,-9.26711073097789,-5.2299718969411995,0.0866375164837344,2870.719970703125,2796.85009765625,3046.469970703125,923577229.230957,2512,2.4068481477971915,,2815.0,2026-09-21 19:56:26-04:00,101.20511069999999,after_hours,0.4191563363952655,,2818.0,2803.0,2026-09-21 16:00:03-04:00,"Vendor latest observation, no executable bid/ask or overnight-session venue feed; after-hours bar volumes and extremes may include late regular-session batches and are not reliable liquidity/support measures",11161,424,0.02446017381955022,"[0.020153266556107687, 0.029248239238831644]",0.00598655368033096,-1.6068711676000902
PDD,True,0.01875089182481258,0.0026418253797977505,0.03681461528065681,0.0783370867856692,0.02629911105989649,0.008479218291514375,0.0381516739167338,0.06882322007567178,0.022525001442354538,0.005560521835656063,0.037483144598695305,0.07358015343067048,79.30000305175781,0.5069727733119311,0.8651457918510356,2.0072453129292667,2.531204584720092,40.60638635548713,81.1245492958895,83.86297119802613,-14.310950198416428,-10.273811364379737,0.658684002540077,79.87000274658203,78.19999694824219,91.9000015258789,614905686.8471527,2049,0.7187889948152781,,79.43,2026-09-21 19:59:43-04:00,97.92311058333333,after_hours,0.1639305715503525,,79.68,79.13,2026-09-21 16:00:00-04:00,"Vendor latest observation, no executable bid/ask or overnight-session venue feed; after-hours bar volumes and extremes may include late regular-session batches and are not reliable liquidity/support measures",11082,424,0.02418336040425916,"[0.0198675393162487, 0.02891056280026757]",0.007548219235083909,-0.908980199071451
COST,True,0.012702289409362067,0.0017574690692129745,0.028661417617764327,0.058963319779035066,0.015980728317188664,0.00760647901258962,0.02549755660806046,0.03966724351289523,0.014341508863275365,0.004681974040901297,0.027079487112912394,0.049315281645965145,898.47998046875,0.35406539844304863,1.0309017586560718,14.260289233383988,1.5871571480028066,37.954972174920535,916.1049687936809,933.761249254144,-9.234767959451462,-5.197629125414771,0.9311318648119689,899.4400024414062,885.5,974.489990234375,1931414250.2996826,2512,0.10684956743893803,,898.01,2026-09-21 19:59:55-04:00,97.72250963333333,after_hours,-0.05230839628778128,,899.0,897.0,2026-09-21 16:00:01-04:00,"Vendor latest observation, no executable bid/ask or overnight-session venue feed; after-hours bar volumes and extremes may include late regular-session batches and are not reliable liquidity/support measures",8224,423,0.016658560311284046,"[0.01317494250106587, 0.020645788870297766]",0.0032784389078265967,-1.2359488672691141
