symbol,factor,standardized_value,log_odds_contribution
ALAB,ret1,3.633913763090712,0.08872589926694784
ALAB,ret3,4.446745639037579,0.06260028892605203
ALAB,ret5,4.245158902224861,-0.03211456948158846
ALAB,ret20,1.1720541378678613,0.003459588846635902
ALAB,ret60,-0.707898418726022,-0.018014161040021435
ALAB,ema10_dist,3.30596229473,0.12380274406140131
ALAB,ema20_dist,2.2683261074119963,0.209575088618523
ALAB,ema50_dist,1.019461343638199,0.08076492999479518
ALAB,ema200_dist,1.1582622448814304,0.03795862325619007
ALAB,atr_pct,1.1144978919556443,0.4699454376635754
ALAB,rv20,1.687693323095448,0.03952015996918883
ALAB,rv60,2.328465883317708,0.44350113457915996
ALAB,volume_ratio,1.000335503669185,0.15897196466991761
ALAB,range_position,1.3823728195500575,0.006673747825824868
ALAB,gap,0.9705286410466996,0.017630149418112754
ALAB,intraday,3.7030280182127897,0.02080318254644909
ALAB,drawdown60,-1.3154497672049272,0.27377715595591373
ALAB,high20_dist,1.601293027932828,-0.17563522218478198
ALAB,rsi14,0.6701780512502644,-0.04691223691648356
ALAB,QQQ_r1,1.7720263895119432,-0.015246052551542563
ALAB,QQQ_r5,1.3849311945162743,-0.03961821333024871
ALAB,QQQ_r20,0.4728186728686765,-0.039046460457921504
ALAB,SMH_r1,1.8318781902015056,-0.12462766576348204
ALAB,SMH_r5,2.271195221246112,0.042882984638924496
ALAB,IWM_r1,0.3059689941344449,0.020524689601908088
ALAB,JNK_r20,-0.28295898003394104,-0.0017435142482392532
ALAB,TLT_r20,0.053716344972665434,0.0004966900718226125
ALAB,BZ=F_r5,-0.16886116280886232,0.00874214071067146
ALAB,VIX_level,-0.6755661419776692,-0.129335485227062
ALAB,VIX_r5,-0.7977927859872082,-0.06660982784358378
ALAB,rs20,1.130031307317062,0.05552845940887758
ALAB,beta60,5.408508942866753,0.5652970622191886
AAOI,ret1,0.9622891292087491,0.02349532044790109
AAOI,ret3,2.0420057433701437,0.028746899395688228
AAOI,ret5,1.7277935505964706,-0.013070734761280718
AAOI,ret20,-0.9641485640655044,-0.002845907463633812
AAOI,ret60,-0.9585803614069973,-0.02439336004064567
AAOI,ema10_dist,1.070617337976502,0.04009282395400965
AAOI,ema20_dist,0.22588423960426718,0.02086988699636461
AAOI,ema50_dist,-0.615911424847476,-0.048794437789349686
AAOI,ema200_dist,-0.14383992802094336,-0.004713928698853009
AAOI,atr_pct,1.6750164590096615,0.7062968432732718
AAOI,rv20,1.1956088246104022,0.027997178967629686
AAOI,rv60,3.061607635212207,0.5831420892103162
AAOI,volume_ratio,0.1704505770945078,0.02708777507190848
AAOI,range_position,0.8753436333586415,0.004225938608861178
AAOI,gap,1.4386939884624415,0.026134612530525982
AAOI,intraday,0.15187947795330817,0.0008532413174791429
AAOI,drawdown60,-1.3450679057493575,0.27994141242359466
AAOI,high20_dist,-1.1141332949778673,0.12220189896131212
AAOI,rsi14,-0.20348254456492387,0.014243709296641734
AAOI,QQQ_r1,1.7720263895119432,-0.015246052551542563
AAOI,QQQ_r5,1.3849311945162743,-0.03961821333024871
AAOI,QQQ_r20,0.4728186728686765,-0.039046460457921504
AAOI,SMH_r1,1.8318781902015056,-0.12462766576348204
AAOI,SMH_r5,2.271195221246112,0.042882984638924496
AAOI,IWM_r1,0.3059689941344449,0.020524689601908088
AAOI,JNK_r20,-0.28295898003394104,-0.0017435142482392532
AAOI,TLT_r20,0.053716344972665434,0.0004966900718226125
AAOI,BZ=F_r5,-0.16886116280886232,0.00874214071067146
AAOI,VIX_level,-0.6755661419776692,-0.129335485227062
AAOI,VIX_r5,-0.7977927859872082,-0.06660982784358378
AAOI,rs20,-1.3313688522965288,-0.06542195848406605
AAOI,beta60,5.485943979204359,0.5733905680295502
CIFR,ret1,0.8811144572380505,0.02151335383068174
CIFR,ret3,2.1611687118353506,0.030424448970307584
CIFR,ret5,2.7041924040732717,-0.020457178836504906
CIFR,ret20,1.1927754659553822,0.003520752638668137
CIFR,ret60,-1.127759921853917,-0.028698536837135132
CIFR,ema10_dist,2.136793397119785,0.0800193294634409
CIFR,ema20_dist,1.5343587066720386,0.1417624039474097
CIFR,ema50_dist,0.288763067221463,0.022876717253440666
CIFR,ema200_dist,0.013711140706029346,0.00044934213022376307
CIFR,atr_pct,1.9271297737924336,0.8126043588922605
CIFR,rv20,1.9144850167918521,0.04483086653649701
CIFR,rv60,3.215158553846522,0.6123888164730575
CIFR,volume_ratio,0.2663524226777942,0.042328366605374555
CIFR,range_position,0.40413006635722415,0.0019510381812772037
CIFR,gap,0.8737364502851751,0.015871869740975396
CIFR,intraday,0.45173853591146257,0.002537814777422995
CIFR,drawdown60,-1.1368458865729576,0.23660533556325206
CIFR,high20_dist,0.6147500639489445,-0.0674278612261035
CIFR,rsi14,0.3110663915286474,-0.021774542196545538
CIFR,QQQ_r1,1.7720263895119432,-0.015246052551542563
CIFR,QQQ_r5,1.3849311945162743,-0.03961821333024871
CIFR,QQQ_r20,0.4728186728686765,-0.039046460457921504
CIFR,SMH_r1,1.8318781902015056,-0.12462766576348204
CIFR,SMH_r5,2.271195221246112,0.042882984638924496
CIFR,IWM_r1,0.3059689941344449,0.020524689601908088
CIFR,JNK_r20,-0.28295898003394104,-0.0017435142482392532
CIFR,TLT_r20,0.053716344972665434,0.0004966900718226125
CIFR,BZ=F_r5,-0.16886116280886232,0.00874214071067146
CIFR,VIX_level,-0.6755661419776692,-0.129335485227062
CIFR,VIX_r5,-0.7977927859872082,-0.06660982784358378
CIFR,rs20,1.1539070753871377,0.05670168762791044
CIFR,beta60,2.759564310798801,0.2884295125289422
CRDO,ret1,1.891394682325911,0.046180428320169914
CRDO,ret3,2.6547832560831264,0.03737344394243739
CRDO,ret5,3.2172827961725283,-0.024338700689260806
CRDO,ret20,-1.347960260095376,-0.003978816447862878
CRDO,ret60,-1.2580725767083665,-0.03201465266393051
CRDO,ema10_dist,1.7125585206367542,0.06413244475248314
CRDO,ema20_dist,0.1654619140773241,0.015287350082704534
CRDO,ema50_dist,-0.7968959142637903,-0.06313259755290412
CRDO,ema200_dist,-0.1578590235183549,-0.005173363137582617
CRDO,atr_pct,1.429861019404696,0.6029232243617101
CRDO,rv20,1.805480896154256,0.042278352862391
CRDO,rv60,2.1371411200910972,0.40705965172471126
CRDO,volume_ratio,0.46356923613786716,0.07366979574258997
CRDO,range_position,1.1986417878431626,0.005786740676921614
CRDO,gap,1.4249441743471436,0.025884840120860113
CRDO,intraday,1.2722541799434197,0.007147376638975505
CRDO,drawdown60,-1.649132195474452,0.3432246015989384
CRDO,high20_dist,-1.6272338925753822,0.17848050374517324
CRDO,rsi14,-0.32953875656696113,0.02306760150141008
CRDO,QQQ_r1,1.7720263895119432,-0.015246052551542563
CRDO,QQQ_r5,1.3849311945162743,-0.03961821333024871
CRDO,QQQ_r20,0.4728186728686765,-0.039046460457921504
CRDO,SMH_r1,1.8318781902015056,-0.12462766576348204
CRDO,SMH_r5,2.271195221246112,0.042882984638924496
CRDO,IWM_r1,0.3059689941344449,0.020524689601908088
CRDO,JNK_r20,-0.28295898003394104,-0.0017435142482392532
CRDO,TLT_r20,0.053716344972665434,0.0004966900718226125
CRDO,BZ=F_r5,-0.16886116280886232,0.00874214071067146
CRDO,VIX_level,-0.6755661419776692,-0.129335485227062
CRDO,VIX_r5,-0.7977927859872082,-0.06660982784358378
CRDO,rs20,-1.7736087993832341,-0.08715312893198193
CRDO,beta60,3.956902931810352,0.4135752804456432
UMAC,ret1,1.343186158373504,0.032795329651203735
UMAC,ret3,1.6784313264812951,0.023628580204332637
UMAC,ret5,0.8749012842713929,-0.006618616341673129
UMAC,ret20,-0.8757354944867278,-0.0025849358416505414
UMAC,ret60,0.805488755540719,0.020497579560003025
UMAC,ema10_dist,0.5736164890754851,0.02148097559963603
UMAC,ema20_dist,0.13802064345013607,0.012751997381562588
UMAC,ema50_dist,0.16833942283451583,0.013336377868015573
UMAC,ema200_dist,0.8771820648144295,0.02874705074133393
UMAC,atr_pct,1.771964661304402,0.747176566498367
UMAC,rv20,1.4610605487046848,0.0342131747630398
UMAC,rv60,2.9553036127144683,0.5628944424975802
UMAC,volume_ratio,-0.41403019885447545,-0.06579711896973649
UMAC,range_position,-0.11766321398873097,-0.000568048363966277
UMAC,gap,2.366541047143444,0.042989429163305184
UMAC,intraday,-0.03603514644708927,-0.00020244127939075918
UMAC,drawdown60,-1.2650149878540018,0.2632804492049601
UMAC,high20_dist,-0.529685279576979,0.058097668661312385
UMAC,rsi14,-0.12366441161721843,0.008656466986797942
UMAC,QQQ_r1,1.7720263895119432,-0.015246052551542563
UMAC,QQQ_r5,1.3849311945162743,-0.03961821333024871
UMAC,QQQ_r20,0.4728186728686765,-0.039046460457921504
UMAC,SMH_r1,1.8318781902015056,-0.12462766576348204
UMAC,SMH_r5,2.271195221246112,0.042882984638924496
UMAC,IWM_r1,0.3059689941344449,0.020524689601908088
UMAC,JNK_r20,-0.28295898003394104,-0.0017435142482392532
UMAC,TLT_r20,0.053716344972665434,0.0004966900718226125
UMAC,BZ=F_r5,-0.16886116280886232,0.00874214071067146
UMAC,VIX_level,-0.6755661419776692,-0.129335485227062
UMAC,VIX_r5,-0.7977927859872082,-0.06660982784358378
UMAC,rs20,-1.2294965237126487,-0.060416067562257605
UMAC,beta60,3.7718933336000595,0.39423808724592263
NBIS,ret1,1.2031385673895234,0.02937591761770105
NBIS,ret3,1.849438901446983,0.02603598653479963
NBIS,ret5,1.2306077744978499,-0.009309531112718003
NBIS,ret20,0.29598518233533244,0.0008736687175897802
NBIS,ret60,-0.5296373389260984,-0.013477883357041084
NBIS,ema10_dist,1.0850940313727082,0.0406349518452572
NBIS,ema20_dist,0.7797847897786901,0.07204584291793045
NBIS,ema50_dist,0.5506332276852026,0.043622893957013346
NBIS,ema200_dist,1.140701426530801,0.037383119314153036
NBIS,atr_pct,1.3547397773784826,0.5712471797351087
NBIS,rv20,0.6260354420929322,0.014659666231609128
NBIS,rv60,3.5927240567280454,0.6843034320599155
NBIS,volume_ratio,0.20347662846610196,0.03233623046769759
NBIS,range_position,0.5833892713947243,0.0028164564772384187
NBIS,gap,0.5224721575183935,0.009490974108624782
NBIS,intraday,1.0946344437425488,0.006149529531725636
NBIS,drawdown60,-0.2906085565928045,0.06048272317496762
NBIS,high20_dist,-9.177981233066345e-05,1.0066719488302094e-05
NBIS,rsi14,0.2496474820107301,-0.017475239303707823
NBIS,QQQ_r1,1.7720263895119432,-0.015246052551542563
NBIS,QQQ_r5,1.3849311945162743,-0.03961821333024871
NBIS,QQQ_r20,0.4728186728686765,-0.039046460457921504
NBIS,SMH_r1,1.8318781902015056,-0.12462766576348204
NBIS,SMH_r5,2.271195221246112,0.042882984638924496
NBIS,IWM_r1,0.3059689941344449,0.020524689601908088
NBIS,JNK_r20,-0.28295898003394104,-0.0017435142482392532
NBIS,TLT_r20,0.053716344972665434,0.0004966900718226125
NBIS,BZ=F_r5,-0.16886116280886232,0.00874214071067146
NBIS,VIX_level,-0.6755661419776692,-0.129335485227062
NBIS,VIX_r5,-0.7977927859872082,-0.06660982784358378
NBIS,rs20,0.12059701298316182,0.005926000719543316
NBIS,beta60,5.057241604904888,0.5285826190517625
ACMR,ret1,1.8169087337543117,0.044361774053551926
ACMR,ret3,2.030651202687775,0.028587052715658038
ACMR,ret5,1.1153513244338045,-0.008437617632201848
ACMR,ret20,-0.6633926165234114,-0.001958156729210533
ACMR,ret60,-1.3199462561845379,-0.03358917578297961
ACMR,ema10_dist,0.8520326604776024,0.03190719433346664
ACMR,ema20_dist,0.07972325184325679,0.007365787271685575
ACMR,ema50_dist,-0.5447549980092716,-0.04315720213727685
ACMR,ema200_dist,0.11657114739502716,0.0038202749731884827
ACMR,atr_pct,1.0312079614825047,0.43482493800925553
ACMR,rv20,0.5737124109444662,0.013434435004606591
ACMR,rv60,2.010992266348211,0.3830321750235648
ACMR,volume_ratio,1.243849982290711,0.1976709561083309
ACMR,range_position,0.8575906895337675,0.004140231867106947
ACMR,gap,2.160883147540056,0.039253548174659016
ACMR,intraday,0.6631021182277532,0.003725230904163342
ACMR,drawdown60,-2.3326533923902586,0.4854820210706157
ACMR,high20_dist,-0.4665583413163818,0.051173693077931466
ACMR,rsi14,-0.29249830987228426,0.0204747827607913
ACMR,QQQ_r1,1.7720263895119432,-0.015246052551542563
ACMR,QQQ_r5,1.3849311945162743,-0.03961821333024871
ACMR,QQQ_r20,0.4728186728686765,-0.039046460457921504
ACMR,SMH_r1,1.8318781902015056,-0.12462766576348204
ACMR,SMH_r5,2.271195221246112,0.042882984638924496
ACMR,IWM_r1,0.3059689941344449,0.020524689601908088
ACMR,JNK_r20,-0.28295898003394104,-0.0017435142482392532
ACMR,TLT_r20,0.053716344972665434,0.0004966900718226125
ACMR,BZ=F_r5,-0.16886116280886232,0.00874214071067146
ACMR,VIX_level,-0.6755661419776692,-0.129335485227062
ACMR,VIX_r5,-0.7977927859872082,-0.06660982784358378
ACMR,rs20,-0.9848283593859752,-0.04839335089636763
ACMR,beta60,4.279609258427396,0.4473045282518726
ARM,ret1,5.051984877833495,0.12334962538779683
ARM,ret3,5.41901908101146,0.07628773662901198
ARM,ret5,4.579718766079523,-0.034645510311124984
ARM,ret20,2.0351942065112443,0.006007346375989766
ARM,ret60,-0.4544886458923023,-0.011565545905158911
ARM,ema10_dist,4.337157502338529,0.1624192753413894
ARM,ema20_dist,3.3538871109264368,0.3098721943869352
ARM,ema50_dist,1.80722679567985,0.14317418364967613
ARM,ema200_dist,1.4059444060603916,0.0460756743687674
ARM,atr_pct,0.6998260591934174,0.2950925847862571
ARM,rv20,1.3554639135285482,0.031740453056281606
ARM,rv60,1.4732379132413678,0.28060651036750867
ARM,volume_ratio,3.244458858581845,0.5156050116662102
ARM,range_position,1.4629651990100239,0.007062827536878553
ARM,gap,3.4367684101718345,0.06243065688554345
ARM,intraday,3.519438389810663,0.019771797276205445
ARM,drawdown60,0.2668033937259763,-0.05552828861636371
ARM,high20_dist,2.8287796199030706,-0.3102700932226256
ARM,rsi14,1.3782312743569614,-0.0964757230525838
ARM,QQQ_r1,1.7720263895119432,-0.015246052551542563
ARM,QQQ_r5,1.3849311945162743,-0.03961821333024871
ARM,QQQ_r20,0.4728186728686765,-0.039046460457921504
ARM,SMH_r1,1.8318781902015056,-0.12462766576348204
ARM,SMH_r5,2.271195221246112,0.042882984638924496
ARM,IWM_r1,0.3059689941344449,0.020524689601908088
ARM,JNK_r20,-0.28295898003394104,-0.0017435142482392532
ARM,TLT_r20,0.053716344972665434,0.0004966900718226125
ARM,BZ=F_r5,-0.16886116280886232,0.00874214071067146
ARM,VIX_level,-0.6755661419776692,-0.129335485227062
ARM,VIX_r5,-0.7977927859872082,-0.06660982784358378
ARM,rs20,2.124568530214919,0.10439889286918394
ARM,beta60,3.416170384572772,0.35705794385089556
VICR,ret1,0.13486883502300973,0.003292967156249892
VICR,ret3,3.6300968214310094,0.05110368982119417
VICR,ret5,2.7465791690233683,-0.020777834138094732
VICR,ret20,0.6514971919517859,0.0019230446325552897
VICR,ret60,-1.340050029304071,-0.03410076416474076
VICR,ema10_dist,2.2188737775186484,0.0830931020661054
VICR,ema20_dist,1.627008676051573,0.15032251595236867
VICR,ema50_dist,0.2600912283654925,0.020605244114733478
VICR,ema200_dist,0.192941662243531,0.006323092978201142
VICR,atr_pct,1.1692341724634598,0.4930258449797207
VICR,rv20,1.6651306117797564,0.0389918163724391
VICR,rv60,2.1001252431585873,0.40000926565952244
VICR,volume_ratio,0.5417709638114574,0.08609750848821675
VICR,range_position,-1.4579861498749458,-0.007038789941614839
VICR,gap,1.693355272768482,0.030760665079044184
VICR,intraday,-1.0088852359114906,-0.005667800413028916
VICR,drawdown60,-2.208821476944334,0.4597095815046457
VICR,high20_dist,0.9494526677887617,-0.10413917212659494
VICR,rsi14,0.5053194620114634,-0.035372191429079464
VICR,QQQ_r1,1.7720263895119432,-0.015246052551542563
VICR,QQQ_r5,1.3849311945162743,-0.03961821333024871
VICR,QQQ_r20,0.4728186728686765,-0.039046460457921504
VICR,SMH_r1,1.8318781902015056,-0.12462766576348204
VICR,SMH_r5,2.271195221246112,0.042882984638924496
VICR,IWM_r1,0.3059689941344449,0.020524689601908088
VICR,JNK_r20,-0.28295898003394104,-0.0017435142482392532
VICR,TLT_r20,0.053716344972665434,0.0004966900718226125
VICR,BZ=F_r5,-0.16886116280886232,0.00874214071067146
VICR,VIX_level,-0.6755661419776692,-0.129335485227062
VICR,VIX_r5,-0.7977927859872082,-0.06660982784358378
VICR,rs20,0.5302291684066703,0.026054861192453406
VICR,beta60,3.2828817831971886,0.3431266264432952
SNDK,ret1,-0.4373427556665993,-0.010678192113012843
SNDK,ret3,2.6994578570437673,0.03800236296655263
SNDK,ret5,1.773838394831181,-0.013419063383012533
SNDK,ret20,0.5882593595781461,0.001736383545411941
SNDK,ret60,-1.0557392927976739,-0.026865800422272566
SNDK,ema10_dist,1.4098668014057352,0.052797147460919826
SNDK,ema20_dist,1.3133654535818255,0.12134440476768904
SNDK,ema50_dist,1.0274473338233772,0.0813976052230125
SNDK,ema200_dist,1.839056332421482,0.060269638225533134
SNDK,atr_pct,0.9867815249031017,0.41609183736111943
SNDK,rv20,0.9627529211161705,0.022544468792191262
SNDK,rv60,2.989118848731034,0.5693352049098
SNDK,volume_ratio,-0.09116678184170048,-0.01448810161075896
SNDK,range_position,-0.6789268636552501,-0.0032776879117806246
SNDK,gap,0.9427531716148991,0.017125593802203527
SNDK,intraday,-1.1881297579248515,-0.006674775378801559
SNDK,drawdown60,-0.7639212689416359,0.15899063392550836
SNDK,high20_dist,0.6998517376086585,-0.07676209993244205
SNDK,rsi14,0.601009577867428,-0.042070467174198475
SNDK,QQQ_r1,1.7720263895119432,-0.015246052551542563
SNDK,QQQ_r5,1.3849311945162743,-0.03961821333024871
SNDK,QQQ_r20,0.4728186728686765,-0.039046460457921504
SNDK,SMH_r1,1.8318781902015056,-0.12462766576348204
SNDK,SMH_r5,2.271195221246112,0.042882984638924496
SNDK,IWM_r1,0.3059689941344449,0.020524689601908088
SNDK,JNK_r20,-0.28295898003394104,-0.0017435142482392532
SNDK,TLT_r20,0.053716344972665434,0.0004966900718226125
SNDK,BZ=F_r5,-0.16886116280886232,0.00874214071067146
SNDK,VIX_level,-0.6755661419776692,-0.129335485227062
SNDK,VIX_r5,-0.7977927859872082,-0.06660982784358378
SNDK,rs20,0.4573645425183027,0.022474375948560922
SNDK,beta60,5.021787016787254,0.5248769074190724
BE,ret1,0.7863993685963371,0.019200783428147697
BE,ret3,0.14062097132130205,0.0019796305317074134
BE,ret5,0.7621645283736889,-0.00576576431332898
BE,ret20,2.216359678418116,0.006542098164115107
BE,ret60,-0.6153136550544359,-0.015658121248840917
BE,ema10_dist,0.7630422759371962,0.02857465366331318
BE,ema20_dist,1.2096478961274573,0.1117617366390768
BE,ema50_dist,1.0916177880763525,0.08648139018241069
BE,ema200_dist,1.1882841871941374,0.03894250372255524
BE,atr_pct,1.1392029132512274,0.4803626956315274
BE,rv20,0.9370236153869332,0.021941974094605667
BE,rv60,2.690276880079781,0.5124150013086823
BE,volume_ratio,-0.21552424680363408,-0.03425082167203435
BE,range_position,-0.19347815837309618,-0.0009340638216594314
BE,gap,0.8090654777471155,0.014697088430419725
BE,intraday,0.38313885995775493,0.002152429742669464
BE,drawdown60,0.19618123972311693,-0.040830097205021655
BE,high20_dist,0.3704507840427849,-0.040632291922156914
BE,rsi14,0.5865487410222726,-0.04105821348605551
BE,QQQ_r1,1.7720263895119432,-0.015246052551542563
BE,QQQ_r5,1.3849311945162743,-0.03961821333024871
BE,QQQ_r20,0.4728186728686765,-0.039046460457921504
BE,SMH_r1,1.8318781902015056,-0.12462766576348204
BE,SMH_r5,2.271195221246112,0.042882984638924496
BE,IWM_r1,0.3059689941344449,0.020524689601908088
BE,JNK_r20,-0.28295898003394104,-0.0017435142482392532
BE,TLT_r20,0.053716344972665434,0.0004966900718226125
BE,BZ=F_r5,-0.16886116280886232,0.00874214071067146
BE,VIX_level,-0.6755661419776692,-0.129335485227062
BE,VIX_r5,-0.7977927859872082,-0.06660982784358378
BE,rs20,2.333313103501184,0.11465636493167926
BE,beta60,4.248851769533917,0.4440897571760746
SMTC,ret1,-1.2413788500672474,-0.030309595104289953
SMTC,ret3,0.9501702928062973,0.013376284520627377
SMTC,ret5,2.669389929341142,-0.020193898587482793
SMTC,ret20,2.707461563370875,0.007991698953746875
SMTC,ret60,0.12003209271268708,0.003054502441167333
SMTC,ema10_dist,1.498819008037262,0.05612825843240755
SMTC,ema20_dist,1.985614679210885,0.18345482644585134
SMTC,ema50_dist,1.9062160324399566,0.1510164219327253
SMTC,ema200_dist,1.832541440640537,0.060056131894164234
SMTC,atr_pct,1.061037509502517,0.44740303268377585
SMTC,rv20,1.6499053217833188,0.03863529075963825
SMTC,rv60,2.027271445551306,0.3861328579660621
SMTC,volume_ratio,0.31482251950383605,0.05003116880714986
SMTC,range_position,-1.3765129415416628,-0.00664545781059522
SMTC,gap,1.4304500585626365,0.025984857325188345
SMTC,intraday,-2.4766926520441532,-0.01391377248525127
SMTC,drawdown60,0.637429577253301,-0.13266463010092466
SMTC,high20_dist,0.46780268308992823,-0.051310176682155206
SMTC,rsi14,0.8255134805935819,-0.057785664432175456
SMTC,QQQ_r1,1.7720263895119432,-0.015246052551542563
SMTC,QQQ_r5,1.3849311945162743,-0.03961821333024871
SMTC,QQQ_r20,0.4728186728686765,-0.039046460457921504
SMTC,SMH_r1,1.8318781902015056,-0.12462766576348204
SMTC,SMH_r5,2.271195221246112,0.042882984638924496
SMTC,IWM_r1,0.3059689941344449,0.020524689601908088
SMTC,JNK_r20,-0.28295898003394104,-0.0017435142482392532
SMTC,TLT_r20,0.053716344972665434,0.0004966900718226125
SMTC,BZ=F_r5,-0.16886116280886232,0.00874214071067146
SMTC,VIX_level,-0.6755661419776692,-0.129335485227062
SMTC,VIX_r5,-0.7977927859872082,-0.06660982784358378
SMTC,rs20,2.8991761917349157,0.14246223661196952
SMTC,beta60,2.8384464976906525,0.2966742744369725
FSLY,ret1,4.390216329252981,0.1071918370066411
FSLY,ret3,2.7423082270046955,0.03860560087532649
FSLY,ret5,1.3077421137106517,-0.009893051342023835
FSLY,ret20,0.5365850635330891,0.001583854910019336
FSLY,ret60,2.2096436720250803,0.05622964523717886
FSLY,ema10_dist,2.7816238615353606,0.10416714901852023
FSLY,ema20_dist,2.1716438350112166,0.20064242424543102
FSLY,ema50_dist,1.5894792169177012,0.12592353646721424
FSLY,ema200_dist,1.4276458007288337,0.046786873467238935
FSLY,atr_pct,1.4607581050646883,0.6159514629504216
FSLY,rv20,1.4308165570996634,0.03350496114983132
FSLY,rv60,1.6152087515669684,0.3076475884978199
FSLY,volume_ratio,1.4129318904603556,0.22454122416667235
FSLY,range_position,1.108855359449937,0.005353274413115223
FSLY,gap,0.7396034695546311,0.013435275505460668
FSLY,intraday,4.798144407819511,0.026955419594223914
FSLY,drawdown60,0.28769943003011167,-0.05987726303767774
FSLY,high20_dist,1.6618816955175013,-0.1822807916761146
FSLY,rsi14,0.8483245130326332,-0.05938242898764544
FSLY,QQQ_r1,1.7720263895119432,-0.015246052551542563
FSLY,QQQ_r5,1.3849311945162743,-0.03961821333024871
FSLY,QQQ_r20,0.4728186728686765,-0.039046460457921504
FSLY,SMH_r1,1.8318781902015056,-0.12462766576348204
FSLY,SMH_r5,2.271195221246112,0.042882984638924496
FSLY,IWM_r1,0.3059689941344449,0.020524689601908088
FSLY,JNK_r20,-0.28295898003394104,-0.0017435142482392532
FSLY,TLT_r20,0.053716344972665434,0.0004966900718226125
FSLY,BZ=F_r5,-0.16886116280886232,0.00874214071067146
FSLY,VIX_level,-0.6755661419776692,-0.129335485227062
FSLY,VIX_r5,-0.7977927859872082,-0.06660982784358378
FSLY,rs20,0.3978237880673749,0.019548610666400786
FSLY,beta60,0.6608964881589228,0.06907686520144525
CRWV,ret1,1.457449460199731,0.03558519062994088
CRWV,ret3,0.3823380741847819,0.005382469755247314
CRWV,ret5,0.3387133983594912,-0.0025623622616953
CRWV,ret20,-0.2949527950757737,-0.0008706213878349656
CRWV,ret60,-0.6768124857116943,-0.017223105447035078
CRWV,ema10_dist,0.17521958144235714,0.006561679493572583
CRWV,ema20_dist,-0.1463769737176585,-0.01352405508994022
CRWV,ema50_dist,-0.3540920879607755,-0.028052287489198056
CRWV,ema200_dist,-0.5770891781384705,-0.018912392936044457
CRWV,atr_pct,1.1135189787799225,0.46953266363850116
CRWV,rv20,0.8350624815270747,0.019554383727541334
CRWV,rv60,2.2889910314734583,0.4359823894235196
CRWV,volume_ratio,0.7693192903813357,0.1222591806466893
CRWV,range_position,0.6559438641679683,0.0031667317784640674
CRWV,gap,0.09618238859537659,0.0017472023087321538
CRWV,intraday,1.7192930657804386,0.009658789326562228
CRWV,drawdown60,-0.6404040219177456,0.13328368452708508
CRWV,high20_dist,-1.068557902877937,0.11720303618104802
CRWV,rsi14,-0.28151412533587866,0.019705893558369762
CRWV,QQQ_r1,1.7720263895119432,-0.015246052551542563
CRWV,QQQ_r5,1.3849311945162743,-0.03961821333024871
CRWV,QQQ_r20,0.4728186728686765,-0.039046460457921504
CRWV,SMH_r1,1.8318781902015056,-0.12462766576348204
CRWV,SMH_r5,2.271195221246112,0.042882984638924496
CRWV,IWM_r1,0.3059689941344449,0.020524689601908088
CRWV,JNK_r20,-0.28295898003394104,-0.0017435142482392532
CRWV,TLT_r20,0.053716344972665434,0.0004966900718226125
CRWV,BZ=F_r5,-0.16886116280886232,0.00874214071067146
CRWV,VIX_level,-0.6755661419776692,-0.129335485227062
CRWV,VIX_r5,-0.7977927859872082,-0.06660982784358378
CRWV,rs20,-0.5603003712421298,-0.027532526063517394
CRWV,beta60,3.5730134885557665,0.3734511765972078
LUNR,ret1,3.8019630302470935,0.09282900223572053
LUNR,ret3,2.2117630905750616,0.03113670529982085
LUNR,ret5,1.6980925172945323,-0.012846046847443107
LUNR,ret20,-1.0465174310707077,-0.0030890382238900117
LUNR,ret60,-0.7620244619961738,-0.019391527105738066
LUNR,ema10_dist,1.4587840140979296,0.054629015045369544
LUNR,ema20_dist,0.5942924584374705,0.05490784338079787
LUNR,ema50_dist,-0.49124145482727977,-0.03891769114861804
LUNR,ema200_dist,-0.8483096644185023,-0.02780084311523362
LUNR,atr_pct,1.1554943853777413,0.48723224922506914
LUNR,rv20,1.0077378373626493,0.023597865793845967
LUNR,rv60,1.2538775338462904,0.2388251049192084
LUNR,volume_ratio,1.1069856637022484,0.17592066379199148
LUNR,range_position,1.51111096261902,0.007295263158198711
LUNR,gap,1.0322999102050787,0.018752256132896748
LUNR,intraday,3.8578609808261186,0.02167301619869545
LUNR,drawdown60,-1.0881360725469038,0.22646763613628718
LUNR,high20_dist,-0.9427192961094346,0.1034006332019123
LUNR,rsi14,0.013355627143379062,-0.000934889382828277
LUNR,QQQ_r1,1.7720263895119432,-0.015246052551542563
LUNR,QQQ_r5,1.3849311945162743,-0.03961821333024871
LUNR,QQQ_r20,0.4728186728686765,-0.039046460457921504
LUNR,SMH_r1,1.8318781902015056,-0.12462766576348204
LUNR,SMH_r5,2.271195221246112,0.042882984638924496
LUNR,IWM_r1,0.3059689941344449,0.020524689601908088
LUNR,JNK_r20,-0.28295898003394104,-0.0017435142482392532
LUNR,TLT_r20,0.053716344972665434,0.0004966900718226125
LUNR,BZ=F_r5,-0.16886116280886232,0.00874214071067146
LUNR,VIX_level,-0.6755661419776692,-0.129335485227062
LUNR,VIX_r5,-0.7977927859872082,-0.06660982784358378
LUNR,rs20,-1.4262768599543723,-0.0700856305581773
LUNR,beta60,2.0991146357822204,0.21939934821297116
NVTS,ret1,1.866774908163987,0.045579310147126656
NVTS,ret3,2.6660376380858195,0.03753188061101311
NVTS,ret5,1.4877450413781774,-0.011254771046894823
NVTS,ret20,-0.5243160696885704,-0.001547640137260497
NVTS,ret60,-1.2989052577220255,-0.03305373747047613
NVTS,ema10_dist,1.3675964275154264,0.05121419284329948
NVTS,ema20_dist,0.5796288911760251,0.053553047702063955
NVTS,ema50_dist,-0.5446917603936334,-0.04315219225472276
NVTS,ema200_dist,-0.5045814152795555,-0.01653616521587693
NVTS,atr_pct,1.1252174262379422,0.4744654966661138
NVTS,rv20,0.7708712106421545,0.01805123783054586
NVTS,rv60,1.7049671494146839,0.32474380260543195
NVTS,volume_ratio,-0.09593840086970051,-0.015246400850119345
NVTS,range_position,0.3537539188416926,0.00170783482817262
NVTS,gap,2.4669289618029264,0.04481302700510681
NVTS,intraday,0.5094866301702601,0.002862236882971936
NVTS,drawdown60,-1.5225573183394328,0.3168812848555509
NVTS,high20_dist,-0.10038429438032588,0.011010488111667901
NVTS,rsi14,-0.015795725704225105,0.0011056954567849329
NVTS,QQQ_r1,1.7720263895119432,-0.015246052551542563
NVTS,QQQ_r5,1.3849311945162743,-0.03961821333024871
NVTS,QQQ_r20,0.4728186728686765,-0.039046460457921504
NVTS,SMH_r1,1.8318781902015056,-0.12462766576348204
NVTS,SMH_r5,2.271195221246112,0.042882984638924496
NVTS,IWM_r1,0.3059689941344449,0.020524689601908088
NVTS,JNK_r20,-0.28295898003394104,-0.0017435142482392532
NVTS,TLT_r20,0.053716344972665434,0.0004966900718226125
NVTS,BZ=F_r5,-0.16886116280886232,0.00874214071067146
NVTS,VIX_level,-0.6755661419776692,-0.129335485227062
NVTS,VIX_r5,-0.7977927859872082,-0.06660982784358378
NVTS,rs20,-0.8245799736555546,-0.04051892659966703
NVTS,beta60,3.8327991245218604,0.4006039572193169
RCAT,ret1,0.8543614978081331,0.020860151653023917
RCAT,ret3,-0.38353798902731995,-0.005399361887590147
RCAT,ret5,-1.4884793926504511,0.011260326404303229
RCAT,ret20,-1.9377241998917096,-0.005719641109750189
RCAT,ret60,-0.973858248790362,-0.024782142267579504
RCAT,ema10_dist,-1.6580220932069054,-0.06209014699915314
RCAT,ema20_dist,-1.9606849636623795,-0.18115152123402997
RCAT,ema50_dist,-1.873076660179191,-0.1483910167641875
RCAT,ema200_dist,-1.4983329673123855,-0.04910343652301502
RCAT,atr_pct,1.7020629517487829,0.7177014192346026
RCAT,rv20,0.7029878315351953,0.016461635048545403
RCAT,rv60,1.4014598356774928,0.2669349942565956
RCAT,volume_ratio,0.6449918551428584,0.10250123286843177
RCAT,range_position,-0.34468886736249493,-0.0016640710426404528
RCAT,gap,1.1030573508828654,0.020037601251869493
RCAT,intraday,0.25742044258169766,0.0014461582337147324
RCAT,drawdown60,-1.9398759110138908,0.40373545464471833
RCAT,high20_dist,-2.4383638312307543,0.26744797222929945
RCAT,rsi14,-1.443518502997664,0.10104580697565388
RCAT,QQQ_r1,1.7720263895119432,-0.015246052551542563
RCAT,QQQ_r5,1.3849311945162743,-0.03961821333024871
RCAT,QQQ_r20,0.4728186728686765,-0.039046460457921504
RCAT,SMH_r1,1.8318781902015056,-0.12462766576348204
RCAT,SMH_r5,2.271195221246112,0.042882984638924496
RCAT,IWM_r1,0.3059689941344449,0.020524689601908088
RCAT,JNK_r20,-0.28295898003394104,-0.0017435142482392532
RCAT,TLT_r20,0.053716344972665434,0.0004966900718226125
RCAT,BZ=F_r5,-0.16886116280886232,0.00874214071067146
RCAT,VIX_level,-0.6755661419776692,-0.129335485227062
RCAT,VIX_r5,-0.7977927859872082,-0.06660982784358378
RCAT,rs20,-2.4531534204228147,-0.1205451824632299
RCAT,beta60,1.8641969244709695,0.19484576173094223
ASTS,ret1,1.6810773061443198,0.041045304167607356
ASTS,ret3,0.7071243351095537,0.009954737976440933
ASTS,ret5,0.3647670219712592,-0.0027594575707280827
ASTS,ret20,-0.7609980940834,-0.002246261869260964
ASTS,ret60,-0.4037832039082797,-0.01027522518492127
ASTS,ema10_dist,0.37564872011010836,0.014067414630505613
ASTS,ema20_dist,0.019970156033927385,0.0018450818014483562
ASTS,ema50_dist,-0.5682876655924777,-0.04502153398449099
ASTS,ema200_dist,-0.8442914268561976,-0.027669157250089144
ASTS,atr_pct,1.1112464626165646,0.4685744217156629
ASTS,rv20,1.1674046045846287,0.02733673001522145
ASTS,rv60,1.9217978357166823,0.3660433793248014
ASTS,volume_ratio,0.35236072272866836,0.05599668926997622
ASTS,range_position,1.0951865877723144,0.005287285025899897
ASTS,gap,0.8632657722548414,0.01568166451634169
ASTS,intraday,1.4259339482084206,0.008010731778928188
ASTS,drawdown60,-1.3844293997532078,0.2881334986219505
ASTS,high20_dist,-0.3412384517457344,0.037428184751246665
ASTS,rsi14,-0.24658365827196718,0.017260772678256493
ASTS,QQQ_r1,1.7720263895119432,-0.015246052551542563
ASTS,QQQ_r5,1.3849311945162743,-0.03961821333024871
ASTS,QQQ_r20,0.4728186728686765,-0.039046460457921504
ASTS,SMH_r1,1.8318781902015056,-0.12462766576348204
ASTS,SMH_r5,2.271195221246112,0.042882984638924496
ASTS,IWM_r1,0.3059689941344449,0.020524689601908088
ASTS,JNK_r20,-0.28295898003394104,-0.0017435142482392532
ASTS,TLT_r20,0.053716344972665434,0.0004966900718226125
ASTS,BZ=F_r5,-0.16886116280886232,0.00874214071067146
ASTS,VIX_level,-0.6755661419776692,-0.129335485227062
ASTS,VIX_r5,-0.7977927859872082,-0.06660982784358378
ASTS,rs20,-1.097292470506087,-0.053919710023634194
ASTS,beta60,3.0709352731593045,0.32097398867608845
COHR,ret1,0.36581541937151313,0.008931775536095166
COHR,ret3,1.7996672716825037,0.02533531268104369
COHR,ret5,2.6728949776937303,-0.02022041423070089
COHR,ret20,0.6123484688901651,0.0018074881225886054
COHR,ret60,-0.9407722850789004,-0.02394019113067034
COHR,ema10_dist,1.6604756849369589,0.06218202989493547
COHR,ema20_dist,1.2329923017632325,0.11391857196530167
COHR,ema50_dist,0.43042837128372186,0.03409988764305797
COHR,ema200_dist,0.4053979649892055,0.01328572064733636
COHR,atr_pct,1.1881580870036812,0.5010054090193684
COHR,rv20,1.0784719742819937,0.025254223834777136
COHR,rv60,2.099017624807317,0.3997982984304174
COHR,volume_ratio,0.3131203245577782,0.04976065828959504
COHR,range_position,-0.6890491617498464,-0.003326555817707154
COHR,gap,1.4349585592636394,0.026066756547579787
COHR,intraday,-0.558495121168453,-0.003137560909565036
COHR,drawdown60,-0.4702842659214199,0.09787761724140638
COHR,high20_dist,1.0540969262296036,-0.11561690746985405
COHR,rsi14,0.3887151355653538,-0.027209928016361167
COHR,QQQ_r1,1.7720263895119432,-0.015246052551542563
COHR,QQQ_r5,1.3849311945162743,-0.03961821333024871
COHR,QQQ_r20,0.4728186728686765,-0.039046460457921504
COHR,SMH_r1,1.8318781902015056,-0.12462766576348204
COHR,SMH_r5,2.271195221246112,0.042882984638924496
COHR,IWM_r1,0.3059689941344449,0.020524689601908088
COHR,JNK_r20,-0.28295898003394104,-0.0017435142482392532
COHR,TLT_r20,0.053716344972665434,0.0004966900718226125
COHR,BZ=F_r5,-0.16886116280886232,0.00874214071067146
COHR,VIX_level,-0.6755661419776692,-0.129335485227062
COHR,VIX_r5,-0.7977927859872082,-0.06660982784358378
COHR,rs20,0.48512077438332657,0.02383828576635142
COHR,beta60,3.4701962440932435,0.36270472376628593
INTC,ret1,3.5669505432912545,0.08709092048598086
INTC,ret3,3.422609905882152,0.04818273550626622
INTC,ret5,3.287091417520114,-0.024866801962338238
INTC,ret20,2.1994750464244563,0.00649225926790927
INTC,ret60,-0.49681559170145445,-0.012642655837838999
INTC,ema10_dist,3.288643581175513,0.12315418728110263
INTC,ema20_dist,2.8626798809641416,0.2644885970227713
INTC,ema50_dist,1.8113880641754125,0.14350385241135202
INTC,ema200_dist,1.7089627619728738,0.05600620578565692
INTC,atr_pct,0.5197150122844161,0.21914594964352854
INTC,rv20,0.8240892367184199,0.019297426859676434
INTC,rv60,1.1337050428660063,0.21593594151045778
INTC,volume_ratio,1.3859288017621403,0.2202499298491501
INTC,range_position,0.6118278125971166,0.002953750591991681
INTC,gap,3.6909492555626624,0.0670479820153094
INTC,intraday,1.6321340283921029,0.009169139948689729
INTC,drawdown60,-0.030140242809052573,0.006272919089579801
INTC,high20_dist,1.9769007700887138,-0.2168331466727419
INTC,rsi14,1.4923150004356267,-0.1044615452921113
INTC,QQQ_r1,1.7720263895119432,-0.015246052551542563
INTC,QQQ_r5,1.3849311945162743,-0.03961821333024871
INTC,QQQ_r20,0.4728186728686765,-0.039046460457921504
INTC,SMH_r1,1.8318781902015056,-0.12462766576348204
INTC,SMH_r5,2.271195221246112,0.042882984638924496
INTC,IWM_r1,0.3059689941344449,0.020524689601908088
INTC,JNK_r20,-0.28295898003394104,-0.0017435142482392532
INTC,TLT_r20,0.053716344972665434,0.0004966900718226125
INTC,BZ=F_r5,-0.16886116280886232,0.00874214071067146
INTC,VIX_level,-0.6755661419776692,-0.129335485227062
INTC,VIX_r5,-0.7977927859872082,-0.06660982784358378
INTC,rs20,2.3138580977348315,0.11370036796858515
INTC,beta60,3.2850561728565353,0.3433538935329003
ONTO,ret1,1.3869604562334708,0.03386412604969102
ONTO,ret3,2.2008878400154774,0.03098360595876645
ONTO,ret5,1.3126186495986085,-0.009929942269833666
ONTO,ret20,-0.5026083176420059,-0.0014835646867847622
ONTO,ret60,-0.8980775454949937,-0.022853721809534672
ONTO,ema10_dist,1.0262260288761589,0.03843044386943909
ONTO,ema20_dist,0.3179486885888609,0.02937590162605792
ONTO,ema50_dist,-0.1870001345082092,-0.014814738064195582
ONTO,ema200_dist,0.1846347115186908,0.006050857209172668
ONTO,atr_pct,0.8795938346420434,0.3708944741579546
ONTO,rv20,0.7965328309664513,0.01865214756124546
ONTO,rv60,1.8619028457276365,0.354635225910975
ONTO,volume_ratio,-0.20745823121042314,-0.03296898138824195
ONTO,range_position,1.1681088217624078,0.0056393352063310205
ONTO,gap,1.6283054021107484,0.029579000890249188
ONTO,intraday,0.5259914594899048,0.0029549591026110586
ONTO,drawdown60,-1.131964126859431,0.23558932239136995
ONTO,high20_dist,-0.12333212068649435,0.013527483128591658
ONTO,rsi14,-0.09818184369714478,0.006872695851236736
ONTO,QQQ_r1,1.7720263895119432,-0.015246052551542563
ONTO,QQQ_r5,1.3849311945162743,-0.03961821333024871
ONTO,QQQ_r20,0.4728186728686765,-0.039046460457921504
ONTO,SMH_r1,1.8318781902015056,-0.12462766576348204
ONTO,SMH_r5,2.271195221246112,0.042882984638924496
ONTO,IWM_r1,0.3059689941344449,0.020524689601908088
ONTO,JNK_r20,-0.28295898003394104,-0.0017435142482392532
ONTO,TLT_r20,0.053716344972665434,0.0004966900718226125
ONTO,BZ=F_r5,-0.16886116280886232,0.00874214071067146
ONTO,VIX_level,-0.6755661419776692,-0.129335485227062
ONTO,VIX_r5,-0.7977927859872082,-0.06660982784358378
ONTO,rs20,-0.7995676167739216,-0.039289847692889075
ONTO,beta60,4.1234973052927915,0.4309877153526939
MSTR,ret1,2.7792461310719774,0.06785827301906482
MSTR,ret3,5.6202193882922655,0.07912018948109704
MSTR,ret5,2.989678232357962,-0.022616875252969435
MSTR,ret20,2.5999067454620115,0.007674226034691824
MSTR,ret60,3.200891434235813,0.08145430508478903
MSTR,ema10_dist,4.123806613813605,0.15442964234120998
MSTR,ema20_dist,3.8242950457352003,0.35333410416360417
MSTR,ema50_dist,3.216381051195905,0.25481181023438015
MSTR,ema200_dist,0.1773065512724778,0.0058106984064695165
MSTR,atr_pct,0.6924813589295032,0.2919955772414727
MSTR,rv20,2.2425751816426294,0.052513646116046815
MSTR,rv60,1.6530444928064036,0.31485413349706376
MSTR,volume_ratio,0.7192703403169854,0.11430546922465865
MSTR,range_position,0.932823069877555,0.004503434852329416
MSTR,gap,3.4992197519830217,0.0635651174680827
MSTR,intraday,0.8600044609235619,0.0048314054615196085
MSTR,drawdown60,0.95537958302222,-0.19883777519983617
MSTR,high20_dist,1.9828621803700142,-0.21748701426663414
MSTR,rsi14,1.4913368360041797,-0.10439307411274976
MSTR,QQQ_r1,1.7720263895119432,-0.015246052551542563
MSTR,QQQ_r5,1.3849311945162743,-0.03961821333024871
MSTR,QQQ_r20,0.4728186728686765,-0.039046460457921504
MSTR,SMH_r1,1.8318781902015056,-0.12462766576348204
MSTR,SMH_r5,2.271195221246112,0.042882984638924496
MSTR,IWM_r1,0.3059689941344449,0.020524689601908088
MSTR,JNK_r20,-0.28295898003394104,-0.0017435142482392532
MSTR,TLT_r20,0.053716344972665434,0.0004966900718226125
MSTR,BZ=F_r5,-0.16886116280886232,0.00874214071067146
MSTR,VIX_level,-0.6755661419776692,-0.129335485227062
MSTR,VIX_r5,-0.7977927859872082,-0.06660982784358378
MSTR,rs20,2.775248136720057,0.13637255225724843
MSTR,beta60,0.9876377455284545,0.10322784375171787
WULF,ret1,0.743104774938659,0.018143699521894666
WULF,ret3,2.219722667793295,0.0312487584447582
WULF,ret5,1.6377334279706381,-0.012389431155879312
WULF,ret20,0.6465256924374767,0.0019083701019896211
WULF,ret60,-1.3596989247429283,-0.03460077710068025
WULF,ema10_dist,1.3870019822725235,0.05194089832714366
WULF,ema20_dist,0.9216846477303081,0.08515624851966111
WULF,ema50_dist,-0.12068466886332385,-0.009561018564378812
WULF,ema200_dist,-0.23453063536137925,-0.007686048707068765
WULF,atr_pct,1.1642575998312477,0.49092739542625796
WULF,rv20,1.2168448649608,0.028494456346330556
WULF,rv60,1.7829160280866372,0.33959066653324993
WULF,volume_ratio,-0.2774520190438982,-0.04409229944079871
WULF,range_position,0.4191151950665288,0.00202338260872043
WULF,gap,1.1689451935714437,0.021234487631424416
WULF,intraday,0.07747445890605995,0.00043524253756200415
WULF,drawdown60,-1.5456873821632895,0.32169521485017893
WULF,high20_dist,0.5644098008038255,-0.06190637131257579
WULF,rsi14,0.167283725976825,-0.011709804238823665
WULF,QQQ_r1,1.7720263895119432,-0.015246052551542563
WULF,QQQ_r5,1.3849311945162743,-0.03961821333024871
WULF,QQQ_r20,0.4728186728686765,-0.039046460457921504
WULF,SMH_r1,1.8318781902015056,-0.12462766576348204
WULF,SMH_r5,2.271195221246112,0.042882984638924496
WULF,IWM_r1,0.3059689941344449,0.020524689601908088
WULF,JNK_r20,-0.28295898003394104,-0.0017435142482392532
WULF,TLT_r20,0.053716344972665434,0.0004966900718226125
WULF,BZ=F_r5,-0.16886116280886232,0.00874214071067146
WULF,VIX_level,-0.6755661419776692,-0.129335485227062
WULF,VIX_r5,-0.7977927859872082,-0.06660982784358378
WULF,rs20,0.5245008497939447,0.025773378099455697
WULF,beta60,2.24654387077413,0.2348086438814321
IREN,ret1,0.3266102852269925,0.007974540166839903
IREN,ret3,1.7863021049125631,0.025147160857382323
IREN,ret5,1.189933079645518,-0.009001827598182181
IREN,ret20,0.7254903202846001,0.0021414524630788685
IREN,ret60,-0.24247874978741846,-0.006170449222523532
IREN,ema10_dist,1.45276446532518,0.05440359303820818
IREN,ema20_dist,1.3562359181931651,0.1253052908989559
IREN,ema50_dist,0.804461743167359,0.06373198628457356
IREN,ema200_dist,0.13120550857464,0.00429987292699108
IREN,atr_pct,1.0065275172755308,0.4244180433544567
IREN,rv20,1.2661951495097452,0.029650075743059667
IREN,rv60,2.64183802156095,0.5031888885858231
IREN,volume_ratio,-0.051647484183702665,-0.008207748301270886
IREN,range_position,-0.527317519926137,-0.0025457561826713734
IREN,gap,1.247841858556939,0.022667685925072855
IREN,intraday,-0.47721591179707634,-0.0026809437245295647
IREN,drawdown60,0.95537958302222,-0.19883777519983617
IREN,high20_dist,0.48792310318024085,-0.053517052245446214
IREN,rsi14,0.6293411542848927,-0.04405366794097088
IREN,QQQ_r1,1.7720263895119432,-0.015246052551542563
IREN,QQQ_r5,1.3849311945162743,-0.03961821333024871
IREN,QQQ_r20,0.4728186728686765,-0.039046460457921504
IREN,SMH_r1,1.8318781902015056,-0.12462766576348204
IREN,SMH_r5,2.271195221246112,0.042882984638924496
IREN,IWM_r1,0.3059689941344449,0.020524689601908088
IREN,JNK_r20,-0.28295898003394104,-0.0017435142482392532
IREN,TLT_r20,0.053716344972665434,0.0004966900718226125
IREN,BZ=F_r5,-0.16886116280886232,0.00874214071067146
IREN,VIX_level,-0.6755661419776692,-0.129335485227062
IREN,VIX_r5,-0.7977927859872082,-0.06660982784358378
IREN,rs20,0.6154863856753613,0.030244304350146425
IREN,beta60,3.755994019885556,0.392576291836309
LITE,ret1,0.7272226355910562,0.01775592006762921
LITE,ret3,0.6052428725219633,0.008520473570084584
LITE,ret5,1.836561526814992,-0.013893563025214677
LITE,ret20,0.5515773114934187,0.001628107997102762
LITE,ret60,0.1699363803320852,0.004324435880743668
LITE,ema10_dist,0.9651873973455819,0.03614464947629542
LITE,ema20_dist,0.8294278997415734,0.07663246700860872
LITE,ema50_dist,0.7618858815517292,0.06035899278725977
LITE,ema200_dist,1.1455593090901381,0.037542322063536936
LITE,atr_pct,1.1572700215869614,0.48798097395707285
LITE,rv20,1.3171737344934566,0.03084382451600852
LITE,rv60,2.0217222244738347,0.38507590202716624
LITE,volume_ratio,0.08031622637680386,0.012763746018372659
LITE,range_position,-0.9313729370873671,-0.004496433976430523
LITE,gap,1.5229758628070151,0.02766563590798233
LITE,intraday,-0.1872607753583302,-0.0010520093486759794
LITE,drawdown60,0.6865287907154258,-0.1428833730407596
LITE,high20_dist,0.1731772149749339,-0.01899466125118243
LITE,rsi14,0.29318433423353696,-0.02052280423404833
LITE,QQQ_r1,1.7720263895119432,-0.015246052551542563
LITE,QQQ_r5,1.3849311945162743,-0.03961821333024871
LITE,QQQ_r20,0.4728186728686765,-0.039046460457921504
LITE,SMH_r1,1.8318781902015056,-0.12462766576348204
LITE,SMH_r5,2.271195221246112,0.042882984638924496
LITE,IWM_r1,0.3059689941344449,0.020524689601908088
LITE,JNK_r20,-0.28295898003394104,-0.0017435142482392532
LITE,TLT_r20,0.053716344972665434,0.0004966900718226125
LITE,BZ=F_r5,-0.16886116280886232,0.00874214071067146
LITE,VIX_level,-0.6755661419776692,-0.129335485227062
LITE,VIX_r5,-0.7977927859872082,-0.06660982784358378
LITE,rs20,0.4150983292376129,0.02039746206721371
LITE,beta60,3.1093911180470033,0.3249933915040794
WDC,ret1,0.4344628792551778,0.010607876843845938
WDC,ret3,1.22377880115569,0.01722808380613928
WDC,ret5,0.6052183520021319,-0.004578468619094205
WDC,ret20,-0.2730696419548255,-0.0008060282005235163
WDC,ret60,-1.380048997668389,-0.03511863316753679
WDC,ema10_dist,0.349399423188777,0.013084422479105799
WDC,ema20_dist,-0.0980724858236294,-0.009061108912146744
WDC,ema50_dist,-0.5526457979088073,-0.043782336092051996
WDC,ema200_dist,0.27306320180236987,0.008948839736553978
WDC,atr_pct,0.8929034430321875,0.37650667834890345
WDC,rv20,0.10819858183757697,0.0025336506367268355
WDC,rv60,1.6566957376189078,0.31554958333318694
WDC,volume_ratio,0.3036949857467715,0.04826279619935688
WDC,range_position,-0.13305190076979856,-0.0006423410681449348
WDC,gap,1.6192483309656318,0.02941447455807761
WDC,intraday,-0.6022058390171904,-0.0033831226601570515
WDC,drawdown60,-1.4519948018912738,0.3021955054727949
WDC,high20_dist,-0.10328264383994322,0.011328388859644174
WDC,rsi14,-0.37073688120181114,0.025951456291609967
WDC,QQQ_r1,1.7720263895119432,-0.015246052551542563
WDC,QQQ_r5,1.3849311945162743,-0.03961821333024871
WDC,QQQ_r20,0.4728186728686765,-0.039046460457921504
WDC,SMH_r1,1.8318781902015056,-0.12462766576348204
WDC,SMH_r5,2.271195221246112,0.042882984638924496
WDC,IWM_r1,0.3059689941344449,0.020524689601908088
WDC,JNK_r20,-0.28295898003394104,-0.0017435142482392532
WDC,TLT_r20,0.053716344972665434,0.0004966900718226125
WDC,BZ=F_r5,-0.16886116280886232,0.00874214071067146
WDC,VIX_level,-0.6755661419776692,-0.129335485227062
WDC,VIX_r5,-0.7977927859872082,-0.06660982784358378
WDC,rs20,-0.5350859117079285,-0.026293516061143326
WDC,beta60,2.6305279066653133,0.27494263454712914
CIEN,ret1,1.4329853204717267,0.034987872438406994
CIEN,ret3,1.2228813925631998,0.017215450289015784
CIEN,ret5,1.8609981177087822,-0.014078425503681732
CIEN,ret20,-0.6091912144610663,-0.0017981687559689263
CIEN,ret60,-1.0611618106844,-0.02700378930297903
CIEN,ema10_dist,1.0951075058292266,0.04100993967173118
CIEN,ema20_dist,0.3577693040165247,0.03305500622209782
CIEN,ema50_dist,-0.494444307077801,-0.03917143116476604
CIEN,ema200_dist,-0.26866880386342945,-0.00880482632634471
CIEN,atr_pct,1.2019449909614648,0.5068188723387985
CIEN,rv20,0.9652960037986478,0.022604019323707286
CIEN,rv60,1.1449571071727394,0.21807911368323762
CIEN,volume_ratio,0.08919076060567985,0.014174074989722863
CIEN,range_position,1.109397514475008,0.0053558918010359466
CIEN,gap,2.34438021375782,0.04258686628438067
CIEN,intraday,0.08457362875854328,0.0004751248516150145
CIEN,drawdown60,-1.002706056349998,0.20868756771348979
CIEN,high20_dist,-0.439039339170149,0.048155316071384076
CIEN,rsi14,-0.11891640223510992,0.008324107935946269
CIEN,QQQ_r1,1.7720263895119432,-0.015246052551542563
CIEN,QQQ_r5,1.3849311945162743,-0.03961821333024871
CIEN,QQQ_r20,0.4728186728686765,-0.039046460457921504
CIEN,SMH_r1,1.8318781902015056,-0.12462766576348204
CIEN,SMH_r5,2.271195221246112,0.042882984638924496
CIEN,IWM_r1,0.3059689941344449,0.020524689601908088
CIEN,JNK_r20,-0.28295898003394104,-0.0017435142482392532
CIEN,TLT_r20,0.053716344972665434,0.0004966900718226125
CIEN,BZ=F_r5,-0.16886116280886232,0.00874214071067146
CIEN,VIX_level,-0.6755661419776692,-0.129335485227062
CIEN,VIX_r5,-0.7977927859872082,-0.06660982784358378
CIEN,rs20,-0.9223757936407896,-0.04532450250295866
CIEN,beta60,2.027321630300602,0.2118955471625594
PL,ret1,1.148771846496001,0.02804849585814607
PL,ret3,1.067159183535989,0.015023227915933003
PL,ret5,0.6576946138098572,-0.004975450827481031
PL,ret20,-1.652795123573932,-0.004878607045995716
PL,ret60,-1.449509927053,-0.03688623192863563
PL,ema10_dist,-0.02950739086207414,-0.0011050023058764033
PL,ema20_dist,-0.9839557523077263,-0.09090959774821425
PL,ema50_dist,-1.8965383381112906,-0.15024972458824692
PL,ema200_dist,-1.4410623718331486,-0.047226561949004736
PL,atr_pct,1.0310015221987967,0.43473788966198335
PL,rv20,0.1407129577953341,0.0032950290942727256
PL,rv60,0.7279508300260401,0.138652243671435
PL,volume_ratio,-0.35813186967584704,-0.05691383213377204
PL,range_position,0.7017394794880873,0.003387821475724199
PL,gap,0.7931392093565257,0.014407779615075288
PL,intraday,0.8329672101777426,0.004679513318102649
PL,drawdown60,-2.7816787582877045,0.5789351431070996
PL,high20_dist,-1.8758877837968557,0.20575370151096414
PL,rsi14,-1.3141124109101294,0.09198742429791422
PL,QQQ_r1,1.7720263895119432,-0.015246052551542563
PL,QQQ_r5,1.3849311945162743,-0.03961821333024871
PL,QQQ_r20,0.4728186728686765,-0.039046460457921504
PL,SMH_r1,1.8318781902015056,-0.12462766576348204
PL,SMH_r5,2.271195221246112,0.042882984638924496
PL,IWM_r1,0.3059689941344449,0.020524689601908088
PL,JNK_r20,-0.28295898003394104,-0.0017435142482392532
PL,TLT_r20,0.053716344972665434,0.0004966900718226125
PL,BZ=F_r5,-0.16886116280886232,0.00874214071067146
PL,VIX_level,-0.6755661419776692,-0.129335485227062
PL,VIX_r5,-0.7977927859872082,-0.06660982784358378
PL,rs20,-2.124849147943242,-0.10441268210673486
PL,beta60,1.289968741645762,0.13482746311600174
ABCL,ret1,0.048439724755123356,0.0011827077964245208
ABCL,ret3,1.3926275138662834,0.019605098157417254
ABCL,ret5,1.7090180335478122,-0.012928698229622063
ABCL,ret20,0.6639104980743733,0.0019596853763776726
ABCL,ret60,2.943048072149603,0.07489286671333359
ABCL,ema10_dist,1.3322219907531878,0.049889479507102964
ABCL,ema20_dist,1.5488412228286208,0.1431004719602131
ABCL,ema50_dist,2.4378808678630524,0.19313658027085226
ABCL,ema200_dist,3.5395783748655956,0.11599922436480231
ABCL,atr_pct,0.6657105349485426,0.2807072413162507
ABCL,rv20,1.3864482479822093,0.032466003034699265
ABCL,rv60,2.3826913051202943,0.4538294096313219
ABCL,volume_ratio,-0.1543231813280865,-0.024524831158997874
ABCL,range_position,-0.073113681420768,-0.00035297444041088765
ABCL,gap,0.9793586657952986,0.017790551336304004
ABCL,intraday,-0.6271588857262965,-0.00352330598667429
ABCL,drawdown60,0.9129885979892693,-0.19001517808527607
ABCL,high20_dist,0.5136785280176628,-0.05634199414232295
ABCL,rsi14,1.1645401827038873,-0.08151741891255834
ABCL,QQQ_r1,1.7720263895119432,-0.015246052551542563
ABCL,QQQ_r5,1.3849311945162743,-0.03961821333024871
ABCL,QQQ_r20,0.4728186728686765,-0.039046460457921504
ABCL,SMH_r1,1.8318781902015056,-0.12462766576348204
ABCL,SMH_r5,2.271195221246112,0.042882984638924496
ABCL,IWM_r1,0.3059689941344449,0.020524689601908088
ABCL,JNK_r20,-0.28295898003394104,-0.0017435142482392532
ABCL,TLT_r20,0.053716344972665434,0.0004966900718226125
ABCL,BZ=F_r5,-0.16886116280886232,0.00874214071067146
ABCL,VIX_level,-0.6755661419776692,-0.129335485227062
ABCL,VIX_r5,-0.7977927859872082,-0.06660982784358378
ABCL,rs20,0.5445321714146789,0.026757694571327588
ABCL,beta60,-0.09964449108100593,-0.010414836819066445
MRVL,ret1,1.5678014998586778,0.038279553950867476
MRVL,ret3,1.993682383849323,0.028066613965974378
MRVL,ret5,2.2739968786433815,-0.01720275552508398
MRVL,ret20,0.4499149452261996,0.0013280280118040477
MRVL,ret60,-0.5010540744593236,-0.012750514125053455
MRVL,ema10_dist,1.929994056026335,0.07227504092806611
MRVL,ema20_dist,1.6534814664943729,0.15276838887377123
MRVL,ema50_dist,1.2032273624710237,0.09532345125611981
MRVL,ema200_dist,1.612755651707672,0.05285330196852752
MRVL,atr_pct,0.6461336062578407,0.27245232366403616
MRVL,rv20,0.7708572897282275,0.01805091184907886
MRVL,rv60,1.5236879122368907,0.29021568349490334
MRVL,volume_ratio,-0.09804196557830584,-0.01558069650723708
MRVL,range_position,0.8284959211567865,0.00399976965282386
MRVL,gap,1.462269907051385,0.026562881156317455
MRVL,intraday,0.8588643597263176,0.004825000505032364
MRVL,drawdown60,-0.09134099609261835,0.0190102873981668
MRVL,high20_dist,1.0681727237230787,-0.1171607884317202
MRVL,rsi14,0.8129270691530861,-0.05690461988838095
MRVL,QQQ_r1,1.7720263895119432,-0.015246052551542563
MRVL,QQQ_r5,1.3849311945162743,-0.03961821333024871
MRVL,QQQ_r20,0.4728186728686765,-0.039046460457921504
MRVL,SMH_r1,1.8318781902015056,-0.12462766576348204
MRVL,SMH_r5,2.271195221246112,0.042882984638924496
MRVL,IWM_r1,0.3059689941344449,0.020524689601908088
MRVL,JNK_r20,-0.28295898003394104,-0.0017435142482392532
MRVL,TLT_r20,0.053716344972665434,0.0004966900718226125
MRVL,BZ=F_r5,-0.16886116280886232,0.00874214071067146
MRVL,VIX_level,-0.6755661419776692,-0.129335485227062
MRVL,VIX_r5,-0.7977927859872082,-0.06660982784358378
MRVL,rs20,0.29795974293662353,0.014641404520391454
MRVL,beta60,3.2965959580715047,0.3445600312595036
RKLB,ret1,2.4145439400972224,0.058953678147407824
RKLB,ret3,1.6008569632555762,0.02253650569740502
RKLB,ret5,1.4973153829984378,-0.011327170551366922
RKLB,ret20,-0.35660887081118775,-0.001052613554450758
RKLB,ret60,-0.6728704362675553,-0.01712279061140902
RKLB,ema10_dist,1.3786250883797453,0.05162719769834631
RKLB,ema20_dist,0.700680891478898,0.06473727893232074
RKLB,ema50_dist,-0.371008250286063,-0.029392439005985045
RKLB,ema200_dist,-0.5366596512541641,-0.01758743463216355
RKLB,atr_pct,0.6610988893884934,0.278762668960655
RKLB,rv20,0.3123292103634835,0.007313710487386469
RKLB,rv60,1.2061855623360174,0.2297412511996145
RKLB,volume_ratio,0.623223706449593,0.09904186813299826
RKLB,range_position,1.512622731704085,0.007302561598606332
RKLB,gap,0.535078531117877,0.009719975336182322
RKLB,intraday,2.5587815020065863,0.014374938137360153
RKLB,drawdown60,-1.4532991780866538,0.30246697794857513
RKLB,high20_dist,0.20482279746429985,-0.022465655513151946
RKLB,rsi14,0.13712428417854086,-0.009598653513623838
RKLB,QQQ_r1,1.7720263895119432,-0.015246052551542563
RKLB,QQQ_r5,1.3849311945162743,-0.03961821333024871
RKLB,QQQ_r20,0.4728186728686765,-0.039046460457921504
RKLB,SMH_r1,1.8318781902015056,-0.12462766576348204
RKLB,SMH_r5,2.271195221246112,0.042882984638924496
RKLB,IWM_r1,0.3059689941344449,0.020524689601908088
RKLB,JNK_r20,-0.28295898003394104,-0.0017435142482392532
RKLB,TLT_r20,0.053716344972665434,0.0004966900718226125
RKLB,BZ=F_r5,-0.16886116280886232,0.00874214071067146
RKLB,VIX_level,-0.6755661419776692,-0.129335485227062
RKLB,VIX_r5,-0.7977927859872082,-0.06660982784358378
RKLB,rs20,-0.631342447220662,-0.031023453267704563
RKLB,beta60,2.2752627274153503,0.2378103372244722
RDW,ret1,2.3460395574303816,0.057281070223252524
RDW,ret3,1.2278955557261522,0.01728603855472803
RDW,ret5,1.3451894900990133,-0.010176340236179707
RDW,ret20,-0.3435449112547378,-0.0010140522565429543
RDW,ret60,0.05370432033167567,0.0013666343212642928
RDW,ema10_dist,1.1166824515268852,0.04181788520837681
RDW,ema20_dist,0.689063229561506,0.06366390040975224
RDW,ema50_dist,0.16979658260684968,0.013451818642438444
RDW,ema200_dist,-0.10570035218822815,-0.003464016775553523
RDW,atr_pct,1.0608828920083375,0.4473378358031921
RDW,rv20,0.5803029347166789,0.0135887631341277
RDW,rv60,1.4346181343171294,0.27325063030381136
RDW,volume_ratio,0.22966236736196893,0.036497632660602373
RDW,range_position,1.1326463104624975,0.005468131132915356
RDW,gap,1.3939896307077027,0.025322534995125472
RDW,intraday,1.8383749949603265,0.010327777813424435
RDW,drawdown60,-0.17347841562618482,0.03610508621001254
RDW,high20_dist,0.30046035029486523,-0.032955504995785055
RDW,rsi14,0.1946995641265754,-0.013628903636581733
RDW,QQQ_r1,1.7720263895119432,-0.015246052551542563
RDW,QQQ_r5,1.3849311945162743,-0.03961821333024871
RDW,QQQ_r20,0.4728186728686765,-0.039046460457921504
RDW,SMH_r1,1.8318781902015056,-0.12462766576348204
RDW,SMH_r5,2.271195221246112,0.042882984638924496
RDW,IWM_r1,0.3059689941344449,0.020524689601908088
RDW,JNK_r20,-0.28295898003394104,-0.0017435142482392532
RDW,TLT_r20,0.053716344972665434,0.0004966900718226125
RDW,BZ=F_r5,-0.16886116280886232,0.00874214071067146
RDW,VIX_level,-0.6755661419776692,-0.129335485227062
RDW,VIX_r5,-0.7977927859872082,-0.06660982784358378
RDW,rs20,-0.6162897407952236,-0.030283780311454168
RDW,beta60,2.556560678539927,0.2672115838635716
TER,ret1,0.77981249760702,0.019039957913294128
TER,ret3,1.9588827997981926,0.027576713217664726
TER,ret5,2.0467329231149396,-0.015483506785854527
TER,ret20,-0.009943125196434347,-2.9349433544823912e-05
TER,ret60,-0.873551933430205,-0.022229609205730156
TER,ema10_dist,1.2072194429264445,0.04520834371184996
TER,ema20_dist,0.7311710334136837,0.06755432282080491
TER,ema50_dist,0.2629274193544171,0.020829936073974317
TER,ema200_dist,0.5138116273283455,0.01683865814723431
TER,atr_pct,0.5775045327135545,0.24351380324510402
TER,rv20,0.7602133485840357,0.01780166617691517
TER,rv60,1.5261646849090533,0.29068743251131307
TER,volume_ratio,0.4856001259700408,0.0771709149442987
TER,range_position,0.7964927173113817,0.0038452662445810555
TER,gap,0.9638697693138291,0.01750918760550726
TER,intraday,0.26565446275814164,0.001492416005457
TER,drawdown60,-0.6722549929023013,0.13991264784289031
TER,high20_dist,0.8298171521182217,-0.09101714510877187
TER,rsi14,0.21075849327015697,-0.01475302324509961
TER,QQQ_r1,1.7720263895119432,-0.015246052551542563
TER,QQQ_r5,1.3849311945162743,-0.03961821333024871
TER,QQQ_r20,0.4728186728686765,-0.039046460457921504
TER,SMH_r1,1.8318781902015056,-0.12462766576348204
TER,SMH_r5,2.271195221246112,0.042882984638924496
TER,IWM_r1,0.3059689941344449,0.020524689601908088
TER,JNK_r20,-0.28295898003394104,-0.0017435142482392532
TER,TLT_r20,0.053716344972665434,0.0004966900718226125
TER,BZ=F_r5,-0.16886116280886232,0.00874214071067146
TER,VIX_level,-0.6755661419776692,-0.129335485227062
TER,VIX_r5,-0.7977927859872082,-0.06660982784358378
TER,rs20,-0.23190323631785004,-0.01139546255159638
TER,beta60,3.2053254040325676,0.33502043788721614
LRCX,ret1,1.4325533867542797,0.03497732631375939
LRCX,ret3,2.0325098556010546,0.02861321841498725
LRCX,ret5,1.3379841764369422,-0.010121832136114017
LRCX,ret20,-0.35920431622348437,-0.0010602746118288484
LRCX,ret60,-1.070814169290711,-0.027249416553655825
LRCX,ema10_dist,0.9540765062863429,0.035728565238343335
LRCX,ema20_dist,0.3015009340999729,0.02785626139737967
LRCX,ema50_dist,-0.1802677633984798,-0.0142813784770279
LRCX,ema200_dist,0.27340302352971796,0.00895997638974256
LRCX,atr_pct,0.46724551701887396,0.1970213677178649
LRCX,rv20,0.4353334627611985,0.010194060646461698
LRCX,rv60,1.1969963527178114,0.22799098939816034
LRCX,volume_ratio,0.46835968163933944,0.07443108685964009
LRCX,range_position,0.8834582224815338,0.0042651138015085506
LRCX,gap,0.7454410160771294,0.013541317525318874
LRCX,intraday,1.2110082237668343,0.006803303950271341
LRCX,drawdown60,-1.3760590634455663,0.2863914276392099
LRCX,high20_dist,0.26710048715782947,-0.029296482648269416
LRCX,rsi14,-0.07103380921021812,0.0049723426192984106
LRCX,QQQ_r1,1.7720263895119432,-0.015246052551542563
LRCX,QQQ_r5,1.3849311945162743,-0.03961821333024871
LRCX,QQQ_r20,0.4728186728686765,-0.039046460457921504
LRCX,SMH_r1,1.8318781902015056,-0.12462766576348204
LRCX,SMH_r5,2.271195221246112,0.042882984638924496
LRCX,IWM_r1,0.3059689941344449,0.020524689601908088
LRCX,JNK_r20,-0.28295898003394104,-0.0017435142482392532
LRCX,TLT_r20,0.053716344972665434,0.0004966900718226125
LRCX,BZ=F_r5,-0.16886116280886232,0.00874214071067146
LRCX,VIX_level,-0.6755661419776692,-0.129335485227062
LRCX,VIX_r5,-0.7977927859872082,-0.06660982784358378
LRCX,rs20,-0.6343330013222523,-0.031170405711380196
LRCX,beta60,3.2129951099745218,0.3358220751374956
IOVA,ret1,-0.19489450385464402,-0.00475855819483773
IOVA,ret3,0.5083152443440057,0.0071559481347663765
IOVA,ret5,1.2741697799246194,-0.009639077092563923
IOVA,ret20,1.3921000838759239,0.004109105345883794
IOVA,ret60,4.758531822735871,0.12109217410472466
IOVA,ema10_dist,1.5860627190410905,0.05939538910767012
IOVA,ema20_dist,2.187930437201616,0.20214717529784557
IOVA,ema50_dist,3.263711722449947,0.25856149468714934
IOVA,ema200_dist,3.9952802750045815,0.13093350787524902
IOVA,atr_pct,0.5395732915753664,0.22751950316928307
IOVA,rv20,0.21611569468547892,0.005060710206613447
IOVA,rv60,2.8131660883125873,0.5358216157964703
IOVA,volume_ratio,-0.12471530647080313,-0.019819587749662717
IOVA,range_position,-0.8150713872804752,-0.003934959384202618
IOVA,gap,0.8655921775206256,0.015723924858497718
IOVA,intraday,-0.8427794053916557,-0.00473463709443177
IOVA,drawdown60,0.9102526132603368,-0.18944575298330693
IOVA,high20_dist,0.15597729347620007,-0.017108115827394042
IOVA,rsi14,1.766571963934879,-0.12365943997647146
IOVA,QQQ_r1,1.7720263895119432,-0.015246052551542563
IOVA,QQQ_r5,1.3849311945162743,-0.03961821333024871
IOVA,QQQ_r20,0.4728186728686765,-0.039046460457921504
IOVA,SMH_r1,1.8318781902015056,-0.12462766576348204
IOVA,SMH_r5,2.271195221246112,0.042882984638924496
IOVA,IWM_r1,0.3059689941344449,0.020524689601908088
IOVA,JNK_r20,-0.28295898003394104,-0.0017435142482392532
IOVA,TLT_r20,0.053716344972665434,0.0004966900718226125
IOVA,BZ=F_r5,-0.16886116280886232,0.00874214071067146
IOVA,VIX_level,-0.6755661419776692,-0.129335485227062
IOVA,VIX_r5,-0.7977927859872082,-0.06660982784358378
IOVA,rs20,1.3835751897100466,0.06798731881451159
IOVA,beta60,-2.113848057928458,-0.2209392846989204
TSEM,ret1,1.3297657361744968,0.032467655659530276
TSEM,ret3,2.5998045482575125,0.03659946601025026
TSEM,ret5,2.896722434925938,-0.02191366590695823
TSEM,ret20,0.2175822443646861,0.0006422443140718988
TSEM,ret60,-0.6720643008620534,-0.017102276576300837
TSEM,ema10_dist,1.8092737959317273,0.06775426962727331
TSEM,ema20_dist,1.1337450867891357,0.10474892752777015
TSEM,ema50_dist,0.31820427502841153,0.02520914221720103
TSEM,ema200_dist,0.6158563428417326,0.02018287223050893
TSEM,atr_pct,0.7291537221430973,0.3074590517845505
TSEM,rv20,0.8197476375214775,0.019195761057935534
TSEM,rv60,1.655510075019777,0.315323751075257
TSEM,volume_ratio,0.3544153729316777,0.05632321150005179
TSEM,range_position,0.3277900417014848,0.001582487768273942
TSEM,gap,0.7524364901078643,0.013668393890916258
TSEM,intraday,1.0814406122912406,0.006075408114653258
TSEM,drawdown60,0.036021108826009784,-0.007496870632861732
TSEM,high20_dist,1.141030390173826,-0.1251520631151934
TSEM,rsi14,0.36699159102072676,-0.02568928724568519
TSEM,QQQ_r1,1.7720263895119432,-0.015246052551542563
TSEM,QQQ_r5,1.3849311945162743,-0.03961821333024871
TSEM,QQQ_r20,0.4728186728686765,-0.039046460457921504
TSEM,SMH_r1,1.8318781902015056,-0.12462766576348204
TSEM,SMH_r5,2.271195221246112,0.042882984638924496
TSEM,IWM_r1,0.3059689941344449,0.020524689601908088
TSEM,JNK_r20,-0.28295898003394104,-0.0017435142482392532
TSEM,TLT_r20,0.053716344972665434,0.0004966900718226125
TSEM,BZ=F_r5,-0.16886116280886232,0.00874214071067146
TSEM,VIX_level,-0.6755661419776692,-0.129335485227062
TSEM,VIX_r5,-0.7977927859872082,-0.06660982784358378
TSEM,rs20,0.030258673901170083,0.0014868769870427618
TSEM,beta60,2.7431433920785393,0.2867131989923349
AMD,ret1,2.9203485291351368,0.0713034392979224
AMD,ret3,3.3529054226071304,0.04720145140623798
AMD,ret5,3.214165949193482,-0.024315121784165027
AMD,ret20,1.861483767454549,0.0054945998414329105
AMD,ret60,0.3391351842699598,0.008630102373686555
AMD,ema10_dist,3.22168177052536,0.12064657976270352
AMD,ema20_dist,2.828548205609263,0.26133510473441657
AMD,ema50_dist,2.016695457079402,0.15976894899277702
AMD,ema200_dist,2.1078628229814202,0.0690789768265922
AMD,atr_pct,0.053461117579512454,0.022542714957317963
AMD,rv20,0.42380373540088495,0.009924072809545336
AMD,rv60,0.9196201566580535,0.17515935525694024
AMD,volume_ratio,1.9585065040085272,0.31124320352425616
AMD,range_position,1.484365998314202,0.007166145206184043
AMD,gap,2.1604590650140345,0.039245844498555955
AMD,intraday,1.9643531461129853,0.01103550847665549
AMD,drawdown60,0.95537958302222,-0.19883777519983617
AMD,high20_dist,2.0412683338589113,-0.223893198247978
AMD,rsi14,1.6559374703551777,-0.11591506284525446
AMD,QQQ_r1,1.7720263895119432,-0.015246052551542563
AMD,QQQ_r5,1.3849311945162743,-0.03961821333024871
AMD,QQQ_r20,0.4728186728686765,-0.039046460457921504
AMD,SMH_r1,1.8318781902015056,-0.12462766576348204
AMD,SMH_r5,2.271195221246112,0.042882984638924496
AMD,IWM_r1,0.3059689941344449,0.020524689601908088
AMD,JNK_r20,-0.28295898003394104,-0.0017435142482392532
AMD,TLT_r20,0.053716344972665434,0.0004966900718226125
AMD,BZ=F_r5,-0.16886116280886232,0.00874214071067146
AMD,VIX_level,-0.6755661419776692,-0.129335485227062
AMD,VIX_r5,-0.7977927859872082,-0.06660982784358378
AMD,rs20,1.9244138810171982,0.0945635199538428
AMD,beta60,2.6313113021365613,0.27502451499941843
TEM,ret1,0.0503813227812692,0.001230113993190787
TEM,ret3,1.9048650467263473,0.026816263391223668
TEM,ret5,3.3041157080873207,-0.024995590489431715
TEM,ret20,0.36878987167596394,0.0010885685955799188
TEM,ret60,1.2698398502930142,0.032314098962648516
TEM,ema10_dist,2.144484230340027,0.08030733827052933
TEM,ema20_dist,2.3800411105713852,0.21989665640837652
TEM,ema50_dist,2.4031815877231217,0.1903875943001141
TEM,ema200_dist,1.1654548394526765,0.038194339294393836
TEM,atr_pct,0.8389334951370956,0.3537494071442588
TEM,rv20,1.4794099559152236,0.03464285680205517
TEM,rv60,1.770261885608764,0.33718044159232585
TEM,volume_ratio,-0.4438551948548821,-0.070536866977346
TEM,range_position,-0.7310643379237758,-0.0035293945068631486
TEM,gap,0.7825104343447064,0.014214702477869134
TEM,intraday,-0.4888733833733771,-0.0027464340497550463
TEM,drawdown60,0.7318566535325678,-0.15231720599814055
TEM,high20_dist,0.43679980286594144,-0.047909676173177464
TEM,rsi14,1.2574331043367544,-0.08801989200814182
TEM,QQQ_r1,1.7720263895119432,-0.015246052551542563
TEM,QQQ_r5,1.3849311945162743,-0.03961821333024871
TEM,QQQ_r20,0.4728186728686765,-0.039046460457921504
TEM,SMH_r1,1.8318781902015056,-0.12462766576348204
TEM,SMH_r5,2.271195221246112,0.042882984638924496
TEM,IWM_r1,0.3059689941344449,0.020524689601908088
TEM,JNK_r20,-0.28295898003394104,-0.0017435142482392532
TEM,TLT_r20,0.053716344972665434,0.0004966900718226125
TEM,BZ=F_r5,-0.16886116280886232,0.00874214071067146
TEM,VIX_level,-0.6755661419776692,-0.129335485227062
TEM,VIX_r5,-0.7977927859872082,-0.06660982784358378
TEM,rs20,0.2044848733446633,0.010048155228731835
TEM,beta60,0.5304109301071961,0.055438521730467316
AMAT,ret1,1.2865437944579072,0.031412345628285515
AMAT,ret3,1.945949732323205,0.027394644391076844
AMAT,ret5,1.1941127091335697,-0.009033446438534891
AMAT,ret20,-0.48872879068813224,-0.0014425960530887502
AMAT,ret60,-1.2684765797176358,-0.032279407296391956
AMAT,ema10_dist,0.9677400319260111,0.03624024136073613
AMAT,ema20_dist,0.22165100346944877,0.02047877002460348
AMAT,ema50_dist,-0.42031909822395574,-0.03329899927581838
AMAT,ema200_dist,0.13771650512109782,0.004513251603557237
AMAT,atr_pct,0.22594993753273732,0.09527531909239875
AMAT,rv20,0.1323780544044851,0.0030998534004269204
AMAT,rv60,0.9982672400646008,0.19013920571214502
AMAT,volume_ratio,0.6586722958393166,0.10467530999264577
AMAT,range_position,0.7151452922254564,0.003452541363401499
AMAT,gap,1.2750234841880321,0.02316145406445156
AMAT,intraday,0.6550534783599502,0.003680014577525515
AMAT,drawdown60,-1.798409346719236,0.37429281487160154
AMAT,high20_dist,0.08965305830718681,-0.009833449931181805
AMAT,rsi14,-0.20028505361134924,0.01401988601136319
AMAT,QQQ_r1,1.7720263895119432,-0.015246052551542563
AMAT,QQQ_r5,1.3849311945162743,-0.03961821333024871
AMAT,QQQ_r20,0.4728186728686765,-0.039046460457921504
AMAT,SMH_r1,1.8318781902015056,-0.12462766576348204
AMAT,SMH_r5,2.271195221246112,0.042882984638924496
AMAT,IWM_r1,0.3059689941344449,0.020524689601908088
AMAT,JNK_r20,-0.28295898003394104,-0.0017435142482392532
AMAT,TLT_r20,0.053716344972665434,0.0004966900718226125
AMAT,BZ=F_r5,-0.16886116280886232,0.00874214071067146
AMAT,VIX_level,-0.6755661419776692,-0.129335485227062
AMAT,VIX_r5,-0.7977927859872082,-0.06660982784358378
AMAT,rs20,-0.7835751878584885,-0.038503997837110844
AMAT,beta60,2.6613194877588087,0.2781609689378292
FN,ret1,0.9690843903334114,0.023661234031256632
FN,ret3,0.34326650443375,0.0048324289492842456
FN,ret5,0.6051268122010364,-0.004577776121741262
FN,ret20,-0.6421306724989094,-0.001895397184213084
FN,ret60,-1.2281579494684698,-0.03125340373569936
FN,ema10_dist,0.21876802726187525,0.008192495761701233
FN,ema20_dist,-0.45725036758902654,-0.042246256389323104
FN,ema50_dist,-1.1646691737594708,-0.09226875042665915
FN,ema200_dist,-1.0276649667632731,-0.03367868328553301
FN,atr_pct,0.8108905522011826,0.34192466239910063
FN,rv20,0.11369828659551802,0.0026624354158349814
FN,rv60,1.3364361188915863,0.2545499761312651
FN,volume_ratio,-0.38589596286777883,-0.061326064255705914
FN,range_position,0.5218405396247146,0.002519314701139206
FN,gap,1.7514954583624558,0.03181681130272811
FN,intraday,-0.056706767967398895,-0.0003185720550432904
FN,drawdown60,-1.5819204664622917,0.32923620274511717
FN,high20_dist,-0.3219667250313287,0.03531439674097936
FN,rsi14,-0.6854880909814092,0.047983934519424044
FN,QQQ_r1,1.7720263895119432,-0.015246052551542563
FN,QQQ_r5,1.3849311945162743,-0.03961821333024871
FN,QQQ_r20,0.4728186728686765,-0.039046460457921504
FN,SMH_r1,1.8318781902015056,-0.12462766576348204
FN,SMH_r5,2.271195221246112,0.042882984638924496
FN,IWM_r1,0.3059689941344449,0.020524689601908088
FN,JNK_r20,-0.28295898003394104,-0.0017435142482392532
FN,TLT_r20,0.053716344972665434,0.0004966900718226125
FN,BZ=F_r5,-0.16886116280886232,0.00874214071067146
FN,VIX_level,-0.6755661419776692,-0.129335485227062
FN,VIX_r5,-0.7977927859872082,-0.06660982784358378
FN,rs20,-0.9603296765745363,-0.04718951335199394
FN,beta60,2.317510550397102,0.24222607739778543
MTSI,ret1,0.32658093676852035,0.007973823592771339
MTSI,ret3,1.7949743941318128,0.02526924740220498
MTSI,ret5,2.1233972878080762,-0.01606347166429741
MTSI,ret20,0.19414588004549985,0.0005730664647006666
MTSI,ret60,-1.1999672290883572,-0.030536023722793713
MTSI,ema10_dist,1.0208687373915615,0.03822982228715813
MTSI,ema20_dist,0.5406434273888098,0.049951104400639046
MTSI,ema50_dist,-0.13556830867103117,-0.010740147262723885
MTSI,ema200_dist,-0.027823924280347318,-0.0009118469188940718
MTSI,atr_pct,0.5653745073194127,0.2383989886421643
MTSI,rv20,0.6876552887203861,0.016102597931740133
MTSI,rv60,1.1272049397189878,0.2146978717834164
MTSI,volume_ratio,0.18590709948995338,0.02954410469647528
MTSI,range_position,-0.9559648525521962,-0.004615157550885415
MTSI,gap,1.8343377968700194,0.033321684775044255
MTSI,intraday,-0.8758593914893438,-0.004920476625226445
MTSI,drawdown60,-1.0969044375598576,0.22829254659313464
MTSI,high20_dist,0.6141177132471833,-0.06735850286753631
MTSI,rsi14,0.07211760564337596,-0.005048208003052309
MTSI,QQQ_r1,1.7720263895119432,-0.015246052551542563
MTSI,QQQ_r5,1.3849311945162743,-0.03961821333024871
MTSI,QQQ_r20,0.4728186728686765,-0.039046460457921504
MTSI,SMH_r1,1.8318781902015056,-0.12462766576348204
MTSI,SMH_r5,2.271195221246112,0.042882984638924496
MTSI,IWM_r1,0.3059689941344449,0.020524689601908088
MTSI,JNK_r20,-0.28295898003394104,-0.0017435142482392532
MTSI,TLT_r20,0.053716344972665434,0.0004966900718226125
MTSI,BZ=F_r5,-0.16886116280886232,0.00874214071067146
MTSI,VIX_level,-0.6755661419776692,-0.129335485227062
MTSI,VIX_r5,-0.7977927859872082,-0.06660982784358378
MTSI,rs20,0.0032545554138193548,0.00015992516934710432
MTSI,beta60,2.1081725984132613,0.22034608597731783
STX,ret1,0.6165845547692876,0.01505457274514031
STX,ret3,1.989613362793865,0.028009331199116368
STX,ret5,1.124761211574863,-0.008508803300716412
STX,ret20,0.09734056163521301,0.0002873231794318566
STX,ret60,-0.7096435945335581,-0.018058571194371948
STX,ema10_dist,1.078918746489727,0.04040369778192663
STX,ema20_dist,0.6554987290321186,0.06056281051359596
STX,ema50_dist,0.29938958977977265,0.02371858375074905
STX,ema200_dist,1.0776314370074502,0.035316186733324754
STX,atr_pct,0.7550810546168322,0.3183917163456633
STX,rv20,0.4151616871566545,0.00972170480559601
STX,rv60,1.3423748034370453,0.25568111288215706
STX,volume_ratio,0.20461667804157113,0.03251740560360816
STX,range_position,-0.7220321800513779,-0.0034857895233804423
STX,gap,2.0756817244244927,0.03770582072321234
STX,intraday,-0.6948669490327636,-0.00390368204483622
STX,drawdown60,0.04512222029873333,-0.009391033737496515
STX,high20_dist,0.3757252888757855,-0.04121081740880982
STX,rsi14,0.223382338485822,-0.015636688140494917
STX,QQQ_r1,1.7720263895119432,-0.015246052551542563
STX,QQQ_r5,1.3849311945162743,-0.03961821333024871
STX,QQQ_r20,0.4728186728686765,-0.039046460457921504
STX,SMH_r1,1.8318781902015056,-0.12462766576348204
STX,SMH_r5,2.271195221246112,0.042882984638924496
STX,IWM_r1,0.3059689941344449,0.020524689601908088
STX,JNK_r20,-0.28295898003394104,-0.0017435142482392532
STX,TLT_r20,0.053716344972665434,0.0004966900718226125
STX,BZ=F_r5,-0.16886116280886232,0.00874214071067146
STX,VIX_level,-0.6755661419776692,-0.129335485227062
STX,VIX_r5,-0.7977927859872082,-0.06660982784358378
STX,rs20,-0.10828758708551967,-0.005321129463430384
STX,beta60,1.796257634707609,0.18774475083899592
KLAC,ret1,1.1443771947814483,0.027941195726453594
KLAC,ret3,1.6358320420739378,0.023028877021732612
KLAC,ret5,1.1101653210969362,-0.00839838558734098
KLAC,ret20,-0.11465386340071286,-0.000338427393606917
KLAC,ret60,-1.2127460953252953,-0.030861212405536326
KLAC,ema10_dist,0.91923525785038,0.03442381891084491
KLAC,ema20_dist,0.34011673774942863,0.03142405107518029
KLAC,ema50_dist,-0.3241774560241205,-0.025682356378753272
KLAC,ema200_dist,-0.023490271673831283,-0.0007698242574968785
KLAC,atr_pct,0.20525645431220552,0.0865495887890491
KLAC,rv20,0.1155318978257554,0.0027053724874869407
KLAC,rv60,0.9138605924528332,0.1740623354216927
KLAC,volume_ratio,-0.024898756874555575,-0.003956876751518071
KLAC,range_position,0.7517761466678556,0.003629385903264948
KLAC,gap,0.63586022230716,0.01155072633015702
KLAC,intraday,0.941001665675902,0.0052864383772652165
KLAC,drawdown60,-2.0477382006470046,0.4261842258763199
KLAC,high20_dist,0.5500430581701472,-0.06033057850606173
KLAC,rsi14,-0.06198015713518341,0.004338590036218312
KLAC,QQQ_r1,1.7720263895119432,-0.015246052551542563
KLAC,QQQ_r5,1.3849311945162743,-0.03961821333024871
KLAC,QQQ_r20,0.4728186728686765,-0.039046460457921504
KLAC,SMH_r1,1.8318781902015056,-0.12462766576348204
KLAC,SMH_r5,2.271195221246112,0.042882984638924496
KLAC,IWM_r1,0.3059689941344449,0.020524689601908088
KLAC,JNK_r20,-0.28295898003394104,-0.0017435142482392532
KLAC,TLT_r20,0.053716344972665434,0.0004966900718226125
KLAC,BZ=F_r5,-0.16886116280886232,0.00874214071067146
KLAC,VIX_level,-0.6755661419776692,-0.129335485227062
KLAC,VIX_r5,-0.7977927859872082,-0.06660982784358378
KLAC,rs20,-0.35255425295405474,-0.017324116949525865
KLAC,beta60,2.4351160309254674,0.25451819586256924
ONDS,ret1,-0.06181127413818092,-0.001509188505915856
ONDS,ret3,0.38309753308957134,0.0053931612475714786
ONDS,ret5,0.22290399334358185,-0.0016862656844727967
ONDS,ret20,-1.1173318955106533,-0.003298063492810269
ONDS,ret60,-0.3394635516182,-0.008638458462830149
ONDS,ema10_dist,-0.07529583628736147,-0.0028197028029125493
ONDS,ema20_dist,-0.4819598709059354,-0.04452921576206919
ONDS,ema50_dist,-0.7915329117302674,-0.0627077236458307
ONDS,ema200_dist,-0.7280234619767333,-0.02385881818816512
ONDS,atr_pct,0.742144874616503,0.31293697406590726
ONDS,rv20,0.6079639927893093,0.014236493041562756
ONDS,rv60,1.226244698557781,0.23356189969473196
ONDS,volume_ratio,-0.26801618267758154,-0.04259276909327513
ONDS,range_position,-1.2760689464585993,-0.006160539498890462
ONDS,gap,0.7637331809044262,0.013873604060148165
ONDS,intraday,-0.6116976939377529,-0.003436446801817793
ONDS,drawdown60,-0.9304790273141458,0.19365536269467182
ONDS,high20_dist,-0.8700530465398131,0.0954303537678157
ONDS,rsi14,-0.7577658002716605,0.05304334972360656
ONDS,QQQ_r1,1.7720263895119432,-0.015246052551542563
ONDS,QQQ_r5,1.3849311945162743,-0.03961821333024871
ONDS,QQQ_r20,0.4728186728686765,-0.039046460457921504
ONDS,SMH_r1,1.8318781902015056,-0.12462766576348204
ONDS,SMH_r5,2.271195221246112,0.042882984638924496
ONDS,IWM_r1,0.3059689941344449,0.020524689601908088
ONDS,JNK_r20,-0.28295898003394104,-0.0017435142482392532
ONDS,TLT_r20,0.053716344972665434,0.0004966900718226125
ONDS,BZ=F_r5,-0.16886116280886232,0.00874214071067146
ONDS,VIX_level,-0.6755661419776692,-0.129335485227062
ONDS,VIX_r5,-0.7977927859872082,-0.06660982784358378
ONDS,rs20,-1.5078715203850892,-0.0740950998183391
ONDS,beta60,1.9618391163043707,0.2050513183409323
HIMS,ret1,1.4149930223618707,0.034548571196343886
HIMS,ret3,0.7747802119136074,0.010907182253509094
HIMS,ret5,0.1964738991658021,-0.001486322380717456
HIMS,ret20,-0.9756894765946735,-0.0028799731360084234
HIMS,ret60,-0.5641050189577187,-0.01435499555610908
HIMS,ema10_dist,0.7191928135459952,0.026932564829359535
HIMS,ema20_dist,0.2720672304233862,0.02513682390722535
HIMS,ema50_dist,-0.11897657257207658,-0.00942569781068095
HIMS,ema200_dist,-0.42224900614123384,-0.013837963738562975
HIMS,atr_pct,0.5981726009881153,0.25222881693966176
HIMS,rv20,0.5718058659866165,0.01338979006782123
HIMS,rv60,1.4416282921620351,0.2745858497631426
HIMS,volume_ratio,-0.2527669059939051,-0.04016937467679454
HIMS,range_position,1.1702880142791727,0.005649855798978051
HIMS,gap,0.899205313723862,0.01633452467864864
HIMS,intraday,1.07840786022243,0.006058370464763686
HIMS,drawdown60,-0.8430159511404869,0.17545216494211982
HIMS,high20_dist,-0.6832577225131502,0.07494201236733247
HIMS,rsi14,-0.06544042402641778,0.0045808075482556216
HIMS,QQQ_r1,1.7720263895119432,-0.015246052551542563
HIMS,QQQ_r5,1.3849311945162743,-0.03961821333024871
HIMS,QQQ_r20,0.4728186728686765,-0.039046460457921504
HIMS,SMH_r1,1.8318781902015056,-0.12462766576348204
HIMS,SMH_r5,2.271195221246112,0.042882984638924496
HIMS,IWM_r1,0.3059689941344449,0.020524689601908088
HIMS,JNK_r20,-0.28295898003394104,-0.0017435142482392532
HIMS,TLT_r20,0.053716344972665434,0.0004966900718226125
HIMS,BZ=F_r5,-0.16886116280886232,0.00874214071067146
HIMS,VIX_level,-0.6755661419776692,-0.129335485227062
HIMS,VIX_r5,-0.7977927859872082,-0.06660982784358378
HIMS,rs20,-1.344666655878405,-0.06607539750088107
HIMS,beta60,0.8792535790756405,0.09189953653542696
CLS,ret1,1.024540037475733,0.025015243092260924
CLS,ret3,1.0330427539890001,0.014542944463689252
CLS,ret5,1.1312354061444814,-0.008557780494770175
CLS,ret20,0.9463427667649602,0.002793349534988568
CLS,ret60,-0.36952601384761496,-0.009403469404420963
CLS,ema10_dist,1.0711655732664234,0.04011335444626352
CLS,ema20_dist,0.9187450400932378,0.08488465241668913
CLS,ema50_dist,0.3775449525673912,0.02991029709392805
CLS,ema200_dist,0.10543795371413324,0.0034554174407610922
CLS,atr_pct,0.6319543136628816,0.26647340354907273
CLS,rv20,0.8482176578478723,0.019862434168641172
CLS,rv60,1.3471392751950306,0.25658859821208
CLS,volume_ratio,-0.10739705330235275,-0.017067394389793676
CLS,range_position,0.8059528354570967,0.0038909373124826666
CLS,gap,1.3218004853271121,0.02401118222757285
CLS,intraday,0.30808113202329496,0.0017307641198163355
CLS,drawdown60,0.3997567579311044,-0.08319912397193396
CLS,high20_dist,0.6506712429989887,-0.07136781734502723
CLS,rsi14,0.410454824800055,-0.0287316989098818
CLS,QQQ_r1,1.7720263895119432,-0.015246052551542563
CLS,QQQ_r5,1.3849311945162743,-0.03961821333024871
CLS,QQQ_r20,0.4728186728686765,-0.039046460457921504
CLS,SMH_r1,1.8318781902015056,-0.12462766576348204
CLS,SMH_r5,2.271195221246112,0.042882984638924496
CLS,IWM_r1,0.3059689941344449,0.020524689601908088
CLS,JNK_r20,-0.28295898003394104,-0.0017435142482392532
CLS,TLT_r20,0.053716344972665434,0.0004966900718226125
CLS,BZ=F_r5,-0.16886116280886232,0.00874214071067146
CLS,VIX_level,-0.6755661419776692,-0.129335485227062
CLS,VIX_r5,-0.7977927859872082,-0.06660982784358378
CLS,rs20,0.8699595433611093,0.04274882729186104
CLS,beta60,2.084627558207035,0.21788515964826613
VRT,ret1,0.15250131782129547,0.003723483121839645
VRT,ret3,0.768226804606589,0.010814924853565201
VRT,ret5,0.6977800553005281,-0.005278696648333019
VRT,ret20,-0.3905925841017663,-0.0011529243435762795
VRT,ret60,-1.00638501616583,-0.025609863322060028
VRT,ema10_dist,0.056031353135647666,0.002098280214122381
VRT,ema20_dist,-0.32396709186096617,-0.02993195368355178
VRT,ema50_dist,-0.6877799158808673,-0.05448808540371512
VRT,ema200_dist,-0.3468104447296597,-0.011365687754203286
VRT,atr_pct,0.641159957895164,0.2703551071744819
VRT,rv20,0.57377791579847,0.013435968910247835
VRT,rv60,0.9291149826575036,0.17696782757923504
VRT,volume_ratio,-0.17624495575702473,-0.02800860988847058
VRT,range_position,-0.2095974864151535,-0.0010118838778360654
VRT,gap,1.0495357123562143,0.01906535329913579
VRT,intraday,-0.5500630204670164,-0.003090190344373718
VRT,drawdown60,-0.976360026216773,0.20320431675216327
VRT,high20_dist,-0.7075717156660374,0.07760885317355233
VRT,rsi14,-0.5070499882541034,0.035493327680756866
VRT,QQQ_r1,1.7720263895119432,-0.015246052551542563
VRT,QQQ_r5,1.3849311945162743,-0.03961821333024871
VRT,QQQ_r20,0.4728186728686765,-0.039046460457921504
VRT,SMH_r1,1.8318781902015056,-0.12462766576348204
VRT,SMH_r5,2.271195221246112,0.042882984638924496
VRT,IWM_r1,0.3059689941344449,0.020524689601908088
VRT,JNK_r20,-0.28295898003394104,-0.0017435142482392532
VRT,TLT_r20,0.053716344972665434,0.0004966900718226125
VRT,BZ=F_r5,-0.16886116280886232,0.00874214071067146
VRT,VIX_level,-0.6755661419776692,-0.129335485227062
VRT,VIX_r5,-0.7977927859872082,-0.06660982784358378
VRT,rs20,-0.6704995540073857,-0.032947589174999035
VRT,beta60,1.5754569368373565,0.1646666738383797
PATH,ret1,0.41988051626454326,0.010251832822404803
PATH,ret3,-0.08823158756841963,-0.0012421045237439657
PATH,ret5,-1.013715081575523,0.007668740834348831
PATH,ret20,-1.2365169791666861,-0.003649865830927406
PATH,ret60,1.0828544097248627,0.02755580914389741
PATH,ema10_dist,-0.9613116832313312,-0.035999510482028416
PATH,ema20_dist,-1.1959765690370685,-0.11049861597175353
PATH,ema50_dist,-0.5450609257244784,-0.043181438691861605
PATH,ema200_dist,-0.08158797521303988,-0.002673804854671911
PATH,atr_pct,0.9382101985705109,0.3956109792311714
PATH,rv20,1.228992225780772,0.028778907103016758
PATH,rv60,0.8938702382545305,0.17025478778652864
PATH,volume_ratio,-0.39363898381425755,-0.06255657466728991
PATH,range_position,-0.27174570794752745,-0.001311919839528051
PATH,gap,0.5797004535348173,0.010530555391486675
PATH,intraday,0.1012712747773298,0.0005689302931391796
PATH,drawdown60,-1.1422323053962031,0.23772638059513415
PATH,high20_dist,-2.115266150792081,0.23200952848331538
PATH,rsi14,-0.9196834092782299,0.06437752758946776
PATH,QQQ_r1,1.7720263895119432,-0.015246052551542563
PATH,QQQ_r5,1.3849311945162743,-0.03961821333024871
PATH,QQQ_r20,0.4728186728686765,-0.039046460457921504
PATH,SMH_r1,1.8318781902015056,-0.12462766576348204
PATH,SMH_r5,2.271195221246112,0.042882984638924496
PATH,IWM_r1,0.3059689941344449,0.020524689601908088
PATH,JNK_r20,-0.28295898003394104,-0.0017435142482392532
PATH,TLT_r20,0.053716344972665434,0.0004966900718226125
PATH,BZ=F_r5,-0.16886116280886232,0.00874214071067146
PATH,VIX_level,-0.6755661419776692,-0.129335485227062
PATH,VIX_r5,-0.7977927859872082,-0.06660982784358378
PATH,rs20,-1.6452003345790849,-0.08084328231139369
PATH,beta60,-1.3469451715360428,-0.14078263648687933
APP,ret1,2.1005234357518976,0.05128653097421721
APP,ret3,0.14780429031772402,0.002080755687299029
APP,ret5,-0.2114509598649128,0.001599623641643043
APP,ret20,0.41042447409856475,0.0012114627533851012
APP,ret60,-1.1122917245836361,-0.02830491172192845
APP,ema10_dist,0.564141608642553,0.021126157216159437
APP,ema20_dist,0.2575231108727274,0.023793064236273375
APP,ema50_dist,-0.7312812309777484,-0.057934396232866094
APP,ema200_dist,-1.2241763832559187,-0.04011876441322978
APP,atr_pct,0.4599909732618127,0.19396237607187858
APP,rv20,-0.05225508938809859,-0.0012236402571257456
APP,rv60,0.8583202959515209,0.16348361718078042
APP,volume_ratio,0.32673310627711966,0.05192398314071629
APP,range_position,0.861479605428681,0.004159006573634339
APP,gap,0.24050984194749836,0.0043689843562865534
APP,intraday,2.398566454877678,0.013474868557622206
APP,drawdown60,-2.24564386822322,0.4673732185443554
APP,high20_dist,0.6821693870781713,-0.07482264006469974
APP,rsi14,-0.16440871903159587,0.011508554725057123
APP,QQQ_r1,1.7720263895119432,-0.015246052551542563
APP,QQQ_r5,1.3849311945162743,-0.03961821333024871
APP,QQQ_r20,0.4728186728686765,-0.039046460457921504
APP,SMH_r1,1.8318781902015056,-0.12462766576348204
APP,SMH_r5,2.271195221246112,0.042882984638924496
APP,IWM_r1,0.3059689941344449,0.020524689601908088
APP,JNK_r20,-0.28295898003394104,-0.0017435142482392532
APP,TLT_r20,0.053716344972665434,0.0004966900718226125
APP,BZ=F_r5,-0.16886116280886232,0.00874214071067146
APP,VIX_level,-0.6755661419776692,-0.129335485227062
APP,VIX_r5,-0.7977927859872082,-0.06660982784358378
APP,rs20,0.252457576007987,0.012405479539417598
APP,beta60,-0.04666914421476109,-0.004877856429484699
MU,ret1,0.7979519366364085,0.019482851758609712
MU,ret3,2.099323661995825,0.029553808213477986
MU,ret5,1.6614855989156712,-0.012569116006722718
MU,ret20,0.4106434390148386,0.0012121090789750809
MU,ret60,-0.6930555020927924,-0.017636447679655682
MU,ema10_dist,1.3200359847243497,0.04943313401643482
MU,ema20_dist,1.0936698069837145,0.1010462939914416
MU,ema50_dist,0.8818306852598805,0.06986139690996702
MU,ema200_dist,1.7520999648783038,0.05741990017192319
MU,atr_pct,0.23390479909316092,0.09862961067477817
MU,rv20,0.19364248072495607,0.004534462340020778
MU,rv60,1.2862747158856165,0.244995771663587
MU,volume_ratio,0.1564402779502682,0.02486127728951087
MU,range_position,-0.38869674776406826,-0.001876530005950188
MU,gap,1.434898005215646,0.026065656552310357
MU,intraday,-0.04191129792334811,-0.00023545281784792633
MU,drawdown60,0.21959227648784294,-0.04570250451635879
MU,high20_dist,0.9644506285526955,-0.10578419906741207
MU,rsi14,0.71918966706164,-0.05034303344632144
MU,QQQ_r1,1.7720263895119432,-0.015246052551542563
MU,QQQ_r5,1.3849311945162743,-0.03961821333024871
MU,QQQ_r20,0.4728186728686765,-0.039046460457921504
MU,SMH_r1,1.8318781902015056,-0.12462766576348204
MU,SMH_r5,2.271195221246112,0.042882984638924496
MU,IWM_r1,0.3059689941344449,0.020524689601908088
MU,JNK_r20,-0.28295898003394104,-0.0017435142482392532
MU,TLT_r20,0.053716344972665434,0.0004966900718226125
MU,BZ=F_r5,-0.16886116280886232,0.00874214071067146
MU,VIX_level,-0.6755661419776692,-0.129335485227062
MU,VIX_r5,-0.7977927859872082,-0.06660982784358378
MU,rs20,0.25270987429380903,0.012417877191617572
MU,beta60,2.642609950217302,0.27620544908579264
CRWD,ret1,1.434016046508815,0.0350130387193098
CRWD,ret3,0.5198332755339949,0.00731809639753696
CRWD,ret5,0.7321969004005381,-0.005539059614421771
CRWD,ret20,1.8510545899416369,0.005463815712067612
CRWD,ret60,1.4361564525825816,0.03654642097103123
CRWD,ema10_dist,1.486035684665988,0.05564954440892615
CRWD,ema20_dist,1.610303633875814,0.14877910441073847
CRWD,ema50_dist,1.6380681656651173,0.12977290561553426
CRWD,ema200_dist,1.9013912732488374,0.06231248175688272
CRWD,atr_pct,0.4961540278839281,0.2092110926951292
CRWD,rv20,1.8524009546174371,0.043377064453444525
CRWD,rv60,1.0298675391210075,0.1961580907578594
CRWD,volume_ratio,0.03801146905042999,0.006040731227445256
CRWD,range_position,1.43424089757414,0.006924153843685958
CRWD,gap,-1.3216919335062174,-0.024009210328196525
CRWD,intraday,2.7773541007799882,0.01560285368365661
CRWD,drawdown60,0.95537958302222,-0.19883777519983617
CRWD,high20_dist,0.9053218876582831,-0.09929875926136794
CRWD,rsi14,0.9907564828000299,-0.06935261869729673
CRWD,QQQ_r1,1.7720263895119432,-0.015246052551542563
CRWD,QQQ_r5,1.3849311945162743,-0.03961821333024871
CRWD,QQQ_r20,0.4728186728686765,-0.039046460457921504
CRWD,SMH_r1,1.8318781902015056,-0.12462766576348204
CRWD,SMH_r5,2.271195221246112,0.042882984638924496
CRWD,IWM_r1,0.3059689941344449,0.020524689601908088
CRWD,JNK_r20,-0.28295898003394104,-0.0017435142482392532
CRWD,TLT_r20,0.053716344972665434,0.0004966900718226125
CRWD,BZ=F_r5,-0.16886116280886232,0.00874214071067146
CRWD,VIX_level,-0.6755661419776692,-0.129335485227062
CRWD,VIX_r5,-0.7977927859872082,-0.06660982784358378
CRWD,rs20,1.9123970536011072,0.09397302665593396
CRWD,beta60,0.20131395199800636,0.02104132337588176
COIN,ret1,1.0133571749236963,0.024742201517530697
COIN,ret3,3.7089076105966563,0.05221317045551429
COIN,ret5,0.6107288541730996,-0.0046201554932310575
COIN,ret20,0.39909099985989543,0.001178009383098757
COIN,ret60,1.229969750638256,0.031299509331052675
COIN,ema10_dist,2.0766739616897434,0.07776795742283228
COIN,ema20_dist,1.7492862368921274,0.16161997911936185
COIN,ema50_dist,1.3604773971283783,0.1077812929585391
COIN,ema200_dist,-0.10443165727786381,-0.0034224390479340792
COIN,atr_pct,0.8980730611844739,0.378686528560075
COIN,rv20,1.63076652722264,0.038187123896438135
COIN,rv60,1.2212383021775466,0.23260833516510124
COIN,volume_ratio,0.4282346681577324,0.06805447401106976
COIN,range_position,-1.50194833824771,-0.007251028315316901
COIN,gap,2.84011753977694,0.05159218849767146
COIN,intraday,-0.7397226631153151,-0.004155676251664018
COIN,drawdown60,0.95537958302222,-0.19883777519983617
COIN,high20_dist,1.2195117821252208,-0.13376016698644339
COIN,rsi14,0.655277560624959,-0.04586920761243203
COIN,QQQ_r1,1.7720263895119432,-0.015246052551542563
COIN,QQQ_r5,1.3849311945162743,-0.03961821333024871
COIN,QQQ_r20,0.4728186728686765,-0.039046460457921504
COIN,SMH_r1,1.8318781902015056,-0.12462766576348204
COIN,SMH_r5,2.271195221246112,0.042882984638924496
COIN,IWM_r1,0.3059689941344449,0.020524689601908088
COIN,JNK_r20,-0.28295898003394104,-0.0017435142482392532
COIN,TLT_r20,0.053716344972665434,0.0004966900718226125
COIN,BZ=F_r5,-0.16886116280886232,0.00874214071067146
COIN,VIX_level,-0.6755661419776692,-0.129335485227062
COIN,VIX_r5,-0.7977927859872082,-0.06660982784358378
COIN,rs20,0.23939878937000095,0.011763785544692595
COIN,beta60,-0.12330868694223465,-0.012888217290735133
HOOD,ret1,0.8370329988454882,0.02043705777858388
HOOD,ret3,3.0119736936983923,0.04240189090374775
HOOD,ret5,0.9842614825870907,-0.007445924757734805
HOOD,ret20,0.8079459708121752,0.0023848393849716073
HOOD,ret60,0.910085831082129,0.02315930123259727
HOOD,ema10_dist,1.6380369499017051,0.061341736896113476
HOOD,ema20_dist,1.516800240200076,0.1401401428647361
HOOD,ema50_dist,1.4216546606885554,0.11262794794898508
HOOD,ema200_dist,0.8706147197725463,0.028531825409298897
HOOD,atr_pct,0.5967128468960091,0.25161328883445166
HOOD,rv20,1.3681813571532644,0.03203825325467671
HOOD,rv60,1.0482888063626692,0.19966677558789955
HOOD,volume_ratio,0.17311789213372408,0.027511661168745507
HOOD,range_position,-0.47635718659430454,-0.0022997325275713526
HOOD,gap,2.1925017480130293,0.03982791623259592
HOOD,intraday,-0.5134978577844893,-0.0028847714951551946
HOOD,drawdown60,0.8676072933638741,-0.180570222585144
HOOD,high20_dist,0.7765989277986847,-0.08517999070318014
HOOD,rsi14,0.8046405273102211,-0.056324564762096796
HOOD,QQQ_r1,1.7720263895119432,-0.015246052551542563
HOOD,QQQ_r5,1.3849311945162743,-0.03961821333024871
HOOD,QQQ_r20,0.4728186728686765,-0.039046460457921504
HOOD,SMH_r1,1.8318781902015056,-0.12462766576348204
HOOD,SMH_r5,2.271195221246112,0.042882984638924496
HOOD,IWM_r1,0.3059689941344449,0.020524689601908088
HOOD,JNK_r20,-0.28295898003394104,-0.0017435142482392532
HOOD,TLT_r20,0.053716344972665434,0.0004966900718226125
HOOD,BZ=F_r5,-0.16886116280886232,0.00874214071067146
HOOD,VIX_level,-0.6755661419776692,-0.129335485227062
HOOD,VIX_r5,-0.7977927859872082,-0.06660982784358378
HOOD,rs20,0.7104943880460776,0.03491289005126862
HOOD,beta60,0.4216051552380316,0.044066148025299824
SMMT,ret1,-1.5955750930833943,-0.03895767599651599
SMMT,ret3,-0.4288312346379924,-0.006036990052496922
SMMT,ret5,-1.1394596484185358,0.008619996775956993
SMMT,ret20,1.753528155776858,0.005175943886878359
SMMT,ret60,0.4651649731492708,0.01183723047661073
SMMT,ema10_dist,-0.32395762060500727,-0.012131669636534016
SMMT,ema20_dist,0.4324263246280192,0.03995271447468243
SMMT,ema50_dist,0.7374474929557937,0.05842290687634876
SMMT,ema200_dist,-0.1689534685518703,-0.005536950797566155
SMMT,atr_pct,0.7208660329529124,0.3039644182353862
SMMT,rv20,1.1702229690514903,0.027402726729824523
SMMT,rv60,0.8839177007416874,0.16835913549868048
SMMT,volume_ratio,-0.2351528496764317,-0.03737017268073969
SMMT,range_position,-1.1948519218378812,-0.005768444158315912
SMMT,gap,1.5406749205239694,0.02798714834863857
SMMT,intraday,-2.9703543982042366,-0.01668710700258597
SMMT,drawdown60,0.3192291299871069,-0.06643936202281116
SMMT,high20_dist,-0.18027842876792288,0.01977354634001801
SMMT,rsi14,0.3241372861147754,-0.022689500396669934
SMMT,QQQ_r1,1.7720263895119432,-0.015246052551542563
SMMT,QQQ_r5,1.3849311945162743,-0.03961821333024871
SMMT,QQQ_r20,0.4728186728686765,-0.039046460457921504
SMMT,SMH_r1,1.8318781902015056,-0.12462766576348204
SMMT,SMH_r5,2.271195221246112,0.042882984638924496
SMMT,IWM_r1,0.3059689941344449,0.020524689601908088
SMMT,JNK_r20,-0.28295898003394104,-0.0017435142482392532
SMMT,TLT_r20,0.053716344972665434,0.0004966900718226125
SMMT,BZ=F_r5,-0.16886116280886232,0.00874214071067146
SMMT,VIX_level,-0.6755661419776692,-0.129335485227062
SMMT,VIX_r5,-0.7977927859872082,-0.06660982784358378
SMMT,rs20,1.800024018775118,0.0884511429146753
SMMT,beta60,-0.4998199299245786,-0.052241152045724916
RBRK,ret1,1.710139865048232,0.04175489769179575
RBRK,ret3,1.2438381818340152,0.01751047527353443
RBRK,ret5,1.6292326312717762,-0.012325122744222124
RBRK,ret20,0.730999555908087,0.0021577142461319757
RBRK,ret60,1.8584856089861381,0.04729359208216569
RBRK,ema10_dist,2.1938913941346097,0.08215755370214847
RBRK,ema20_dist,2.0936022534735903,0.19343200978463804
RBRK,ema50_dist,2.0007545404422573,0.15850605950286542
RBRK,ema200_dist,1.6695539160262929,0.05471469728414254
RBRK,atr_pct,0.5325147662011174,0.22454316573499664
RBRK,rv20,1.688113769953992,0.039530005435116096
RBRK,rv60,1.0256900999572773,0.19536241708188956
RBRK,volume_ratio,-0.2584613287234752,-0.04107432463174503
RBRK,range_position,1.5041603039998748,0.007261707128890589
RBRK,gap,0.38152684289594563,0.006930630341853759
RBRK,intraday,1.8159115562562547,0.010201580816349778
RBRK,drawdown60,0.95537958302222,-0.19883777519983617
RBRK,high20_dist,1.347893995452264,-0.1478415613152365
RBRK,rsi14,1.2135709222544622,-0.08494955409767206
RBRK,QQQ_r1,1.7720263895119432,-0.015246052551542563
RBRK,QQQ_r5,1.3849311945162743,-0.03961821333024871
RBRK,QQQ_r20,0.4728186728686765,-0.039046460457921504
RBRK,SMH_r1,1.8318781902015056,-0.12462766576348204
RBRK,SMH_r5,2.271195221246112,0.042882984638924496
RBRK,IWM_r1,0.3059689941344449,0.020524689601908088
RBRK,JNK_r20,-0.28295898003394104,-0.0017435142482392532
RBRK,TLT_r20,0.053716344972665434,0.0004966900718226125
RBRK,BZ=F_r5,-0.16886116280886232,0.00874214071067146
RBRK,VIX_level,-0.6755661419776692,-0.129335485227062
RBRK,VIX_r5,-0.7977927859872082,-0.06660982784358378
RBRK,rs20,0.6218343008009842,0.030556233714493893
RBRK,beta60,0.01524337153077154,0.0015932363680429367
CAMT,ret1,0.07933650000911913,0.001937085678669032
CAMT,ret3,1.3053393947135856,0.01837627557066971
CAMT,ret5,1.5056351223092566,-0.01139010926634081
CAMT,ret20,0.012281683688644024,3.6252229768530765e-05
CAMT,ret60,-0.5883649686801747,-0.014972347748969803
CAMT,ema10_dist,0.8349612507807189,0.03126789866792331
CAMT,ema20_dist,0.5102623192190133,0.04714413435510249
CAMT,ema50_dist,-0.014245622260746754,-0.0011285829441217438
CAMT,ema200_dist,-0.18357119462451826,-0.006016003584882581
CAMT,atr_pct,0.43149832587967746,0.18194800642538633
CAMT,rv20,0.5109691570703716,0.01196519684613376
CAMT,rv60,1.0011824743752633,0.19069446818500577
CAMT,volume_ratio,-0.7246179104772121,-0.11515529783862195
CAMT,range_position,-0.5738661776414333,-0.0027704813789636725
CAMT,gap,0.9616984785123899,0.017469744996973565
CAMT,intraday,-0.5777374510360874,-0.003245662090243812
CAMT,drawdown60,-0.13195355227905323,0.027462750126901126
CAMT,high20_dist,0.8495511168824857,-0.09318163294797302
CAMT,rsi14,0.11615065927451153,-0.008130506864148056
CAMT,QQQ_r1,1.7720263895119432,-0.015246052551542563
CAMT,QQQ_r5,1.3849311945162743,-0.03961821333024871
CAMT,QQQ_r20,0.4728186728686765,-0.039046460457921504
CAMT,SMH_r1,1.8318781902015056,-0.12462766576348204
CAMT,SMH_r5,2.271195221246112,0.042882984638924496
CAMT,IWM_r1,0.3059689941344449,0.020524689601908088
CAMT,JNK_r20,-0.28295898003394104,-0.0017435142482392532
CAMT,TLT_r20,0.053716344972665434,0.0004966900718226125
CAMT,BZ=F_r5,-0.16886116280886232,0.00874214071067146
CAMT,VIX_level,-0.6755661419776692,-0.129335485227062
CAMT,VIX_r5,-0.7977927859872082,-0.06660982784358378
CAMT,rs20,-0.20629511023149896,-0.01013710822042351
CAMT,beta60,2.3775623274531026,0.24850268588811086
RBLX,ret1,2.099208519943807,0.051254425895467644
RBLX,ret3,1.3201913334010718,0.01858535783631283
RBLX,ret5,-0.061094106850153096,0.00046217608917455453
RBLX,ret20,2.091837004827417,0.006174540694891587
RBLX,ret60,0.1609500156265984,0.004095756430858279
RBLX,ema10_dist,1.7388832236721476,0.0651182607364036
RBLX,ema20_dist,1.8912785240481906,0.17473892443619313
RBLX,ema50_dist,1.2181179644487536,0.09650313151944377
RBLX,ema200_dist,-0.705898513003726,-0.023133738348655383
RBLX,atr_pct,0.23101845604764856,0.097412539062924
RBLX,rv20,0.5844716363152631,0.013686380249622175
RBLX,rv60,1.3660489009483725,0.26019030031824314
RBLX,volume_ratio,-0.11860303922048772,-0.01884823450886884
RBLX,range_position,1.0813403057580198,0.005220438663484631
RBLX,gap,3.2522119015385,0.05907809346218916
RBLX,intraday,0.24396154303653678,0.0013705476947895004
RBLX,drawdown60,0.0640729144056171,-0.013335135036778498
RBLX,high20_dist,0.9372489242147743,-0.1028006243550666
RBLX,rsi14,1.286911790610653,-0.09008339007688326
RBLX,QQQ_r1,1.7720263895119432,-0.015246052551542563
RBLX,QQQ_r5,1.3849311945162743,-0.03961821333024871
RBLX,QQQ_r20,0.4728186728686765,-0.039046460457921504
RBLX,SMH_r1,1.8318781902015056,-0.12462766576348204
RBLX,SMH_r5,2.271195221246112,0.042882984638924496
RBLX,IWM_r1,0.3059689941344449,0.020524689601908088
RBLX,JNK_r20,-0.28295898003394104,-0.0017435142482392532
RBLX,TLT_r20,0.053716344972665434,0.0004966900718226125
RBLX,BZ=F_r5,-0.16886116280886232,0.00874214071067146
RBLX,VIX_level,-0.6755661419776692,-0.129335485227062
RBLX,VIX_r5,-0.7977927859872082,-0.06660982784358378
RBLX,rs20,2.1898341497603893,0.10760597154236715
RBLX,beta60,-0.939571034698695,-0.09820391373521317
NET,ret1,2.543225950903836,0.0620955873595255
NET,ret3,1.3655516770456442,0.019223930592309237
NET,ret5,0.800200815605194,-0.0060535083100207495
NET,ret20,1.1980815855751754,0.0035364148778620932
NET,ret60,1.7224152987535675,0.04383095900310539
NET,ema10_dist,1.8780510037348161,0.07032986072475103
NET,ema20_dist,1.8097636860513142,0.1672076090132926
NET,ema50_dist,1.6847356954302863,0.13347005391648203
NET,ema200_dist,1.573798566783418,0.05157659859989571
NET,atr_pct,0.4496569526577355,0.18960487493108613
NET,rv20,0.9811141719029176,0.022974428168338897
NET,rv60,0.48213305265805817,0.09183151765457372
NET,volume_ratio,0.3283393906556077,0.05217925168065136
NET,range_position,1.5121444070014505,0.007300252367406832
NET,gap,0.506216511736055,0.009195681984405284
NET,intraday,2.7371968786545082,0.015377255060495814
NET,drawdown60,0.95537958302222,-0.19883777519983617
NET,high20_dist,1.3931752480148913,-0.15280816187860066
NET,rsi14,1.05231541821894,-0.07366172335584366
NET,QQQ_r1,1.7720263895119432,-0.015246052551542563
NET,QQQ_r5,1.3849311945162743,-0.03961821333024871
NET,QQQ_r20,0.4728186728686765,-0.039046460457921504
NET,SMH_r1,1.8318781902015056,-0.12462766576348204
NET,SMH_r5,2.271195221246112,0.042882984638924496
NET,IWM_r1,0.3059689941344449,0.020524689601908088
NET,JNK_r20,-0.28295898003394104,-0.0017435142482392532
NET,TLT_r20,0.053716344972665434,0.0004966900718226125
NET,BZ=F_r5,-0.16886116280886232,0.00874214071067146
NET,VIX_level,-0.6755661419776692,-0.129335485227062
NET,VIX_r5,-0.7977927859872082,-0.06660982784358378
NET,rs20,1.1600209538441153,0.057002116695256476
NET,beta60,-0.28839045843339567,-0.03014255511945818
RDDT,ret1,1.5228791224871938,0.03718272596062256
RDDT,ret3,0.08225976551636381,0.001158034550730044
RDDT,ret5,-0.34735474596484367,0.0026277339390525854
RDDT,ret20,0.11925742097828056,0.0003520158584530647
RDDT,ret60,-0.1894464130267265,-0.004820915123471537
RDDT,ema10_dist,0.4258472232528388,0.015947264393690062
RDDT,ema20_dist,0.22421516538521466,0.020715677962563947
RDDT,ema50_dist,-0.16196336418192894,-0.012831246472958335
RDDT,ema200_dist,-0.46408074769880603,-0.015208875485838947
RDDT,atr_pct,0.41636215715129704,0.17556560454831616
RDDT,rv20,0.43263171530299066,0.0101307947140298
RDDT,rv60,1.3538429243748318,0.25786543719793886
RDDT,volume_ratio,0.21620506169522113,0.03435901585338166
RDDT,range_position,0.980626680312796,0.004734218644297062
RDDT,gap,0.5855951658023874,0.010637635856357823
RDDT,intraday,1.4372584667118988,0.008074351612350945
RDDT,drawdown60,-0.7338269385162912,0.15272727032192893
RDDT,high20_dist,0.4544880545780299,-0.04984978330242884
RDDT,rsi14,-0.06863045913539131,0.004804108926933841
RDDT,QQQ_r1,1.7720263895119432,-0.015246052551542563
RDDT,QQQ_r5,1.3849311945162743,-0.03961821333024871
RDDT,QQQ_r20,0.4728186728686765,-0.039046460457921504
RDDT,SMH_r1,1.8318781902015056,-0.12462766576348204
RDDT,SMH_r5,2.271195221246112,0.042882984638924496
RDDT,IWM_r1,0.3059689941344449,0.020524689601908088
RDDT,JNK_r20,-0.28295898003394104,-0.0017435142482392532
RDDT,TLT_r20,0.053716344972665434,0.0004966900718226125
RDDT,BZ=F_r5,-0.16886116280886232,0.00874214071067146
RDDT,VIX_level,-0.6755661419776692,-0.129335485227062
RDDT,VIX_r5,-0.7977927859872082,-0.06660982784358378
RDDT,rs20,-0.08303429017861508,-0.00408021103651999
RDDT,beta60,-1.068828334033468,-0.11171387967151869
MDB,ret1,1.8084276481916473,0.04415469925971661
MDB,ret3,1.3493179743971766,0.01899539616317251
MDB,ret5,0.812285485055581,-0.006144928670404217
MDB,ret20,-0.4728228148682301,-0.0013956458869117015
MDB,ret60,1.1398950474937077,0.029007344007391987
MDB,ema10_dist,1.0728225642790339,0.0401754059810234
MDB,ema20_dist,0.5896015286464762,0.05447443919634727
MDB,ema50_dist,0.5232629427344387,0.04145453400714304
MDB,ema200_dist,0.5370624780433679,0.017600636090120466
MDB,atr_pct,0.4975089413270464,0.20978241310373505
MDB,rv20,1.0975318144932729,0.02570054184992184
MDB,rv60,0.7727082421070697,0.14717715407745757
MDB,volume_ratio,-0.5958016038568984,-0.0946839846943411
MDB,range_position,1.560030235166472,0.00753143308586754
MDB,gap,0.42121578051851877,0.00765160020398733
MDB,intraday,1.9062274918898368,0.01070896528295329
MDB,drawdown60,-0.10544522480551989,0.02194572113363712
MDB,high20_dist,-0.2673649319472974,0.029325487845034536
MDB,rsi14,0.19736699001196584,-0.013815622546368691
MDB,QQQ_r1,1.7720263895119432,-0.015246052551542563
MDB,QQQ_r5,1.3849311945162743,-0.03961821333024871
MDB,QQQ_r20,0.4728186728686765,-0.039046460457921504
MDB,SMH_r1,1.8318781902015056,-0.12462766576348204
MDB,SMH_r5,2.271195221246112,0.042882984638924496
MDB,IWM_r1,0.3059689941344449,0.020524689601908088
MDB,JNK_r20,-0.28295898003394104,-0.0017435142482392532
MDB,TLT_r20,0.053716344972665434,0.0004966900718226125
MDB,BZ=F_r5,-0.16886116280886232,0.00874214071067146
MDB,VIX_level,-0.6755661419776692,-0.129335485227062
MDB,VIX_r5,-0.7977927859872082,-0.06660982784358378
MDB,rs20,-0.76524782061638,-0.037603411754773684
MDB,beta60,-0.4621775748524264,-0.04830677512926181
VKTX,ret1,1.1206265316806043,0.027361297831458863
VKTX,ret3,0.29850573394673313,0.004202296849880779
VKTX,ret5,-0.6449609666531729,0.004879120959557112
VKTX,ret20,-0.8468609505135312,-0.0024997059473530897
VKTX,ret60,-0.8551106132732152,-0.0217603258985341
VKTX,ema10_dist,-0.47394869170083576,-0.01774858372414277
VKTX,ema20_dist,-0.8100038190035382,-0.07483783817252326
VKTX,ema50_dist,-0.8509776663478714,-0.0674171238356553
VKTX,ema200_dist,-0.6465842343749265,-0.02118988809701072
VKTX,atr_pct,0.3843792646068516,0.16207951853322958
VKTX,rv20,-0.21831261314903852,-0.005112154724364987
VKTX,rv60,0.013077161556495406,0.002490797064682326
VKTX,volume_ratio,2.3692829443080217,0.37652323958715833
VKTX,range_position,0.7535715465288667,0.003638053641627171
VKTX,gap,0.9901974485117564,0.017987443370933213
VKTX,intraday,0.6579629174196668,0.0036963594692112837
VKTX,drawdown60,-1.244094068771909,0.25892629607112405
VKTX,high20_dist,-0.5883455632789635,0.06453172650188183
VKTX,rsi14,-1.0978722000093024,0.07685068267272219
VKTX,QQQ_r1,1.7720263895119432,-0.015246052551542563
VKTX,QQQ_r5,1.3849311945162743,-0.03961821333024871
VKTX,QQQ_r20,0.4728186728686765,-0.039046460457921504
VKTX,SMH_r1,1.8318781902015056,-0.12462766576348204
VKTX,SMH_r5,2.271195221246112,0.042882984638924496
VKTX,IWM_r1,0.3059689941344449,0.020524689601908088
VKTX,JNK_r20,-0.28295898003394104,-0.0017435142482392532
VKTX,TLT_r20,0.053716344972665434,0.0004966900718226125
VKTX,BZ=F_r5,-0.16886116280886232,0.00874214071067146
VKTX,VIX_level,-0.6755661419776692,-0.129335485227062
VKTX,VIX_r5,-0.7977927859872082,-0.06660982784358378
VKTX,rs20,-1.1962263630298293,-0.058781209523333884
VKTX,beta60,-1.125412856700915,-0.11762809092065978
TEAM,ret1,0.5402882749347935,0.01319171730046937
TEAM,ret3,0.43922612456466975,0.006183326984173848
TEAM,ret5,0.14766432563944154,-0.0011170786194162027
TEAM,ret20,0.7986163105597215,0.0023573007350838064
TEAM,ret60,5.456330469913995,0.13884932240631012
TEAM,ema10_dist,0.724774607333872,0.027141593646423063
TEAM,ema20_dist,1.085166633782991,0.10026066917706539
TEAM,ema50_dist,2.1905808025415725,0.1735446922723153
TEAM,ema200_dist,1.8934644762897446,0.06205270440444962
TEAM,atr_pct,0.12172526975782547,0.051327360584487065
TEAM,rv20,0.40635746236405534,0.009515539166704908
TEAM,rv60,1.8674486756696727,0.35569153594287106
TEAM,volume_ratio,-0.26476378236956666,-0.042075902037210754
TEAM,range_position,-0.38063510446810783,-0.0018376104224209755
TEAM,gap,0.6183072895843514,0.011231868324796716
TEAM,intraday,0.22018514020945185,0.001236974617330454
TEAM,drawdown60,0.95537958302222,-0.19883777519983617
TEAM,high20_dist,0.7855760710151459,-0.08616463406070678
TEAM,rsi14,1.2373193652804477,-0.08661193707717166
TEAM,QQQ_r1,1.7720263895119432,-0.015246052551542563
TEAM,QQQ_r5,1.3849311945162743,-0.03961821333024871
TEAM,QQQ_r20,0.4728186728686765,-0.039046460457921504
TEAM,SMH_r1,1.8318781902015056,-0.12462766576348204
TEAM,SMH_r5,2.271195221246112,0.042882984638924496
TEAM,IWM_r1,0.3059689941344449,0.020524689601908088
TEAM,JNK_r20,-0.28295898003394104,-0.0017435142482392532
TEAM,TLT_r20,0.053716344972665434,0.0004966900718226125
TEAM,BZ=F_r5,-0.16886116280886232,0.00874214071067146
TEAM,VIX_level,-0.6755661419776692,-0.129335485227062
TEAM,VIX_r5,-0.7977927859872082,-0.06660982784358378
TEAM,rs20,0.6997444591120179,0.03438465071082018
TEAM,beta60,-2.1016383770125815,-0.21966312950988595
TWLO,ret1,2.67281596727031,0.06525966650056561
TWLO,ret3,1.8810538335183582,0.02648105446597861
TWLO,ret5,1.8938592888024424,-0.014327019817025489
TWLO,ret20,1.0748646887792859,0.0031727117108329562
TWLO,ret60,1.171195061362452,0.02980384739752696
TWLO,ema10_dist,2.0464639351402067,0.07663664258873316
TWLO,ema20_dist,1.7630507302028724,0.16289170759612825
TWLO,ema50_dist,1.550759217603561,0.12285601649353403
TWLO,ema200_dist,1.6719896460917314,0.05479452114123219
TWLO,atr_pct,0.10691061924283252,0.045080531882205094
TWLO,rv20,0.2151593034918865,0.00503831470830421
TWLO,rv60,0.775194340140411,0.14765067928835346
TWLO,volume_ratio,1.0376451251000447,0.16490115922334428
TWLO,range_position,1.5340018653963012,0.007405774671793698
TWLO,gap,0.6562313979224655,0.011920779159853128
TWLO,intraday,2.7808119367306636,0.015622279405564135
TWLO,drawdown60,0.95537958302222,-0.19883777519983617
TWLO,high20_dist,1.6811367137362754,-0.18439274704220535
TWLO,rsi14,1.2914340391687507,-0.09039994594641214
TWLO,QQQ_r1,1.7720263895119432,-0.015246052551542563
TWLO,QQQ_r5,1.3849311945162743,-0.03961821333024871
TWLO,QQQ_r20,0.4728186728686765,-0.039046460457921504
TWLO,SMH_r1,1.8318781902015056,-0.12462766576348204
TWLO,SMH_r5,2.271195221246112,0.042882984638924496
TWLO,IWM_r1,0.3059689941344449,0.020524689601908088
TWLO,JNK_r20,-0.28295898003394104,-0.0017435142482392532
TWLO,TLT_r20,0.053716344972665434,0.0004966900718226125
TWLO,BZ=F_r5,-0.16886116280886232,0.00874214071067146
TWLO,VIX_level,-0.6755661419776692,-0.129335485227062
TWLO,VIX_r5,-0.7977927859872082,-0.06660982784358378
TWLO,rs20,1.0180465573292126,0.05002565554508262
TWLO,beta60,-0.7453655543053451,-0.07790556742702781
SHOP,ret1,2.1459315872449163,0.05239521966028037
SHOP,ret3,0.9947174955154465,0.014003410060698454
SHOP,ret5,0.3462883898445729,-0.0026196669694749314
SHOP,ret20,-0.6127699460782556,-0.0018087322099834776
SHOP,ret60,0.6182288208723904,0.015732304585197997
SHOP,ema10_dist,0.7222373850876121,0.02704657892805155
SHOP,ema20_dist,0.15161298258546715,0.014007820197123311
SHOP,ema50_dist,0.12537208158981553,0.009932370124763397
SHOP,ema200_dist,0.01934294339221762,0.0006339078253959335
SHOP,atr_pct,0.12489953269446426,0.05266583811395139
SHOP,rv20,0.3093365459998966,0.0072436322493768975
SHOP,rv60,0.6194442375928059,0.1179850751300217
SHOP,volume_ratio,1.601139341730543,0.25445089765541223
SHOP,range_position,1.5645560457469945,0.007553282559536797
SHOP,gap,0.08790553514971339,0.001596849030335868
SHOP,intraday,2.570134311715405,0.014438716907498013
SHOP,drawdown60,-0.04686172402973959,0.009753066858123771
SHOP,high20_dist,-0.358271707731388,0.03929644973921864
SHOP,rsi14,-0.07853160812011695,0.005497186007047581
SHOP,QQQ_r1,1.7720263895119432,-0.015246052551542563
SHOP,QQQ_r5,1.3849311945162743,-0.03961821333024871
SHOP,QQQ_r20,0.4728186728686765,-0.039046460457921504
SHOP,SMH_r1,1.8318781902015056,-0.12462766576348204
SHOP,SMH_r5,2.271195221246112,0.042882984638924496
SHOP,IWM_r1,0.3059689941344449,0.020524689601908088
SHOP,JNK_r20,-0.28295898003394104,-0.0017435142482392532
SHOP,TLT_r20,0.053716344972665434,0.0004966900718226125
SHOP,BZ=F_r5,-0.16886116280886232,0.00874214071067146
SHOP,VIX_level,-0.6755661419776692,-0.129335485227062
SHOP,VIX_r5,-0.7977927859872082,-0.06660982784358378
SHOP,rs20,-0.9264993211345952,-0.04552712797676505
SHOP,beta60,-1.851788724520118,-0.193548857343108
UPST,ret1,0.6642354140032642,0.016218019544379
UPST,ret3,0.4569349200896235,0.0064326274403686875
UPST,ret5,-0.31364979709370455,0.0023727564582736453
UPST,ret20,-1.1375545548993649,-0.003357755348851812
UPST,ret60,-0.9884150301302309,-0.02515257423400867
UPST,ema10_dist,-0.19840721940326128,-0.0074300176511003894
UPST,ema20_dist,-0.6949747044593384,-0.06421007314546742
UPST,ema50_dist,-0.9474133676665738,-0.07505706301982128
UPST,ema200_dist,-1.2693227614949636,-0.04159830358540817
UPST,atr_pct,0.3346546929718439,0.14111237651500355
UPST,rv20,-0.2564514229265093,-0.006005238700472456
UPST,rv60,0.011722973528379324,0.00223286589583597
UPST,volume_ratio,0.21959954559679723,0.03489846264187875
UPST,range_position,-0.16403026969940057,-0.0007918968315162254
UPST,gap,1.0509811907980648,0.01909161115473395
UPST,intraday,0.06514296168896032,0.00036596561434764377
UPST,drawdown60,-1.236138023559649,0.25727044916220143
UPST,high20_dist,-1.2051205751819363,0.1321816908519073
UPST,rsi14,-0.9877711511335252,0.06914364649035548
UPST,QQQ_r1,1.7720263895119432,-0.015246052551542563
UPST,QQQ_r5,1.3849311945162743,-0.03961821333024871
UPST,QQQ_r20,0.4728186728686765,-0.039046460457921504
UPST,SMH_r1,1.8318781902015056,-0.12462766576348204
UPST,SMH_r5,2.271195221246112,0.042882984638924496
UPST,IWM_r1,0.3059689941344449,0.020524689601908088
UPST,JNK_r20,-0.28295898003394104,-0.0017435142482392532
UPST,TLT_r20,0.053716344972665434,0.0004966900718226125
UPST,BZ=F_r5,-0.16886116280886232,0.00874214071067146
UPST,VIX_level,-0.6755661419776692,-0.129335485227062
UPST,VIX_r5,-0.7977927859872082,-0.06660982784358378
UPST,rs20,-1.5311727066452399,-0.0752400937375761
UPST,beta60,0.32331289624422777,0.03379264643085977
DDOG,ret1,1.9240984760812616,0.046978926495843835
DDOG,ret3,1.0037994625921958,0.01413126395862108
DDOG,ret5,0.8094059380214622,-0.006123144936171268
DDOG,ret20,0.1490494019560777,0.0004399537802434965
DDOG,ret60,0.1761883928748305,0.004483533228314997
DDOG,ema10_dist,1.2584830133206746,0.047128078457556975
DDOG,ema20_dist,0.8312437132911741,0.0768002335763561
DDOG,ema50_dist,0.33179443316588375,0.026285797234520323
DDOG,ema200_dist,0.7351007880146135,0.024090756640722227
DDOG,atr_pct,0.3807400131606384,0.16054497133847673
DDOG,rv20,0.4689618382895785,0.010981525265891474
DDOG,rv60,0.8446171792478033,0.16087359491293848
DDOG,volume_ratio,-0.346359166187096,-0.055042930025211004
DDOG,range_position,1.5494565147855335,0.007480385826832066
DDOG,gap,-0.07114854162663692,-0.001292449667848666
DDOG,intraday,2.4187957280535675,0.013588514271505602
DDOG,drawdown60,-0.19771335645601612,0.04114896803702375
DDOG,high20_dist,0.6448141103100761,-0.0707253872693084
DDOG,rsi14,0.3765768311185866,-0.026360250810566636
DDOG,QQQ_r1,1.7720263895119432,-0.015246052551542563
DDOG,QQQ_r5,1.3849311945162743,-0.03961821333024871
DDOG,QQQ_r20,0.4728186728686765,-0.039046460457921504
DDOG,SMH_r1,1.8318781902015056,-0.12462766576348204
DDOG,SMH_r5,2.271195221246112,0.042882984638924496
DDOG,IWM_r1,0.3059689941344449,0.020524689601908088
DDOG,JNK_r20,-0.28295898003394104,-0.0017435142482392532
DDOG,TLT_r20,0.053716344972665434,0.0004966900718226125
DDOG,BZ=F_r5,-0.16886116280886232,0.00874214071067146
DDOG,VIX_level,-0.6755661419776692,-0.129335485227062
DDOG,VIX_r5,-0.7977927859872082,-0.06660982784358378
DDOG,rs20,-0.048707029629984654,-0.0023934083066751185
DDOG,beta60,-0.7378617581707339,-0.07712127106083948
S,ret1,1.672817920178423,0.040843642407039395
S,ret3,0.42005258946436963,0.005913406252374949
S,ret5,0.6435504014168194,-0.004868450052687773
S,ret20,0.6954298321460557,0.0020527219803063534
S,ret60,1.8597824059660752,0.047326592169487314
S,ema10_dist,1.4618275032624175,0.05474298861085315
S,ema20_dist,1.395236650638809,0.12890864490161677
S,ema50_dist,1.3319142604357583,0.10551843154666989
S,ema200_dist,1.0947065711990072,0.0358757738118905
S,atr_pct,0.3820796310159369,0.1611098421236565
S,rv20,1.1256611798058966,0.026359237954109587
S,rv60,0.6358396133491859,0.12110788994208398
S,volume_ratio,-0.23984859970235523,-0.03811641492094987
S,range_position,1.5841264494782472,0.007647763539996521
S,gap,0.15200761270231405,0.0027612960723571883
S,intraday,1.941599374558628,0.010907680423252332
S,drawdown60,0.9424444938414477,-0.19614566789461188
S,high20_dist,0.7414820762300253,-0.0813282559362751
S,rsi14,0.8905263074381776,-0.062336540322327626
S,QQQ_r1,1.7720263895119432,-0.015246052551542563
S,QQQ_r5,1.3849311945162743,-0.03961821333024871
S,QQQ_r20,0.4728186728686765,-0.039046460457921504
S,SMH_r1,1.8318781902015056,-0.12462766576348204
S,SMH_r5,2.271195221246112,0.042882984638924496
S,IWM_r1,0.3059689941344449,0.020524689601908088
S,JNK_r20,-0.28295898003394104,-0.0017435142482392532
S,TLT_r20,0.053716344972665434,0.0004966900718226125
S,BZ=F_r5,-0.16886116280886232,0.00874214071067146
S,VIX_level,-0.6755661419776692,-0.129335485227062
S,VIX_r5,-0.7977927859872082,-0.06660982784358378
S,rs20,0.5808497427035542,0.02854229891820299
S,beta60,-0.945412552459292,-0.09881446885564464
PANW,ret1,0.6434933910897565,0.015711580824146035
PANW,ret3,-0.21343641241787087,-0.003004709999016384
PANW,ret5,-0.12771622028594776,0.0009661714731454058
PANW,ret20,0.14110439168112016,0.0004165022449896279
PANW,ret60,0.7328311400211729,0.01864863350767453
PANW,ema10_dist,0.514379612207796,0.019262653897196228
PANW,ema20_dist,0.4874827046389463,0.04503948117992028
PANW,ema50_dist,0.585891838658647,0.04641619187336335
PANW,ema200_dist,1.258629138092299,0.04124785167024031
PANW,atr_pct,0.3878022028890121,0.16352285390489427
PANW,rv20,1.155155515550314,0.027049897122367977
PANW,rv60,0.6083588283204592,0.1158736456155145
PANW,volume_ratio,-0.39400886328114165,-0.06261535541167611
PANW,range_position,1.0562977344586582,0.005099539436157103
PANW,gap,0.0424138608649415,0.000770469487269859
PANW,intraday,0.759938889025859,0.004269248667521752
PANW,drawdown60,0.4834871597725205,-0.10062546122531049
PANW,high20_dist,0.505483544429453,-0.05544314069188736
PANW,rsi14,0.2938763121029211,-0.020571242450860942
PANW,QQQ_r1,1.7720263895119432,-0.015246052551542563
PANW,QQQ_r5,1.3849311945162743,-0.03961821333024871
PANW,QQQ_r20,0.4728186728686765,-0.039046460457921504
PANW,SMH_r1,1.8318781902015056,-0.12462766576348204
PANW,SMH_r5,2.271195221246112,0.042882984638924496
PANW,IWM_r1,0.3059689941344449,0.020524689601908088
PANW,JNK_r20,-0.28295898003394104,-0.0017435142482392532
PANW,TLT_r20,0.053716344972665434,0.0004966900718226125
PANW,BZ=F_r5,-0.16886116280886232,0.00874214071067146
PANW,VIX_level,-0.6755661419776692,-0.129335485227062
PANW,VIX_r5,-0.7977927859872082,-0.06660982784358378
PANW,rs20,-0.05786152116827038,-0.0028432496593005685
PANW,beta60,-0.16604914524791245,-0.01735544768146366
RNG,ret1,2.216764858066946,0.054124689884790744
RNG,ret3,0.8239528790501736,0.011599424045571627
RNG,ret5,0.8576578400587711,-0.006488169920226358
RNG,ret20,0.8951116787923509,0.0026421291307216752
RNG,ret60,4.1120422877379,0.10464070834908583
RNG,ema10_dist,1.2800885704506568,0.04793717034100982
RNG,ema20_dist,1.3406295579175298,0.12386338872841196
RNG,ema50_dist,1.9250364134246984,0.15250743163328287
RNG,ema200_dist,2.473127958148452,0.08104946253973572
RNG,atr_pct,0.08770475708746091,0.03698208022836238
RNG,rv20,0.07902407323521173,0.0018504807555583581
RNG,rv60,1.0068184868568881,0.19176795521696582
RNG,volume_ratio,-0.06720790590268301,-0.010680589465745655
RNG,range_position,1.3296234571103223,0.006419087188754172
RNG,gap,0.5451945363534877,0.009903737748001394
RNG,intraday,2.3106456203935215,0.012980939491891615
RNG,drawdown60,0.95537958302222,-0.19883777519983617
RNG,high20_dist,0.856187947610996,-0.09390958293543378
RNG,rsi14,1.2427505363012432,-0.086992117211669
RNG,QQQ_r1,1.7720263895119432,-0.015246052551542563
RNG,QQQ_r5,1.3849311945162743,-0.03961821333024871
RNG,QQQ_r20,0.4728186728686765,-0.039046460457921504
RNG,SMH_r1,1.8318781902015056,-0.12462766576348204
RNG,SMH_r5,2.271195221246112,0.042882984638924496
RNG,IWM_r1,0.3059689941344449,0.020524689601908088
RNG,JNK_r20,-0.28295898003394104,-0.0017435142482392532
RNG,TLT_r20,0.053716344972665434,0.0004966900718226125
RNG,BZ=F_r5,-0.16886116280886232,0.00874214071067146
RNG,VIX_level,-0.6755661419776692,-0.129335485227062
RNG,VIX_r5,-0.7977927859872082,-0.06660982784358378
RNG,rs20,0.8109294672363896,0.03984815616463646
RNG,beta60,-2.5313869323642697,-0.26458042527467446
VERA,ret1,0.19563136702581366,0.004776549498914003
VERA,ret3,1.2783696642787028,0.017996601747489932
VERA,ret5,0.02668576574262692,-0.00020187745567352874
VERA,ret20,0.2881640944650097,0.0008505829679724887
VERA,ret60,-0.7444215591936749,-0.018943579324717824
VERA,ema10_dist,0.14829586883122692,0.0055534316055395145
VERA,ema20_dist,0.07747043116052857,0.007157644759600713
VERA,ema50_dist,-0.13984041136461411,-0.011078596657721498
VERA,ema200_dist,-0.4433394212432822,-0.014529139786744761
VERA,atr_pct,0.7979010618263208,0.33644744096754664
VERA,rv20,0.4215465405910473,0.009871216820399872
VERA,rv60,0.3738758950049136,0.07121185876694826
VERA,volume_ratio,-0.8656317756195898,-0.13756503047847843
VERA,range_position,-0.19804640789629596,-0.0009561181798557992
VERA,gap,0.7201386932375362,0.013081687882852824
VERA,intraday,-0.26956193025699476,-0.0015143677053288769
VERA,drawdown60,-0.6346859196008234,0.13209360807656564
VERA,high20_dist,0.09142022122679301,-0.010027278322742606
VERA,rsi14,-0.10989794135514487,0.007692818724618501
VERA,QQQ_r1,1.7720263895119432,-0.015246052551542563
VERA,QQQ_r5,1.3849311945162743,-0.03961821333024871
VERA,QQQ_r20,0.4728186728686765,-0.039046460457921504
VERA,SMH_r1,1.8318781902015056,-0.12462766576348204
VERA,SMH_r5,2.271195221246112,0.042882984638924496
VERA,IWM_r1,0.3059689941344449,0.020524689601908088
VERA,JNK_r20,-0.28295898003394104,-0.0017435142482392532
VERA,TLT_r20,0.053716344972665434,0.0004966900718226125
VERA,BZ=F_r5,-0.16886116280886232,0.00874214071067146
VERA,VIX_level,-0.6755661419776692,-0.129335485227062
VERA,VIX_r5,-0.7977927859872082,-0.06660982784358378
VERA,rs20,0.11158530874978483,0.0054831757734664175
VERA,beta60,-1.8805849057911705,-0.1965586326522765
AMPL,ret1,0.49344506276631733,0.012047990069951508
AMPL,ret3,-0.08881974728132408,-0.0012503845044200027
AMPL,ret5,-0.26343517654041826,0.001992883535282483
AMPL,ret20,-0.04471784436386847,-0.0001319950594503009
AMPL,ret60,3.24282504549164,0.0825214056830805
AMPL,ema10_dist,0.1982958101951369,0.007425845563081874
AMPL,ema20_dist,0.3728399315145274,0.034447410992783194
AMPL,ema50_dist,1.121328212913522,0.08883514336497493
AMPL,ema200_dist,1.2556115079067245,0.04114895775580347
AMPL,atr_pct,0.24704841015082515,0.10417181949864165
AMPL,rv20,0.4219280582467822,0.009880150693977127
AMPL,rv60,0.7396942188288937,0.14088899804914953
AMPL,volume_ratio,-0.1284462046397686,-0.020412497038324717
AMPL,range_position,0.4015157510465036,0.0019384169253654875
AMPL,gap,0.27970709921145,0.005081022593095704
AMPL,intraday,0.4046456833393303,0.0022732525856511082
AMPL,drawdown60,0.48636224012958473,-0.10122383551745413
AMPL,high20_dist,-0.043917750634194334,0.004817047071297274
AMPL,rsi14,0.37782504447240556,-0.026447625323156886
AMPL,QQQ_r1,1.7720263895119432,-0.015246052551542563
AMPL,QQQ_r5,1.3849311945162743,-0.03961821333024871
AMPL,QQQ_r20,0.4728186728686765,-0.039046460457921504
AMPL,SMH_r1,1.8318781902015056,-0.12462766576348204
AMPL,SMH_r5,2.271195221246112,0.042882984638924496
AMPL,IWM_r1,0.3059689941344449,0.020524689601908088
AMPL,JNK_r20,-0.28295898003394104,-0.0017435142482392532
AMPL,TLT_r20,0.053716344972665434,0.0004966900718226125
AMPL,BZ=F_r5,-0.16886116280886232,0.00874214071067146
AMPL,VIX_level,-0.6755661419776692,-0.129335485227062
AMPL,VIX_r5,-0.7977927859872082,-0.06660982784358378
AMPL,rs20,-0.27197176503554754,-0.01336438470098055
AMPL,beta60,-1.736311711137298,-0.18147920614927024
MPWR,ret1,1.4321980874574851,0.034968651300626936
MPWR,ret3,1.8736132912652737,0.02637630817900403
MPWR,ret5,1.5006074412801957,-0.01135207492758981
MPWR,ret20,-0.3066369395326719,-0.0009051098423692431
MPWR,ret60,-0.5906534140250247,-0.01503058269042878
MPWR,ema10_dist,1.1931404041937725,0.04468110732091166
MPWR,ema20_dist,0.5101974250630745,0.04713813865702484
MPWR,ema50_dist,-0.16937158448403808,-0.01341814895613695
MPWR,ema200_dist,-0.15384323216458193,-0.0050417574396960044
MPWR,atr_pct,-0.01733575121051619,-0.007309890174450975
MPWR,rv20,-0.03666559533299148,-0.0008585861975608565
MPWR,rv60,0.3121538326999205,0.059455704271857895
MPWR,volume_ratio,0.8258043256431333,0.1312357060195077
MPWR,range_position,1.2936592812310574,0.006245461205092291
MPWR,gap,1.035609782420227,0.01881238165546246
MPWR,intraday,1.0009211698473839,0.005623059212225484
MPWR,drawdown60,0.15339769933626515,-0.03192579975417682
MPWR,high20_dist,0.4540797505507782,-0.04980499913907189
MPWR,rsi14,0.12314563133887908,-0.008620152542778696
MPWR,QQQ_r1,1.7720263895119432,-0.015246052551542563
MPWR,QQQ_r5,1.3849311945162743,-0.03961821333024871
MPWR,QQQ_r20,0.4728186728686765,-0.039046460457921504
MPWR,SMH_r1,1.8318781902015056,-0.12462766576348204
MPWR,SMH_r5,2.271195221246112,0.042882984638924496
MPWR,IWM_r1,0.3059689941344449,0.020524689601908088
MPWR,JNK_r20,-0.28295898003394104,-0.0017435142482392532
MPWR,TLT_r20,0.053716344972665434,0.0004966900718226125
MPWR,BZ=F_r5,-0.16886116280886232,0.00874214071067146
MPWR,VIX_level,-0.6755661419776692,-0.129335485227062
MPWR,VIX_r5,-0.7977927859872082,-0.06660982784358378
MPWR,rs20,-0.5737632111707233,-0.028194074779612714
MPWR,beta60,0.6435193734713761,0.06726061011404785
ORCL,ret1,0.16851282406671972,0.004114421207567728
ORCL,ret3,0.5977149133284186,0.00841449664700575
ORCL,ret5,0.2927048217731483,-0.002214308004231175
ORCL,ret20,-0.020175834846422793,-5.955364257595549e-05
ORCL,ret60,-0.28269221785321896,-0.007193776681029212
ORCL,ema10_dist,-0.01644599108960085,-0.0006158747874855078
ORCL,ema20_dist,-0.023905493616709492,-0.0022086753429415348
ORCL,ema50_dist,-0.1077986428451385,-0.00854014710538291
ORCL,ema200_dist,-0.7041535466404242,-0.02307655223120054
ORCL,atr_pct,0.3378512109563118,0.14246023823287035
ORCL,rv20,0.14706956364426718,0.0034438796446500637
ORCL,rv60,0.268059083935478,0.05105701084623259
ORCL,volume_ratio,-0.4375779103967071,-0.06953928942516704
ORCL,range_position,0.38078664168449206,0.001838342005937429
ORCL,gap,0.42652113306090894,0.00774797464785457
ORCL,intraday,-0.09640586190508821,-0.0005415969671024148
ORCL,drawdown60,0.2931866344616866,-0.06101928401094325
ORCL,high20_dist,-0.4797478319277205,0.05262036091049992
ORCL,rsi14,-0.1410113925121578,0.009870749782259438
ORCL,QQQ_r1,1.7720263895119432,-0.015246052551542563
ORCL,QQQ_r5,1.3849311945162743,-0.03961821333024871
ORCL,QQQ_r20,0.4728186728686765,-0.039046460457921504
ORCL,SMH_r1,1.8318781902015056,-0.12462766576348204
ORCL,SMH_r5,2.271195221246112,0.042882984638924496
ORCL,IWM_r1,0.3059689941344449,0.020524689601908088
ORCL,JNK_r20,-0.28295898003394104,-0.0017435142482392532
ORCL,TLT_r20,0.053716344972665434,0.0004966900718226125
ORCL,BZ=F_r5,-0.16886116280886232,0.00874214071067146
ORCL,VIX_level,-0.6755661419776692,-0.129335485227062
ORCL,VIX_r5,-0.7977927859872082,-0.06660982784358378
ORCL,rs20,-0.24369368726286839,-0.011974831965942276
ORCL,beta60,0.8005436779921262,0.08367278193076702
SOFI,ret1,-0.004362382173677933,-0.00010651223626629998
SOFI,ret3,0.09153425157895427,0.0012885986878063585
SOFI,ret5,-0.5590820440543692,0.004229448075614463
SOFI,ret20,-0.7880757083485034,-0.0023261877099524817
SOFI,ret60,-0.2718053746936658,-0.006916735031117644
SOFI,ema10_dist,-0.3202243683463681,-0.011991865599860721
SOFI,ema20_dist,-0.468341076261186,-0.04327094867021474
SOFI,ema50_dist,-0.4125100848106044,-0.03268034470338805
SOFI,ema200_dist,-0.6340653821523948,-0.020779619699491082
SOFI,atr_pct,0.02302297918220391,0.009707998647816919
SOFI,rv20,-0.03594449780495567,-0.0008417004937002208
SOFI,rv60,0.22891873767608428,0.04360197871618108
SOFI,volume_ratio,0.8926563349709226,0.14185973688314174
SOFI,range_position,-1.0091556490912337,-0.004871949320613524
SOFI,gap,1.4728599462787182,0.026755254638175966
SOFI,intraday,-1.0265349215090072,-0.005766954302647547
SOFI,drawdown60,0.06710014616006997,-0.01396517574286684
SOFI,high20_dist,-0.4777579908236266,0.05240210842433184
SOFI,rsi14,-0.6697007040066826,0.04687882277088364
SOFI,QQQ_r1,1.7720263895119432,-0.015246052551542563
SOFI,QQQ_r5,1.3849311945162743,-0.03961821333024871
SOFI,QQQ_r20,0.4728186728686765,-0.039046460457921504
SOFI,SMH_r1,1.8318781902015056,-0.12462766576348204
SOFI,SMH_r5,2.271195221246112,0.042882984638924496
SOFI,IWM_r1,0.3059689941344449,0.020524689601908088
SOFI,JNK_r20,-0.28295898003394104,-0.0017435142482392532
SOFI,TLT_r20,0.053716344972665434,0.0004966900718226125
SOFI,BZ=F_r5,-0.16886116280886232,0.00874214071067146
SOFI,VIX_level,-0.6755661419776692,-0.129335485227062
SOFI,VIX_r5,-0.7977927859872082,-0.06660982784358378
SOFI,rs20,-1.1284921520783273,-0.055452827062548206
SOFI,beta60,0.6736295020235735,0.07040771912198403
ZS,ret1,1.449904809803348,0.03540097990433894
ZS,ret3,1.3307774097789198,0.01873438624801887
ZS,ret5,1.0088558061184527,-0.007631980481464402
ZS,ret20,0.8038694543408066,0.0023728066038381946
ZS,ret60,2.147004674408322,0.05463564677552878
ZS,ema10_dist,1.9457510750963325,0.07286511486877718
ZS,ema20_dist,1.8558043856094264,0.17146139935605728
ZS,ema50_dist,1.729310258175734,0.1370013907956588
ZS,ema200_dist,0.4305160001172973,0.01410889004319333
ZS,atr_pct,0.2831010765455461,0.11937398920223434
ZS,rv20,1.2380271578798039,0.02899047513909194
ZS,rv60,0.5803828754899646,0.11054508705249239
ZS,volume_ratio,-0.48619513180271307,-0.07726547246611315
ZS,range_position,1.4454812081163133,0.00697841923214089
ZS,gap,-0.11425386678566923,-0.002075479957867183
ZS,intraday,1.8675897955896894,0.010491903179897918
ZS,drawdown60,0.95537958302222,-0.19883777519983617
ZS,high20_dist,1.3541030480278258,-0.14852259115152674
ZS,rsi14,1.2285932534856345,-0.08600111220292472
ZS,QQQ_r1,1.7720263895119432,-0.015246052551542563
ZS,QQQ_r5,1.3849311945162743,-0.03961821333024871
ZS,QQQ_r20,0.4728186728686765,-0.039046460457921504
ZS,SMH_r1,1.8318781902015056,-0.12462766576348204
ZS,SMH_r5,2.271195221246112,0.042882984638924496
ZS,IWM_r1,0.3059689941344449,0.020524689601908088
ZS,JNK_r20,-0.28295898003394104,-0.0017435142482392532
ZS,TLT_r20,0.053716344972665434,0.0004966900718226125
ZS,BZ=F_r5,-0.16886116280886232,0.00874214071067146
ZS,VIX_level,-0.6755661419776692,-0.129335485227062
ZS,VIX_r5,-0.7977927859872082,-0.06660982784358378
ZS,rs20,0.7057972971360189,0.034682080320378735
ZS,beta60,-1.1225411603259503,-0.11732794137084826
KGS,ret1,-1.275506251774621,-0.031142852193901165
KGS,ret3,-0.665548701730526,-0.009369445523694741
KGS,ret5,-0.13934654920346776,0.0010541547535638778
KGS,ret20,-0.6720433999796518,-0.001983691517231772
KGS,ret60,-1.0223153124287874,-0.026015247646568925
KGS,ema10_dist,-1.0290481357181587,-0.03853612703818877
KGS,ema20_dist,-0.9134975025579065,-0.08439982215334979
KGS,ema50_dist,-0.8128395046011608,-0.06439569886174633
KGS,ema200_dist,-0.293746722104103,-0.009626681009732678
KGS,atr_pct,0.29632078852042903,0.12494828716606576
KGS,rv20,0.242095054932966,0.005669060348684731
KGS,rv60,0.17621725258495965,0.03356396673611407
KGS,volume_ratio,-0.0653633684288367,-0.010387458066281094
KGS,range_position,-1.6721381789676821,-0.008072662004448667
KGS,gap,0.22250973637569468,0.004042003227290245
KGS,intraday,-1.7188114909540713,-0.009656083894960463
KGS,drawdown60,-1.0262455321973294,0.21358670632816204
KGS,high20_dist,-0.5603795421115199,0.0614643189408128
KGS,rsi14,-1.0017543674128258,0.07012246690043186
KGS,QQQ_r1,1.7720263895119432,-0.015246052551542563
KGS,QQQ_r5,1.3849311945162743,-0.03961821333024871
KGS,QQQ_r20,0.4728186728686765,-0.039046460457921504
KGS,SMH_r1,1.8318781902015056,-0.12462766576348204
KGS,SMH_r5,2.271195221246112,0.042882984638924496
KGS,IWM_r1,0.3059689941344449,0.020524689601908088
KGS,JNK_r20,-0.28295898003394104,-0.0017435142482392532
KGS,TLT_r20,0.053716344972665434,0.0004966900718226125
KGS,BZ=F_r5,-0.16886116280886232,0.00874214071067146
KGS,VIX_level,-0.6755661419776692,-0.129335485227062
KGS,VIX_r5,-0.7977927859872082,-0.06660982784358378
KGS,rs20,-0.9947960650539353,-0.048883152670884
KGS,beta60,-0.5574384096894116,-0.05826343243476899
AFRM,ret1,-0.08823756657362632,-0.002154414758789844
AFRM,ret3,-0.16364469742259202,-0.0023037533898808303
AFRM,ret5,-0.4697077936073496,0.003553333083937369
AFRM,ret20,-0.6240664838214973,-0.0018420765536613347
AFRM,ret60,-0.46888276282900554,-0.011931838488483677
AFRM,ema10_dist,-0.16210711833428185,-0.006070639738893169
AFRM,ema20_dist,-0.3277466096494735,-0.03028115072928231
AFRM,ema50_dist,-0.3660401900928818,-0.028998853671714044
AFRM,ema200_dist,-0.13645877802075287,-0.004472033313509304
AFRM,atr_pct,0.35647512977910456,0.15031330439419832
AFRM,rv20,0.03507633082611505,0.0008213709128372595
AFRM,rv60,0.0007631504562654341,0.00014535668984167057
AFRM,volume_ratio,-0.522417977451476,-0.08302195808278616
AFRM,range_position,-0.6143646727892241,-0.002965997914097602
AFRM,gap,0.8222975690344272,0.014937456139978322
AFRM,intraday,-0.6840878375278137,-0.003843126244765815
AFRM,drawdown60,-0.3684202893242577,0.07667724114009204
AFRM,high20_dist,-1.412054097068626,0.1548788577414473
AFRM,rsi14,-0.549602461336486,0.03847198640420941
AFRM,QQQ_r1,1.7720263895119432,-0.015246052551542563
AFRM,QQQ_r5,1.3849311945162743,-0.03961821333024871
AFRM,QQQ_r20,0.4728186728686765,-0.039046460457921504
AFRM,SMH_r1,1.8318781902015056,-0.12462766576348204
AFRM,SMH_r5,2.271195221246112,0.042882984638924496
AFRM,IWM_r1,0.3059689941344449,0.020524689601908088
AFRM,JNK_r20,-0.28295898003394104,-0.0017435142482392532
AFRM,TLT_r20,0.053716344972665434,0.0004966900718226125
AFRM,BZ=F_r5,-0.16886116280886232,0.00874214071067146
AFRM,VIX_level,-0.6755661419776692,-0.129335485227062
AFRM,VIX_r5,-0.7977927859872082,-0.06660982784358378
AFRM,rs20,-0.9395155483770432,-0.04616673065096442
AFRM,beta60,-0.4866970533207426,-0.050869549692770064
QCOM,ret1,2.7252613535692145,0.06654017681675294
QCOM,ret3,0.818419107198144,0.011521520845139663
QCOM,ret5,0.9803036096990815,-0.007415983503051817
QCOM,ret20,1.2978573855846047,0.003830926226548371
QCOM,ret60,-0.3690919996057693,-0.00939242487848412
QCOM,ema10_dist,1.3899088502716237,0.052049755659087996
QCOM,ema20_dist,1.3923899558302786,0.128645633196722
QCOM,ema50_dist,0.9337717574583924,0.07397633180783815
QCOM,ema200_dist,0.3249406627706234,0.010648970259744107
QCOM,atr_pct,0.1835442755754276,0.07739430961559063
QCOM,rv20,0.0519643048509881,0.001216831051172323
QCOM,rv60,0.011672836052520001,0.0022233162487538057
QCOM,volume_ratio,0.4295161633507495,0.06825812749312828
QCOM,range_position,1.3759711091620954,0.0066428419803257295
QCOM,gap,0.7993908233625879,0.014521343382665267
QCOM,intraday,2.7360192398194934,0.01537063922190693
QCOM,drawdown60,0.95537958302222,-0.19883777519983617
QCOM,high20_dist,1.0688732479075758,-0.11723762428789625
QCOM,rsi14,1.0888110413531245,-0.07621640463150098
QCOM,QQQ_r1,1.7720263895119432,-0.015246052551542563
QCOM,QQQ_r5,1.3849311945162743,-0.03961821333024871
QCOM,QQQ_r20,0.4728186728686765,-0.039046460457921504
QCOM,SMH_r1,1.8318781902015056,-0.12462766576348204
QCOM,SMH_r5,2.271195221246112,0.042882984638924496
QCOM,IWM_r1,0.3059689941344449,0.020524689601908088
QCOM,JNK_r20,-0.28295898003394104,-0.0017435142482392532
QCOM,TLT_r20,0.053716344972665434,0.0004966900718226125
QCOM,BZ=F_r5,-0.16886116280886232,0.00874214071067146
QCOM,VIX_level,-0.6755661419776692,-0.129335485227062
QCOM,VIX_r5,-0.7977927859872082,-0.06660982784358378
QCOM,rs20,1.2749857789735444,0.06265135807849283
QCOM,beta60,0.026631033430839182,0.0027834741739993975
CDNA,ret1,0.2528666638917607,0.006174010615306243
CDNA,ret3,0.20704696961268096,0.002914760854597154
CDNA,ret5,0.4429483485987596,-0.003350898245616778
CDNA,ret20,0.6592891147155855,0.0019460442946157195
CDNA,ret60,3.1174479853583184,0.07933088781749356
CDNA,ema10_dist,0.6917813670446109,0.025906052125033358
CDNA,ema20_dist,0.9336873140974804,0.08626519835687332
CDNA,ema50_dist,1.6840016208199267,0.1334118982199599
CDNA,ema200_dist,2.883844212376326,0.09450947440520527
CDNA,atr_pct,-0.11475838485970431,-0.04838966478781381
CDNA,rv20,-0.25655204765277345,-0.006007594996621996
CDNA,rv60,1.5768315101789934,0.30033790437509883
CDNA,volume_ratio,-0.5121911759731165,-0.08139672862992683
CDNA,range_position,0.32204622911175973,0.0015547580876548598
CDNA,gap,-0.03851460207053888,-0.0006996374558822345
CDNA,intraday,0.33849784289316326,0.0019016416788237953
CDNA,drawdown60,0.95537958302222,-0.19883777519983617
CDNA,high20_dist,0.7823421188577537,-0.08580992327649023
CDNA,rsi14,1.5266160935991675,-0.10686261021206866
CDNA,QQQ_r1,1.7720263895119432,-0.015246052551542563
CDNA,QQQ_r5,1.3849311945162743,-0.03961821333024871
CDNA,QQQ_r20,0.4728186728686765,-0.039046460457921504
CDNA,SMH_r1,1.8318781902015056,-0.12462766576348204
CDNA,SMH_r5,2.271195221246112,0.042882984638924496
CDNA,IWM_r1,0.3059689941344449,0.020524689601908088
CDNA,JNK_r20,-0.28295898003394104,-0.0017435142482392532
CDNA,TLT_r20,0.053716344972665434,0.0004966900718226125
CDNA,BZ=F_r5,-0.16886116280886232,0.00874214071067146
CDNA,VIX_level,-0.6755661419776692,-0.129335485227062
CDNA,VIX_r5,-0.7977927859872082,-0.06660982784358378
CDNA,rs20,0.5392072676840259,0.026496034829027383
CDNA,beta60,-1.7115976086144098,-0.17889608949010327
GEV,ret1,0.16342231808653973,0.0039901310481801535
GEV,ret3,0.3466683831385165,0.004880319835585504
GEV,ret5,1.0269245958176703,-0.0077686706303159835
GEV,ret20,-0.18694011790152945,-0.0005517969912699081
GEV,ret60,-0.653440443269628,-0.01662834816936902
GEV,ema10_dist,0.35064610466303403,0.013131108609715808
GEV,ema20_dist,0.0661624796914151,0.006112880991512154
GEV,ema50_dist,-0.2796276925752207,-0.022152984177749045
GEV,ema200_dist,-0.02149357844168371,-0.0007043885355848406
GEV,atr_pct,0.05389794124236922,0.02272690847522836
GEV,rv20,0.07538424827796135,0.0017652481705845977
GEV,rv60,0.2525004807334369,0.04809357546931379
GEV,volume_ratio,0.19174763866313094,0.030472275278930885
GEV,range_position,-1.522165715730392,-0.007348632722109887
GEV,gap,0.7657344981438228,0.013909959011945933
GEV,intraday,-0.340372021680444,-0.001912170598195921
GEV,drawdown60,-0.5448988859844691,0.1134067381420073
GEV,high20_dist,0.5324446165169908,-0.058400322047099794
GEV,rsi14,-0.20512034354614098,0.014358354671382214
GEV,QQQ_r1,1.7720263895119432,-0.015246052551542563
GEV,QQQ_r5,1.3849311945162743,-0.03961821333024871
GEV,QQQ_r20,0.4728186728686765,-0.039046460457921504
GEV,SMH_r1,1.8318781902015056,-0.12462766576348204
GEV,SMH_r5,2.271195221246112,0.042882984638924496
GEV,IWM_r1,0.3059689941344449,0.020524689601908088
GEV,JNK_r20,-0.28295898003394104,-0.0017435142482392532
GEV,TLT_r20,0.053716344972665434,0.0004966900718226125
GEV,BZ=F_r5,-0.16886116280886232,0.00874214071067146
GEV,VIX_level,-0.6755661419776692,-0.129335485227062
GEV,VIX_r5,-0.7977927859872082,-0.06660982784358378
GEV,rs20,-0.4358447563342572,-0.021416918012775416
GEV,beta60,0.5423773063300464,0.05668924672614447
PLTR,ret1,0.8854225173426755,0.021618539735411033
PLTR,ret3,0.8081031922927641,0.011376295706120216
PLTR,ret5,0.6936717186324332,-0.005247617137195722
PLTR,ret20,0.0010927619706973732,3.2255396774843513e-06
PLTR,ret60,2.264814031645231,0.05763358641933588
PLTR,ema10_dist,0.8640446379396142,0.03235702274614133
PLTR,ema20_dist,0.7466240699005233,0.0689820591064176
PLTR,ema50_dist,0.9806398671000591,0.07768937067666747
PLTR,ema200_dist,0.6240626342881719,0.020451809189062534
PLTR,atr_pct,-0.1270683537792437,-0.053580355387835316
PLTR,rv20,0.1531557751742926,0.0035863984601133894
PLTR,rv60,1.1899284616224886,0.22664477353031556
PLTR,volume_ratio,-0.4013245616958303,-0.06377795630472635
PLTR,range_position,1.4522899180749411,0.007011289969065431
PLTR,gap,0.2821165832953264,0.00512479210449672
PLTR,intraday,0.8819942482025015,0.0049549415397430055
PLTR,drawdown60,0.8192967140089265,-0.17051561362315876
PLTR,high20_dist,0.6394296351247679,-0.07013479986336629
PLTR,rsi14,0.7101711887625969,-0.0497117430156641
PLTR,QQQ_r1,1.7720263895119432,-0.015246052551542563
PLTR,QQQ_r5,1.3849311945162743,-0.03961821333024871
PLTR,QQQ_r20,0.4728186728686765,-0.039046460457921504
PLTR,SMH_r1,1.8318781902015056,-0.12462766576348204
PLTR,SMH_r5,2.271195221246112,0.042882984638924496
PLTR,IWM_r1,0.3059689941344449,0.020524689601908088
PLTR,JNK_r20,-0.28295898003394104,-0.0017435142482392532
PLTR,TLT_r20,0.053716344972665434,0.0004966900718226125
PLTR,BZ=F_r5,-0.16886116280886232,0.00874214071067146
PLTR,VIX_level,-0.6755661419776692,-0.129335485227062
PLTR,VIX_r5,-0.7977927859872082,-0.06660982784358378
PLTR,rs20,-0.21918733889385036,-0.010770617744745465
PLTR,beta60,0.22643904384717695,0.023667396617205662
SNOW,ret1,0.5973118879470516,0.01458400992869615
SNOW,ret3,0.387914911496067,0.005460979221566955
SNOW,ret5,0.22865092974451637,-0.0017297411803505493
SNOW,ret20,0.016582260016916383,4.8946375387489216e-05
SNOW,ret60,1.5236331190946517,0.03877247306566456
SNOW,ema10_dist,0.4031204805958132,0.015096185992402105
SNOW,ema20_dist,0.40900985732616446,0.0377892212300898
SNOW,ema50_dist,0.7889142539713462,0.06250026535239034
SNOW,ema200_dist,1.2937073211758747,0.042397435490368555
SNOW,atr_pct,0.18293774823228082,0.0771385578911707
SNOW,rv20,0.8520401713055445,0.019951944710197685
SNOW,rv60,0.16605865541781004,0.031629066421859066
SNOW,volume_ratio,-0.5441705078721276,-0.08647884078346929
SNOW,range_position,1.5514537433648605,0.007490027943416288
SNOW,gap,0.46135173445033045,0.008380690346132121
SNOW,intraday,0.4012864818295318,0.0022543809806092503
SNOW,drawdown60,0.5860022110885847,-0.12196134184325455
SNOW,high20_dist,-0.3449863729476593,0.03783926939443713
SNOW,rsi14,0.37711421934274464,-0.026397867804499518
SNOW,QQQ_r1,1.7720263895119432,-0.015246052551542563
SNOW,QQQ_r5,1.3849311945162743,-0.03961821333024871
SNOW,QQQ_r20,0.4728186728686765,-0.039046460457921504
SNOW,SMH_r1,1.8318781902015056,-0.12462766576348204
SNOW,SMH_r5,2.271195221246112,0.042882984638924496
SNOW,IWM_r1,0.3059689941344449,0.020524689601908088
SNOW,JNK_r20,-0.28295898003394104,-0.0017435142482392532
SNOW,TLT_r20,0.053716344972665434,0.0004966900718226125
SNOW,BZ=F_r5,-0.16886116280886232,0.00874214071067146
SNOW,VIX_level,-0.6755661419776692,-0.129335485227062
SNOW,VIX_r5,-0.7977927859872082,-0.06660982784358378
SNOW,rs20,-0.20133985048425695,-0.009893612365084372
SNOW,beta60,-0.9773250866909298,-0.1021499652077228
DUOL,ret1,1.5452890154135928,0.03772988751480311
DUOL,ret3,0.10362493243631782,0.0014588085843066354
DUOL,ret5,-0.20094127704834616,0.0015201180337692845
DUOL,ret20,0.034003090107405404,0.00010036798428162524
DUOL,ret60,0.653763349907056,0.016636565297721968
DUOL,ema10_dist,0.2372699094554706,0.008885360223440338
DUOL,ema20_dist,0.23628424337448292,0.021830763699522027
DUOL,ema50_dist,0.4953897723310077,0.039246333892038895
DUOL,ema200_dist,-0.3776065492006504,-0.012374939098221906
DUOL,atr_pct,0.39098729478262584,0.16486589763314796
DUOL,rv20,0.30327592617026666,0.007101712706352276
DUOL,rv60,0.6178048979999964,0.117672831358455
DUOL,volume_ratio,0.1181659066717608,0.018778765995717612
DUOL,range_position,0.9164070429332307,0.004424182408575476
DUOL,gap,0.00685547278578941,0.0001245331713394096
DUOL,intraday,1.8939662262676922,0.010640082912705634
DUOL,drawdown60,0.4991023338402759,-0.1038753595130348
DUOL,high20_dist,-0.2331682329290122,0.02557467851451731
DUOL,rsi14,0.10090806448871019,-0.0070635303845700305
DUOL,QQQ_r1,1.7720263895119432,-0.015246052551542563
DUOL,QQQ_r5,1.3849311945162743,-0.03961821333024871
DUOL,QQQ_r20,0.4728186728686765,-0.039046460457921504
DUOL,SMH_r1,1.8318781902015056,-0.12462766576348204
DUOL,SMH_r5,2.271195221246112,0.042882984638924496
DUOL,IWM_r1,0.3059689941344449,0.020524689601908088
DUOL,JNK_r20,-0.28295898003394104,-0.0017435142482392532
DUOL,TLT_r20,0.053716344972665434,0.0004966900718226125
DUOL,BZ=F_r5,-0.16886116280886232,0.00874214071067146
DUOL,VIX_level,-0.6755661419776692,-0.129335485227062
DUOL,VIX_r5,-0.7977927859872082,-0.06660982784358378
DUOL,rs20,-0.1812670203513661,-0.00890725621190676
DUOL,beta60,-3.415121485623251,-0.35694831298941554
CRM,ret1,-0.20822901101346228,-0.0050841344787233
CRM,ret3,-0.9616097544329373,-0.01353732669868664
CRM,ret5,-1.199779635398861,0.00907631665882237
CRM,ret20,0.7551875020722985,0.002229110563135696
CRM,ret60,1.8108584515550399,0.04608160564294422
CRM,ema10_dist,-0.7142861534825828,-0.026748818638123395
CRM,ema20_dist,-0.17580906335842694,-0.016243343456166313
CRM,ema50_dist,0.6889541764494671,0.054581114014569714
CRM,ema200_dist,0.3353097922690978,0.010988787845844852
CRM,atr_pct,-0.08920260195481144,-0.03761366990369503
CRM,rv20,1.3620255533900227,0.03189410482075623
CRM,rv60,0.5614144838643567,0.10693219185511359
CRM,volume_ratio,-0.599635969115794,-0.09529333683293148
CRM,range_position,-1.563006171802552,-0.00754580015846471
CRM,gap,0.373508375637544,0.006784970780774342
CRM,intraday,-0.5185944145813679,-0.0029134033609910306
CRM,drawdown60,0.15090787289694868,-0.03140760619150792
CRM,high20_dist,-0.3418422566132447,0.03749441210639747
CRM,rsi14,0.016191375297805774,-0.0011333907945169583
CRM,QQQ_r1,1.7720263895119432,-0.015246052551542563
CRM,QQQ_r5,1.3849311945162743,-0.03961821333024871
CRM,QQQ_r20,0.4728186728686765,-0.039046460457921504
CRM,SMH_r1,1.8318781902015056,-0.12462766576348204
CRM,SMH_r5,2.271195221246112,0.042882984638924496
CRM,IWM_r1,0.3059689941344449,0.020524689601908088
CRM,JNK_r20,-0.28295898003394104,-0.0017435142482392532
CRM,TLT_r20,0.053716344972665434,0.0004966900718226125
CRM,BZ=F_r5,-0.16886116280886232,0.00874214071067146
CRM,VIX_level,-0.6755661419776692,-0.129335485227062
CRM,VIX_r5,-0.7977927859872082,-0.06660982784358378
CRM,rs20,0.6497044156058349,0.0319257396110484
CRM,beta60,-2.698797602411367,-0.2820781794545184
NOW,ret1,0.4605991748566632,0.011246022513207183
NOW,ret3,-0.29695792714310554,-0.0041805071724460765
NOW,ret5,-0.48361445855370017,0.0036585368155203453
NOW,ret20,0.3565929938193283,0.0010525666898374435
NOW,ret60,1.674823159545458,0.04261986368595958
NOW,ema10_dist,0.01430488385004441,0.0005356939118568375
NOW,ema20_dist,0.22294366489767375,0.020598201543946648
NOW,ema50_dist,0.6978426982868965,0.05528529063532833
NOW,ema200_dist,0.14637168313687776,0.004796899493288705
NOW,atr_pct,0.1456870143590271,0.06143120432889738
NOW,rv20,0.5481147780976056,0.012835023647639764
NOW,rv60,0.49581021178075635,0.0944365958016039
NOW,volume_ratio,-0.5013363594397472,-0.07967169587430459
NOW,range_position,-0.18949923113802075,-0.0009148545630508579
NOW,gap,0.47863357957598796,0.008694623906565157
NOW,intraday,0.22248350817961496,0.0012498865824052663
NOW,drawdown60,0.4183075120470941,-0.08705998801199877
NOW,high20_dist,0.07088441732408378,-0.00777484206137224
NOW,rsi14,0.21884973613999703,-0.015319407509327027
NOW,QQQ_r1,1.7720263895119432,-0.015246052551542563
NOW,QQQ_r5,1.3849311945162743,-0.03961821333024871
NOW,QQQ_r20,0.4728186728686765,-0.039046460457921504
NOW,SMH_r1,1.8318781902015056,-0.12462766576348204
NOW,SMH_r5,2.271195221246112,0.042882984638924496
NOW,IWM_r1,0.3059689941344449,0.020524689601908088
NOW,JNK_r20,-0.28295898003394104,-0.0017435142482392532
NOW,TLT_r20,0.053716344972665434,0.0004966900718226125
NOW,BZ=F_r5,-0.16886116280886232,0.00874214071067146
NOW,VIX_level,-0.6755661419776692,-0.129335485227062
NOW,VIX_r5,-0.7977927859872082,-0.06660982784358378
NOW,rs20,0.19043124581393334,0.009357575878554002
NOW,beta60,-2.650177753040457,-0.2769964354276061
SE,ret1,0.22803557067462504,0.005567732861043319
SE,ret3,-0.17728206928165954,-0.002495737255806296
SE,ret5,-0.7827924818390302,0.005921814501339254
SE,ret20,-0.9458784518560177,-0.0027919790021536032
SE,ret60,0.33035352900267045,0.008406632242947177
SE,ema10_dist,-0.5845221362209588,-0.02188937379719784
SE,ema20_dist,-0.8272737833856755,-0.07643344398246325
SE,ema50_dist,-0.5694152978513676,-0.04511086855418061
SE,ema200_dist,-0.5206457678888461,-0.017062626914205944
SE,atr_pct,-0.06926557257303848,-0.029206910172558855
SE,rv20,-0.14387663158998967,-0.003369111803935758
SE,rv60,0.13559954867880702,0.025827543413169833
SE,volume_ratio,-0.48994369628634443,-0.07786118926159723
SE,range_position,0.8453364548188831,0.004081071508100304
SE,gap,0.12610166543166446,0.0022907012832052358
SE,intraday,0.18980806934908995,0.0010663197513055612
SE,drawdown60,-0.7363977865502876,0.15326232645306337
SE,high20_dist,-0.9274323890508736,0.10172391365657427
SE,rsi14,-1.1171232212126307,0.0781982476457767
SE,QQQ_r1,1.7720263895119432,-0.015246052551542563
SE,QQQ_r5,1.3849311945162743,-0.03961821333024871
SE,QQQ_r20,0.4728186728686765,-0.039046460457921504
SE,SMH_r1,1.8318781902015056,-0.12462766576348204
SE,SMH_r5,2.271195221246112,0.042882984638924496
SE,IWM_r1,0.3059689941344449,0.020524689601908088
SE,JNK_r20,-0.28295898003394104,-0.0017435142482392532
SE,TLT_r20,0.053716344972665434,0.0004966900718226125
SE,BZ=F_r5,-0.16886116280886232,0.00874214071067146
SE,VIX_level,-0.6755661419776692,-0.129335485227062
SE,VIX_r5,-0.7977927859872082,-0.06660982784358378
SE,rs20,-1.3103174525076002,-0.06438751652559067
SE,beta60,-1.7304335802085198,-0.18086482422248049
ASML,ret1,0.530911591008547,0.012962775512706482
ASML,ret3,1.1101838254509593,0.015628919186234668
ASML,ret5,1.0896948223308016,-0.008243526541993286
ASML,ret20,-0.3093108717520456,-0.0009130025717099151
ASML,ret60,-0.44741663874346616,-0.01138558184211638
ASML,ema10_dist,0.553336457653316,0.020721522431123404
ASML,ema20_dist,0.1934788750209696,0.017875891938921744
ASML,ema50_dist,-0.04414377854522753,-0.0034972088016476436
ASML,ema200_dist,0.2868253022655329,0.009399851922268897
ASML,atr_pct,-0.3898533275661726,-0.1643877426508203
ASML,rv20,-0.22258709895874385,-0.005212248953970485
ASML,rv60,-0.023640894426539567,-0.004502863269655147
ASML,volume_ratio,0.029893708782889536,0.004750667750025109
ASML,range_position,0.8002093502206956,0.00386320921224299
ASML,gap,0.36973128444176384,0.006716357986333133
ASML,intraday,0.38588337302552195,0.0021678480992330823
ASML,drawdown60,-0.11376708764797828,0.02367770360690516
ASML,high20_dist,0.46412596409926865,-0.05090690173773786
ASML,rsi14,-0.03134700428929669,0.0021942796979072692
ASML,QQQ_r1,1.7720263895119432,-0.015246052551542563
ASML,QQQ_r5,1.3849311945162743,-0.03961821333024871
ASML,QQQ_r20,0.4728186728686765,-0.039046460457921504
ASML,SMH_r1,1.8318781902015056,-0.12462766576348204
ASML,SMH_r5,2.271195221246112,0.042882984638924496
ASML,IWM_r1,0.3059689941344449,0.020524689601908088
ASML,JNK_r20,-0.28295898003394104,-0.0017435142482392532
ASML,TLT_r20,0.053716344972665434,0.0004966900718226125
ASML,BZ=F_r5,-0.16886116280886232,0.00874214071067146
ASML,VIX_level,-0.6755661419776692,-0.129335485227062
ASML,VIX_r5,-0.7977927859872082,-0.06660982784358378
ASML,rs20,-0.5768442002480264,-0.028345471095635504
ASML,beta60,0.7310355305233779,0.07640779411629654
MLKN,ret1,-0.508436424987034,-0.012414020245950607
MLKN,ret3,-0.5617069179535454,-0.007907584154794286
MLKN,ret5,-0.6341170016985834,0.004797086511845965
MLKN,ret20,-0.8403999071245356,-0.002480634683557321
MLKN,ret60,0.007298978648988101,0.00018573989336941634
MLKN,ema10_dist,-0.8512916194945678,-0.03187944359132785
MLKN,ema20_dist,-0.9232122925314937,-0.08529739061274022
MLKN,ema50_dist,-0.5603719695908426,-0.04439442768230341
MLKN,ema200_dist,-0.04390291713436196,-0.0014387884079926768
MLKN,atr_pct,-0.017591187534474813,-0.007417598888773681
MLKN,rv20,-0.610432771998937,-0.014294303633071255
MLKN,rv60,-0.4584570732780169,-0.08732197178037789
MLKN,volume_ratio,1.6176935304317985,0.257081666924025
MLKN,range_position,0.3895437058230253,0.0018806189061546705
MLKN,gap,0.439466757663878,0.007983138543497047
MLKN,intraday,-0.9303781541116595,-0.0052267567196411634
MLKN,drawdown60,-0.30567628449075823,0.06361868457270659
MLKN,high20_dist,-0.6338430271544084,0.06952204185154878
MLKN,rsi14,-1.4521517221519957,0.10165012939648574
MLKN,QQQ_r1,1.7720263895119432,-0.015246052551542563
MLKN,QQQ_r5,1.3849311945162743,-0.03961821333024871
MLKN,QQQ_r20,0.4728186728686765,-0.039046460457921504
MLKN,SMH_r1,1.8318781902015056,-0.12462766576348204
MLKN,SMH_r5,2.271195221246112,0.042882984638924496
MLKN,IWM_r1,0.3059689941344449,0.020524689601908088
MLKN,JNK_r20,-0.28295898003394104,-0.0017435142482392532
MLKN,TLT_r20,0.053716344972665434,0.0004966900718226125
MLKN,BZ=F_r5,-0.16886116280886232,0.00874214071067146
MLKN,VIX_level,-0.6755661419776692,-0.129335485227062
MLKN,VIX_r5,-0.7977927859872082,-0.06660982784358378
MLKN,rs20,-1.1887817449631306,-0.058415389417771725
MLKN,beta60,-1.8113169178470614,-0.1893187462983336
ETN,ret1,0.7202993453048725,0.01758688051507656
ETN,ret3,1.5573437419356142,0.021923936315693674
ETN,ret5,1.3675951558599235,-0.010345838793579497
ETN,ret20,0.14047052529128815,0.00041463124174697096
ETN,ret60,-0.0667279701443822,-0.0016980521050151862
ETN,ema10_dist,1.0930487068411552,0.04093284110209522
ETN,ema20_dist,0.7337536487252933,0.06779293570412426
ETN,ema50_dist,0.38449725606134877,0.030461080415430167
ETN,ema200_dist,0.20775490011090467,0.006808553086995008
ETN,atr_pct,-0.2541418223766669,-0.10716286751861764
ETN,rv20,-0.025067988751730032,-0.0005870088552327396
ETN,rv60,-0.007381918995728108,-0.0014060285243742018
ETN,volume_ratio,0.06122731341208133,0.00973016179959384
ETN,range_position,0.8374616060021415,0.004043053721273062
ETN,gap,0.6233974210172597,0.011324333167074036
ETN,intraday,0.4351310614803915,0.002444515909435547
ETN,drawdown60,0.5442457482272085,-0.11327080425681595
ETN,high20_dist,1.0805059881028445,-0.11851354248223912
ETN,rsi14,0.48807432105991977,-0.034165037395210845
ETN,QQQ_r1,1.7720263895119432,-0.015246052551542563
ETN,QQQ_r5,1.3849311945162743,-0.03961821333024871
ETN,QQQ_r20,0.4728186728686765,-0.039046460457921504
ETN,SMH_r1,1.8318781902015056,-0.12462766576348204
ETN,SMH_r5,2.271195221246112,0.042882984638924496
ETN,IWM_r1,0.3059689941344449,0.020524689601908088
ETN,JNK_r20,-0.28295898003394104,-0.0017435142482392532
ETN,TLT_r20,0.053716344972665434,0.0004966900718226125
ETN,BZ=F_r5,-0.16886116280886232,0.00874214071067146
ETN,VIX_level,-0.6755661419776692,-0.129335485227062
ETN,VIX_r5,-0.7977927859872082,-0.06660982784358378
ETN,rs20,-0.058591882023864325,-0.0028791387650811593
ETN,beta60,0.5620847520797025,0.0587490678901305
WDAY,ret1,-0.3192254368348878,-0.007794231178444353
WDAY,ret3,0.33511079074508565,0.004717614639055553
WDAY,ret5,-0.20636638185775416,0.0015611588780249195
WDAY,ret20,-0.37972658919479524,-0.0011208508466504937
WDAY,ret60,2.195265247247799,0.05586375197821959
WDAY,ema10_dist,-0.08659118034714758,-0.003242694496419863
WDAY,ema20_dist,0.013789996355489746,0.00127408475298475
WDAY,ema50_dist,0.5652210788242163,0.0447785893478874
WDAY,ema200_dist,0.27885814958896116,0.009138752030417125
WDAY,atr_pct,0.14543025413864383,0.0613229373729762
WDAY,rv20,0.12323633930264798,0.0028857848618640525
WDAY,rv60,0.8054026161234197,0.15340442675278074
WDAY,volume_ratio,-0.7378842743005793,-0.1172635704264597
WDAY,range_position,-1.4894759680081304,-0.007190814852933888
WDAY,gap,0.03664587805257365,0.000665691127804362
WDAY,intraday,-0.4181658292125959,-0.0023492071993544933
WDAY,drawdown60,0.3965304997171817,-0.08252766100906922
WDAY,high20_dist,-0.08665098467220356,0.00950417236567836
WDAY,rsi14,0.007403283378107367,-0.0005182273324912929
WDAY,QQQ_r1,1.7720263895119432,-0.015246052551542563
WDAY,QQQ_r5,1.3849311945162743,-0.03961821333024871
WDAY,QQQ_r20,0.4728186728686765,-0.039046460457921504
WDAY,SMH_r1,1.8318781902015056,-0.12462766576348204
WDAY,SMH_r5,2.271195221246112,0.042882984638924496
WDAY,IWM_r1,0.3059689941344449,0.020524689601908088
WDAY,JNK_r20,-0.28295898003394104,-0.0017435142482392532
WDAY,TLT_r20,0.053716344972665434,0.0004966900718226125
WDAY,BZ=F_r5,-0.16886116280886232,0.00874214071067146
WDAY,VIX_level,-0.6755661419776692,-0.129335485227062
WDAY,VIX_r5,-0.7977927859872082,-0.06660982784358378
WDAY,rs20,-0.6579794118063796,-0.032332363558239305
WDAY,beta60,-3.0018761846210813,-0.3137559364767516
CEG,ret1,0.8372982465571254,0.020443534085749594
CEG,ret3,0.12901366425309516,0.0018162254631232742
CEG,ret5,-0.1734739784451933,0.0013123282926125548
CEG,ret20,-0.3732869770098723,-0.0011018428420098993
CEG,ret60,-0.2854845450916216,-0.007264834097204189
CEG,ema10_dist,-0.5079486141417173,-0.019021823803972455
CEG,ema20_dist,-0.5887844257044161,-0.05439894545630119
CEG,ema50_dist,-0.4137120232928113,-0.03277556604550099
CEG,ema200_dist,-0.5741921419228598,-0.018817451132705987
CEG,atr_pct,-0.09719180209666706,-0.04098244088509017
CEG,rv20,-0.1554630497814268,-0.0036404271514158754
CEG,rv60,-0.353178364088537,-0.06726961571749415
CEG,volume_ratio,0.27972080668090427,0.04445285210213157
CEG,range_position,0.7966908814117563,0.003846222930950556
CEG,gap,0.30496897610685214,0.005539917514287917
CEG,intraday,0.8066022332779302,0.004531397931294309
CEG,drawdown60,0.00311226284388823,-0.0006477377481296436
CEG,high20_dist,-0.624719949166996,0.06852139187594951
CEG,rsi14,-0.782574466023917,0.05477994793535119
CEG,QQQ_r1,1.7720263895119432,-0.015246052551542563
CEG,QQQ_r5,1.3849311945162743,-0.03961821333024871
CEG,QQQ_r20,0.4728186728686765,-0.039046460457921504
CEG,SMH_r1,1.8318781902015056,-0.12462766576348204
CEG,SMH_r5,2.271195221246112,0.042882984638924496
CEG,IWM_r1,0.3059689941344449,0.020524689601908088
CEG,JNK_r20,-0.28295898003394104,-0.0017435142482392532
CEG,TLT_r20,0.053716344972665434,0.0004966900718226125
CEG,BZ=F_r5,-0.16886116280886232,0.00874214071067146
CEG,VIX_level,-0.6755661419776692,-0.129335485227062
CEG,VIX_r5,-0.7977927859872082,-0.06660982784358378
CEG,rs20,-0.6505594874492606,-0.031967756873616165
CEG,beta60,-1.1888650640531264,-0.12426011220165181
KBH,ret1,0.44259399279622214,0.010806406695681833
KBH,ret3,-0.31951899108454834,-0.004498116776380861
KBH,ret5,-0.505911523223695,0.0038272138071412574
KBH,ret20,-1.0051959108239226,-0.002967068200532665
KBH,ret60,-0.933524515646787,-0.02375575437777293
KBH,ema10_dist,-0.5683554406536749,-0.021283958158663314
KBH,ema20_dist,-0.865501003235344,-0.07996533164246755
KBH,ema50_dist,-0.9258704049145778,-0.07335036183943505
KBH,ema200_dist,-0.78921432266796,-0.025864167872975106
KBH,atr_pct,-0.24023893545948438,-0.10130049817342507
KBH,rv20,-0.5171587969563421,-0.012110137609421591
KBH,rv60,-0.5082375649085377,-0.0968036243466534
KBH,volume_ratio,0.2582443098257432,0.04103983628216989
KBH,range_position,0.031472903458403166,0.00015194325152912064
KBH,gap,0.45747879703942196,0.008310336456145243
KBH,intraday,0.2156029334429252,0.001211232310396564
KBH,drawdown60,-0.8385210184972268,0.17451665991109158
KBH,high20_dist,-0.8462285872123075,0.09281720668328704
KBH,rsi14,-1.4276348700147075,0.09993395803909019
KBH,QQQ_r1,1.7720263895119432,-0.015246052551542563
KBH,QQQ_r5,1.3849311945162743,-0.03961821333024871
KBH,QQQ_r20,0.4728186728686765,-0.039046460457921504
KBH,SMH_r1,1.8318781902015056,-0.12462766576348204
KBH,SMH_r5,2.271195221246112,0.042882984638924496
KBH,IWM_r1,0.3059689941344449,0.020524689601908088
KBH,JNK_r20,-0.28295898003394104,-0.0017435142482392532
KBH,TLT_r20,0.053716344972665434,0.0004966900718226125
KBH,BZ=F_r5,-0.16886116280886232,0.00874214071067146
KBH,VIX_level,-0.6755661419776692,-0.129335485227062
KBH,VIX_r5,-0.7977927859872082,-0.06660982784358378
KBH,rs20,-1.378664900453122,-0.06774603275816653
KBH,beta60,-1.437579136477587,-0.1502556936011336
AVGO,ret1,0.4503884669180297,0.010996717135295054
AVGO,ret3,1.1445793801931279,0.01611313210044525
AVGO,ret5,0.6610502710050757,-0.0050008363286211084
AVGO,ret20,-0.20542325438885828,-0.0006063542431718854
AVGO,ret60,-0.34892255696758007,-0.008879165379436648
AVGO,ema10_dist,0.4619178839185676,0.017298050147551657
AVGO,ema20_dist,0.052317957240540044,0.004833758465856597
AVGO,ema50_dist,-0.3142226381471719,-0.024893704436274103
AVGO,ema200_dist,-0.2606936313115414,-0.008543463606772324
AVGO,atr_pct,-0.3439841324477704,-0.14504628033780648
AVGO,rv20,-0.41768061332192874,-0.009780689671886543
AVGO,rv60,-0.27816167495506955,-0.05298124371194846
AVGO,volume_ratio,-0.06367754035215871,-0.010119548549461788
AVGO,range_position,1.1865993570212565,0.005728602853768015
AVGO,gap,0.21357432896786302,0.0038796869791660406
AVGO,intraday,0.39946046004222385,0.002244122601685751
AVGO,drawdown60,-0.2059579627995056,0.04286487155000449
AVGO,high20_dist,0.5601040525522971,-0.061434102316435105
AVGO,rsi14,-0.25955899174866187,0.018169041633041724
AVGO,QQQ_r1,1.7720263895119432,-0.015246052551542563
AVGO,QQQ_r5,1.3849311945162743,-0.03961821333024871
AVGO,QQQ_r20,0.4728186728686765,-0.039046460457921504
AVGO,SMH_r1,1.8318781902015056,-0.12462766576348204
AVGO,SMH_r5,2.271195221246112,0.042882984638924496
AVGO,IWM_r1,0.3059689941344449,0.020524689601908088
AVGO,JNK_r20,-0.28295898003394104,-0.0017435142482392532
AVGO,TLT_r20,0.053716344972665434,0.0004966900718226125
AVGO,BZ=F_r5,-0.16886116280886232,0.00874214071067146
AVGO,VIX_level,-0.6755661419776692,-0.129335485227062
AVGO,VIX_r5,-0.7977927859872082,-0.06660982784358378
AVGO,rs20,-0.45714160941795395,-0.022463421268337943
AVGO,beta60,0.2579593175719735,0.026961893922322008
THO,ret1,0.9250511660135646,0.02258611566574023
THO,ret3,0.009672148176883518,0.00013616233523524432
THO,ret5,-0.6863850796621849,0.00519249381227739
THO,ret20,-0.9033956552879299,-0.0026665812031677776
THO,ret60,-0.5423917219675378,-0.01380244900657043
THO,ema10_dist,-0.38652285872756525,-0.014474632886530874
THO,ema20_dist,-0.6627710368620714,-0.0612347132673241
THO,ema50_dist,-0.6922842874559307,-0.05484493586911114
THO,ema200_dist,-0.8716117342190689,-0.028564499612333465
THO,atr_pct,-0.2580933570175782,-0.10882909379833478
THO,rv20,-0.5847476506020981,-0.013692843585478415
THO,rv60,-0.5620925682149027,-0.10706134606817813
THO,volume_ratio,1.600765571267017,0.2543914985591047
THO,range_position,1.3321132689825181,0.006431107373420556
THO,gap,0.4370260402963508,0.007938801663515349
THO,intraday,0.8180422780360568,0.004595666777836203
THO,drawdown60,-0.12262865545505022,0.025522011836694593
THO,high20_dist,-0.4984019940992923,0.054666412358000765
THO,rsi14,-1.137638017001744,0.07963427641239586
THO,QQQ_r1,1.7720263895119432,-0.015246052551542563
THO,QQQ_r5,1.3849311945162743,-0.03961821333024871
THO,QQQ_r20,0.4728186728686765,-0.039046460457921504
THO,SMH_r1,1.8318781902015056,-0.12462766576348204
THO,SMH_r5,2.271195221246112,0.042882984638924496
THO,IWM_r1,0.3059689941344449,0.020524689601908088
THO,JNK_r20,-0.28295898003394104,-0.0017435142482392532
THO,TLT_r20,0.053716344972665434,0.0004966900718226125
THO,BZ=F_r5,-0.16886116280886232,0.00874214071067146
THO,VIX_level,-0.6755661419776692,-0.129335485227062
THO,VIX_r5,-0.7977927859872082,-0.06660982784358378
THO,rs20,-1.261367433785648,-0.061982168009964915
THO,beta60,-2.020224455819785,-0.21115375086963575
VST,ret1,0.049789934314864115,0.001215674609947618
VST,ret3,0.035864017401166993,0.000504885602552235
VST,ret5,-0.024503528991536853,0.00018536886426805075
VST,ret20,0.11765000112552447,0.00034727118701273995
VST,ret60,-0.7625224089945571,-0.019404198552913237
VST,ema10_dist,-0.2787731721588475,-0.010439587813503919
VST,ema20_dist,-0.27159608115719375,-0.02509329350439121
VST,ema50_dist,-0.3878425978718563,-0.030726108902111256
VST,ema200_dist,-0.6237788135050144,-0.020442507801377872
VST,atr_pct,-0.2718366700087843,-0.11462417630608787
VST,rv20,-0.4413373203637572,-0.01033465100706712
VST,rv60,-0.25394470195478286,-0.04836865519233623
VST,volume_ratio,-0.01454936139004599,-0.002312164825085678
VST,range_position,0.0412303394523793,0.00019904969512341724
VST,gap,0.5368419092232118,0.00975200800184807
VST,intraday,-0.318475254065023,-0.0017891570936692579
VST,drawdown60,-0.32063073836639305,0.06673107088575034
VST,high20_dist,-0.03906075636894376,0.0042843155524267115
VST,rsi14,-0.5343023549166205,0.037400984129698764
VST,QQQ_r1,1.7720263895119432,-0.015246052551542563
VST,QQQ_r5,1.3849311945162743,-0.03961821333024871
VST,QQQ_r20,0.4728186728686765,-0.039046460457921504
VST,SMH_r1,1.8318781902015056,-0.12462766576348204
VST,SMH_r5,2.271195221246112,0.042882984638924496
VST,IWM_r1,0.3059689941344449,0.020524689601908088
VST,JNK_r20,-0.28295898003394104,-0.0017435142482392532
VST,TLT_r20,0.053716344972665434,0.0004966900718226125
VST,BZ=F_r5,-0.16886116280886232,0.00874214071067146
VST,VIX_level,-0.6755661419776692,-0.129335485227062
VST,VIX_r5,-0.7977927859872082,-0.06660982784358378
VST,rs20,-0.08488641005401784,-0.004171222110864342
VST,beta60,-1.068044332866105,-0.11163193591190423
BILI,ret1,0.5338888954890612,0.013035469592601337
BILI,ret3,0.2783521691996646,0.003918579480265403
BILI,ret5,-0.5201789543932592,0.003935146730306658
BILI,ret20,-0.8380685583018307,-0.0024737531683405247
BILI,ret60,-0.4129982779138022,-0.010509724687589952
BILI,ema10_dist,-0.15441054370877946,-0.0057824159258056795
BILI,ema20_dist,-0.551408730194484,-0.050945731796643634
BILI,ema50_dist,-0.9056247647898322,-0.07174643863275465
BILI,ema200_dist,-1.2917405407864495,-0.04233298007350612
BILI,atr_pct,-0.24943910581630602,-0.10517989365377835
BILI,rv20,-0.1113615752267953,-0.0026077174135593264
BILI,rv60,-0.270300482540208,-0.051483928342152915
BILI,volume_ratio,-0.6754723081054933,-0.10734514520956719
BILI,range_position,1.298384682635501,0.006268274252993016
BILI,gap,0.6205841067364365,0.011273227873491425
BILI,intraday,0.21080048474454488,0.0011842527097964636
BILI,drawdown60,-0.671392323016114,0.13973310521507032
BILI,high20_dist,-0.37576493235817665,0.041215165639718526
BILI,rsi14,-0.8708105529797989,0.06095644417860405
BILI,QQQ_r1,1.7720263895119432,-0.015246052551542563
BILI,QQQ_r5,1.3849311945162743,-0.03961821333024871
BILI,QQQ_r20,0.4728186728686765,-0.039046460457921504
BILI,SMH_r1,1.8318781902015056,-0.12462766576348204
BILI,SMH_r5,2.271195221246112,0.042882984638924496
BILI,IWM_r1,0.3059689941344449,0.020524689601908088
BILI,JNK_r20,-0.28295898003394104,-0.0017435142482392532
BILI,TLT_r20,0.053716344972665434,0.0004966900718226125
BILI,BZ=F_r5,-0.16886116280886232,0.00874214071067146
BILI,VIX_level,-0.6755661419776692,-0.129335485227062
BILI,VIX_r5,-0.7977927859872082,-0.06660982784358378
BILI,rs20,-1.1860954912854587,-0.05828338995250319
BILI,beta60,-1.5621154777354438,-0.1632722252545467
NVDA,ret1,0.6580274743991512,0.016066446045424707
NVDA,ret3,1.0245921176555468,0.014423978298537142
NVDA,ret5,0.9760495391700131,-0.0073838015172341025
NVDA,ret20,0.281281620794993,0.0008302677552389116
NVDA,ret60,0.3642558178508549,0.009269356716941072
NVDA,ema10_dist,0.6810877412114799,0.02550559377007331
NVDA,ema20_dist,0.4987155183488348,0.04607730282337487
NVDA,ema50_dist,0.40647765263326785,0.03220243647710631
NVDA,ema200_dist,0.31327737609335726,0.010266740495398637
NVDA,atr_pct,-0.5491753273123792,-0.23156835146183002
NVDA,rv20,-0.003617530028190875,-8.471051194611031e-05
NVDA,rv60,-0.3135301497121738,-0.05971785033156534
NVDA,volume_ratio,-0.3226169576971097,-0.051269850378020836
NVDA,range_position,1.0681060834118437,0.0051565471710014205
NVDA,gap,0.12451635834656095,0.0022619033687471682
NVDA,intraday,0.7181018507544992,0.004034213031798441
NVDA,drawdown60,0.8641668908416075,-0.17985419097270844
NVDA,high20_dist,0.6138629987778604,-0.06733056492511552
NVDA,rsi14,0.4909969720870954,-0.03436962197859922
NVDA,QQQ_r1,1.7720263895119432,-0.015246052551542563
NVDA,QQQ_r5,1.3849311945162743,-0.03961821333024871
NVDA,QQQ_r20,0.4728186728686765,-0.039046460457921504
NVDA,SMH_r1,1.8318781902015056,-0.12462766576348204
NVDA,SMH_r5,2.271195221246112,0.042882984638924496
NVDA,IWM_r1,0.3059689941344449,0.020524689601908088
NVDA,JNK_r20,-0.28295898003394104,-0.0017435142482392532
NVDA,TLT_r20,0.053716344972665434,0.0004966900718226125
NVDA,BZ=F_r5,-0.16886116280886232,0.00874214071067146
NVDA,VIX_level,-0.6755661419776692,-0.129335485227062
NVDA,VIX_r5,-0.7977927859872082,-0.06660982784358378
NVDA,rs20,0.10365510541534315,0.005093494557459951
NVDA,beta60,-0.06358282093349116,-0.006645673005443858
TSM,ret1,0.6904715804889666,0.01685860366841761
TSM,ret3,1.0688306949519528,0.0150467590791873
TSM,ret5,0.8431318827096764,-0.006378281250021433
TSM,ret20,0.3155721936379862,0.0009314843113002068
TSM,ret60,-0.11401364643395986,-0.0029013487433941065
TSM,ema10_dist,0.7988017131216094,0.02991378461970034
TSM,ema20_dist,0.6492678704059008,0.05998712929011927
TSM,ema50_dist,0.4344182672110487,0.0344159797315594
TSM,ema200_dist,0.4686474881529393,0.015358536912837277
TSM,atr_pct,-0.7126287614723619,-0.30049104410070004
TSM,rv20,-0.5784646949436488,-0.01354571767741011
TSM,rv60,-0.2731715340264746,-0.05203077534588918
TSM,volume_ratio,-0.021606192531675363,-0.003433626881379619
TSM,range_position,1.3765960925692227,0.006645859242814911
TSM,gap,0.6894042863929001,0.01252338165464752
TSM,intraday,0.3519417515094032,0.001977168000446498
TSM,drawdown60,0.45115772373934787,-0.0938969176720075
TSM,high20_dist,0.998624787769042,-0.10953253615640171
TSM,rsi14,0.7741009063302423,-0.05418680162276449
TSM,QQQ_r1,1.7720263895119432,-0.015246052551542563
TSM,QQQ_r5,1.3849311945162743,-0.03961821333024871
TSM,QQQ_r20,0.4728186728686765,-0.039046460457921504
TSM,SMH_r1,1.8318781902015056,-0.12462766576348204
TSM,SMH_r5,2.271195221246112,0.042882984638924496
TSM,IWM_r1,0.3059689941344449,0.020524689601908088
TSM,JNK_r20,-0.28295898003394104,-0.0017435142482392532
TSM,TLT_r20,0.053716344972665434,0.0004966900718226125
TSM,BZ=F_r5,-0.16886116280886232,0.00874214071067146
TSM,VIX_level,-0.6755661419776692,-0.129335485227062
TSM,VIX_r5,-0.7977927859872082,-0.06660982784358378
TSM,rs20,0.14316578546110675,0.0070350046545096375
TSM,beta60,0.6864671423150576,0.07174950859099728
BABA,ret1,0.6336399368961352,0.015470998179314324
BABA,ret3,1.2951045358743538,0.018232191520790943
BABA,ret5,0.7366783226268041,-0.005572961512743252
BABA,ret20,-0.311611518011847,-0.0009197934612117795
BABA,ret60,0.5549893447200184,0.014123025517241311
BABA,ema10_dist,0.7557793235217085,0.028302668274835484
BABA,ema20_dist,0.2637089643304638,0.02436458734415023
BABA,ema50_dist,-0.10624750709735839,-0.008417261258986028
BABA,ema200_dist,-0.5773416318860312,-0.018920666361804138
BABA,atr_pct,-0.5943472593685516,-0.25061580191774535
BABA,rv20,-0.525622937322477,-0.012308339603050264
BABA,rv60,-0.17788590666473536,-0.03388179401582762
BABA,volume_ratio,-0.2676534621452559,-0.04253512603708207
BABA,range_position,1.0795059101896003,0.005211582663668005
BABA,gap,0.8167334009267024,0.01483638017892179
BABA,intraday,0.19292140367813945,0.0010838101030006592
BABA,drawdown60,-0.010010723726535676,0.0020834755832104404
BABA,high20_dist,0.07099469303694242,-0.007786937473636988
BABA,rsi14,0.03637529826821402,-0.0025462585757362747
BABA,QQQ_r1,1.7720263895119432,-0.015246052551542563
BABA,QQQ_r5,1.3849311945162743,-0.03961821333024871
BABA,QQQ_r20,0.4728186728686765,-0.039046460457921504
BABA,SMH_r1,1.8318781902015056,-0.12462766576348204
BABA,SMH_r5,2.271195221246112,0.042882984638924496
BABA,IWM_r1,0.3059689941344449,0.020524689601908088
BABA,JNK_r20,-0.28295898003394104,-0.0017435142482392532
BABA,TLT_r20,0.053716344972665434,0.0004966900718226125
BABA,BZ=F_r5,-0.16886116280886232,0.00874214071067146
BABA,VIX_level,-0.6755661419776692,-0.129335485227062
BABA,VIX_r5,-0.7977927859872082,-0.06660982784358378
BABA,rs20,-0.5794950774639219,-0.028475732201613403
BABA,beta60,-1.5273571086488373,-0.15963928239732844
NKE,ret1,0.4695155829534649,0.011463726173281652
NKE,ret3,0.11218401557547145,0.0015793014392946447
NKE,ret5,-0.3890815434769938,0.00294339659593118
NKE,ret20,-0.8034604575696985,-0.002371599355280368
NKE,ret60,-0.5825405026581205,-0.014824130340768434
NKE,ema10_dist,-0.316244593372992,-0.011842829700922531
NKE,ema20_dist,-0.583229858612677,-0.05388574813132884
NKE,ema50_dist,-0.8217748022069523,-0.06510358120580753
NKE,ema200_dist,-1.2404995770193108,-0.04065370886569772
NKE,atr_pct,-0.5916895949108963,-0.24949515620299742
NKE,rv20,-0.6957252061406122,-0.016291568536186518
NKE,rv60,-0.6435058092107275,-0.12256806446594487
NKE,volume_ratio,0.544652936252925,0.08655550764896248
NKE,range_position,0.7542726758306185,0.0036414385173184566
NKE,gap,-0.014698922972362992,-0.0002670134577467046
NKE,intraday,0.5876750187270942,0.0033014901946294443
NKE,drawdown60,-0.4434128208825139,0.09228501463309159
NKE,high20_dist,-0.3453334622962757,0.037877339325298506
NKE,rsi14,-1.1798538351684902,0.08258936940561899
NKE,QQQ_r1,1.7720263895119432,-0.015246052551542563
NKE,QQQ_r5,1.3849311945162743,-0.03961821333024871
NKE,QQQ_r20,0.4728186728686765,-0.039046460457921504
NKE,SMH_r1,1.8318781902015056,-0.12462766576348204
NKE,SMH_r5,2.271195221246112,0.042882984638924496
NKE,IWM_r1,0.3059689941344449,0.020524689601908088
NKE,JNK_r20,-0.28295898003394104,-0.0017435142482392532
NKE,TLT_r20,0.053716344972665434,0.0004966900718226125
NKE,BZ=F_r5,-0.16886116280886232,0.00874214071067146
NKE,VIX_level,-0.6755661419776692,-0.129335485227062
NKE,VIX_r5,-0.7977927859872082,-0.06660982784358378
NKE,rs20,-1.146218945586449,-0.056323901631360224
NKE,beta60,-2.4672820688876214,-0.2578801884108516
FERG,ret1,0.21401591096579414,0.005225427843319219
FERG,ret3,0.102183021040648,0.0014385096787019888
FERG,ret5,-0.4169576355680815,0.003154278854276141
FERG,ret20,-0.8219375694872489,-0.002426138824271354
FERG,ret60,-0.5507884333683167,-0.014016123323928606
FERG,ema10_dist,-0.25697192823061504,-0.009623167787610194
FERG,ema20_dist,-0.5025502346104312,-0.04643159976406823
FERG,ema50_dist,-0.5925669622664814,-0.04694501613360394
FERG,ema200_dist,-0.5313138387947075,-0.017412241421780064
FERG,atr_pct,-0.6082207528606608,-0.25646577706631346
FERG,rv20,-0.7862917740821577,-0.01841233609740763
FERG,rv60,-0.7036322680146031,-0.134020305569753
FERG,volume_ratio,-0.21744713877301908,-0.03455640506190695
FERG,range_position,0.6593499502185433,0.00318317550410242
FERG,gap,0.2821870586461011,0.005126072325308247
FERG,intraday,0.0613469623267011,0.00034464012955765937
FERG,drawdown60,-0.41336221986167626,0.08603075218433848
FERG,high20_dist,-0.29609166522999536,0.032476332877603604
FERG,rsi14,-1.2495745869327333,0.08746979844780814
FERG,QQQ_r1,1.7720263895119432,-0.015246052551542563
FERG,QQQ_r5,1.3849311945162743,-0.03961821333024871
FERG,QQQ_r20,0.4728186728686765,-0.039046460457921504
FERG,SMH_r1,1.8318781902015056,-0.12462766576348204
FERG,SMH_r5,2.271195221246112,0.042882984638924496
FERG,IWM_r1,0.3059689941344449,0.020524689601908088
FERG,JNK_r20,-0.28295898003394104,-0.0017435142482392532
FERG,TLT_r20,0.053716344972665434,0.0004966900718226125
FERG,BZ=F_r5,-0.16886116280886232,0.00874214071067146
FERG,VIX_level,-0.6755661419776692,-0.129335485227062
FERG,VIX_r5,-0.7977927859872082,-0.06660982784358378
FERG,rs20,-1.1675088569707461,-0.05737006377967126
FERG,beta60,-1.2778717121241143,-0.13356308224459998
FDX,ret1,-0.7872289251033285,-0.01922103793936454
FDX,ret3,-0.3703273928800572,-0.005213386074527221
FDX,ret5,-0.7590453809384622,0.005742168005313418
FDX,ret20,-0.6825281375503364,-0.002014639644956853
FDX,ret60,-0.5497685467934815,-0.013990169881293854
FDX,ema10_dist,-0.8074055865518607,-0.030235985251546648
FDX,ema20_dist,-0.806162357496033,-0.07448291802535863
FDX,ema50_dist,-0.634628980729703,-0.05027730136228986
FDX,ema200_dist,-0.1877666231962744,-0.006153496361891686
FDX,atr_pct,-0.6659323925719218,-0.2808007910471838
FDX,rv20,-0.7365222527091441,-0.01724689956973096
FDX,rv60,-0.8916228356917774,-0.1698267267212675
FDX,volume_ratio,0.6502206433226766,0.10333218481079473
FDX,range_position,-0.4286494237105974,-0.002069411463443558
FDX,gap,-0.10790280938220143,-0.0019601097500746645
FDX,intraday,-0.8923876273474178,-0.005013330340087677
FDX,drawdown60,-0.007809240772402977,0.001625293327153239
FDX,high20_dist,-0.4691777506683305,0.05146099873373408
FDX,rsi14,-1.5588909412142669,0.10912183862896221
FDX,QQQ_r1,1.7720263895119432,-0.015246052551542563
FDX,QQQ_r5,1.3849311945162743,-0.03961821333024871
FDX,QQQ_r20,0.4728186728686765,-0.039046460457921504
FDX,SMH_r1,1.8318781902015056,-0.12462766576348204
FDX,SMH_r5,2.271195221246112,0.042882984638924496
FDX,IWM_r1,0.3059689941344449,0.020524689601908088
FDX,JNK_r20,-0.28295898003394104,-0.0017435142482392532
FDX,TLT_r20,0.053716344972665434,0.0004966900718226125
FDX,BZ=F_r5,-0.16886116280886232,0.00874214071067146
FDX,VIX_level,-0.6755661419776692,-0.129335485227062
FDX,VIX_r5,-0.7977927859872082,-0.06660982784358378
FDX,rs20,-1.006876910521752,-0.04947679174339544
FDX,beta60,-1.7678462999017228,-0.18477519966155437
AZO,ret1,-0.5609471966931167,-0.01369612701693269
AZO,ret3,-0.30989234466466264,-0.00436259500468712
AZO,ret5,-0.7726990958098812,0.0058454581730124815
AZO,ret20,-0.45760555492572563,-0.0013507286249247955
AZO,ret60,-0.4973493113129306,-0.012656237604342521
AZO,ema10_dist,-0.551720901566218,-0.020661022564840394
AZO,ema20_dist,-0.5918622682224874,-0.05468331335048136
AZO,ema50_dist,-0.6265617409484759,-0.04963818928585074
AZO,ema200_dist,-0.8367105714971916,-0.02742071711159388
AZO,atr_pct,-0.688131598283734,-0.2901614327489956
AZO,rv20,-0.7674923532273091,-0.017972116236758397
AZO,rv60,-0.6896342618972701,-0.1313541159384763
AZO,volume_ratio,1.3757545895907886,0.21863305781780085
AZO,range_position,-1.389043723490702,-0.006705953270000668
AZO,gap,0.10815614522187766,0.001964711725243206
AZO,intraday,-0.7649323034095223,-0.004297301091225407
AZO,drawdown60,-0.03852069602401196,0.008017095647296843
AZO,high20_dist,0.0691515286690063,-0.007584772986788854
AZO,rsi14,-1.307613547119329,0.09153250603063703
AZO,QQQ_r1,1.7720263895119432,-0.015246052551542563
AZO,QQQ_r5,1.3849311945162743,-0.03961821333024871
AZO,QQQ_r20,0.4728186728686765,-0.039046460457921504
AZO,SMH_r1,1.8318781902015056,-0.12462766576348204
AZO,SMH_r5,2.271195221246112,0.042882984638924496
AZO,IWM_r1,0.3059689941344449,0.020524689601908088
AZO,JNK_r20,-0.28295898003394104,-0.0017435142482392532
AZO,TLT_r20,0.053716344972665434,0.0004966900718226125
AZO,BZ=F_r5,-0.16886116280886232,0.00874214071067146
AZO,VIX_level,-0.6755661419776692,-0.129335485227062
AZO,VIX_r5,-0.7977927859872082,-0.06660982784358378
AZO,rs20,-0.7477140135401775,-0.03674182032079334
AZO,beta60,-2.7563448110404227,-0.28809301058830533
PDD,ret1,0.12811579346586108,0.0031280844088851117
PDD,ret3,0.0769668436998257,0.0010835219831414015
PDD,ret5,-0.06409995508664504,0.00048491529028934415
PDD,ret20,-0.7890407582459191,-0.002329036277909948
PDD,ret60,0.08089603107628568,0.002058592154972447
PDD,ema10_dist,-0.04166531847822619,-0.0015602963070750603
PDD,ema20_dist,-0.35941658657207887,-0.03320720188145735
PDD,ema50_dist,-0.5543021075034733,-0.04391355414097331
PDD,ema200_dist,-0.9087937529937452,-0.029783030431938144
PDD,atr_pct,-0.6757234491190468,-0.2849293429156431
PDD,rv20,-0.8331110306705047,-0.019508687244081762
PDD,rv60,-0.5762530342394951,-0.10975847931503854
PDD,volume_ratio,-0.24347726021910762,-0.0386930767402619
PDD,range_position,0.48016023168088784,0.002318092671462463
PDD,gap,0.5778941998578038,0.010497743869120451
PDD,intraday,-0.2520015550038232,-0.0014157155508814508
PDD,drawdown60,-0.18026719105247674,0.037517995828433605
PDD,high20_dist,-0.5612529183470145,0.06156011379315786
PDD,rsi14,-0.9304985677739245,0.06513458502620836
PDD,QQQ_r1,1.7720263895119432,-0.015246052551542563
PDD,QQQ_r5,1.3849311945162743,-0.03961821333024871
PDD,QQQ_r20,0.4728186728686765,-0.039046460457921504
PDD,SMH_r1,1.8318781902015056,-0.12462766576348204
PDD,SMH_r5,2.271195221246112,0.042882984638924496
PDD,IWM_r1,0.3059689941344449,0.020524689601908088
PDD,JNK_r20,-0.28295898003394104,-0.0017435142482392532
PDD,TLT_r20,0.053716344972665434,0.0004966900718226125
PDD,BZ=F_r5,-0.16886116280886232,0.00874214071067146
PDD,VIX_level,-0.6755661419776692,-0.129335485227062
PDD,VIX_r5,-0.7977927859872082,-0.06660982784358378
PDD,rs20,-1.1296041130216332,-0.05550746756472262
PDD,beta60,-2.469054445729243,-0.25806543714248875
COST,ret1,0.0829004451335278,0.0020241032186318593
COST,ret3,0.050768250944820174,0.0007147040634651418
COST,ret5,-0.34411805969005027,0.0026032484513108943
COST,ret20,-0.45548028247682987,-0.001344455391784185
COST,ret60,-0.36214262629477595,-0.009215581525483338
COST,ema10_dist,-0.16272148128303382,-0.0060936466010786195
COST,ema20_dist,-0.31261844813633644,-0.02888343027833342
COST,ema50_dist,-0.4089637024613132,-0.03239938915371207
COST,ema200_dist,-0.4848109843704673,-0.015888247750029255
COST,atr_pct,-1.0690651550825487,-0.45078801478445635
COST,rv20,-0.9729292139142777,-0.022782763696704407
COST,rv60,-1.0709247615425543,-0.20397822883979685
COST,volume_ratio,0.006960587086158758,0.0011061670812282313
COST,range_position,1.3704036544619278,0.00661596371118216
COST,gap,-0.2703115766980692,-0.004910348118622183
COST,intraday,0.29630873788712936,0.0016646281729590935
COST,drawdown60,0.357425063562253,-0.07438886668957159
COST,high20_dist,0.08937142464614674,-0.009802559400986127
COST,rsi14,-1.1424409813316396,0.0799704822910055
COST,QQQ_r1,1.7720263895119432,-0.015246052551542563
COST,QQQ_r5,1.3849311945162743,-0.03961821333024871
COST,QQQ_r20,0.4728186728686765,-0.039046460457921504
COST,SMH_r1,1.8318781902015056,-0.12462766576348204
COST,SMH_r5,2.271195221246112,0.042882984638924496
COST,IWM_r1,0.3059689941344449,0.020524689601908088
COST,JNK_r20,-0.28295898003394104,-0.0017435142482392532
COST,TLT_r20,0.053716344972665434,0.0004966900718226125
COST,BZ=F_r5,-0.16886116280886232,0.00874214071067146
COST,VIX_level,-0.6755661419776692,-0.129335485227062
COST,VIX_r5,-0.7977927859872082,-0.06660982784358378
COST,rs20,-0.7452652075630106,-0.03662148876677102
COST,beta60,-2.7563570672665083,-0.288094291608393
