symbol,eligible,close,daily_pct,volume_ratio,atr,atr_pct,rsi,ema20,ema50,rs20_qqq_pp,ret20_pct,range_position,high,low,prior_high20,adv20,history_sessions,regular_vwap_proxy,last,last_at,age_minutes,session,after_hours_change_pct,after_hours_volume,after_hours_high,after_hours_low,regular_quote_at,quote_note,a_hit5,a_hit10,a_close3,a_down3,b_hit5,b_hit10,b_close3,b_down3,p_hit5,p_hit10,p_close3,p_down3,extension_atr,previous_last,previous_p_hit5,price_change_from_previous_pct,hit5_change_pp
IOVA,True,14.449999809265137,31.483167517800048,5.589583547487864,0.8389614655520131,5.805961775958521,86.44518893488029,10.048767525665069,8.235167135857253,73.80573600953436,76.86658108110946,0.662698322593146,15.300000190734863,12.779999732971191,11.170000076293945,133761240.07045746,2512,14.238442339000851,14.45,2026-09-29 19:59:57-04:00,32.42601603333333,after_hours,1.3199644710581993e-06,834752.0,14.55,14.36,2026-09-29 16:00:01-04:00,"Vendor latest observation, no executable bid/ask or overnight-session venue feed; after-hours bar volumes and extremes may include late regular-session batches and are not reliable liquidity/support measures",0.6149228661306716,0.14771131396346343,0.36877078176533745,0.8231813645302927,0.724897843152959,0.413248007606938,0.4711418319916257,0.8766632127576091,0.6699103546418153,0.2804796607852007,0.41995630687848157,0.8499222886439508,5.24604819686704,14.45,0.6699103546421324,0.0,-3.171907181354072e-11
KOD,True,91.12000274658203,1.3345246909170383,2.1779927728816504,6.765267475424814,7.424568998576532,89.96446275478715,44.51199905784475,40.70807705750339,140.90168898238707,143.96253405396217,0.787482288985918,93.13860321044922,83.64009857177734,95.7699966430664,201396680.0480652,2006,88.09366494210747,90.8768,2026-09-29 19:59:59-04:00,32.396097366666666,after_hours,-0.26690379636885586,10497.0,91.44,90.17,2026-09-29 16:00:01-04:00,"Vendor latest observation, no executable bid/ask or overnight-session venue feed; after-hours bar volumes and extremes may include late regular-session batches and are not reliable liquidity/support measures",0.7098539306476598,0.2346116267954768,0.4483502400639072,0.8640218762702822,0.6168330373463533,0.28454796805433813,0.16846630756309133,0.6041308834260052,0.6633434839970065,0.25957979742490744,0.3084082738134993,0.7340763798481437,6.889306868951343,90.9521,0.6633434839970072,-0.08279083165754209,-6.661338147750939e-14
AAOI,True,100.66999816894531,3.9764495829955226,1.0776783969409494,8.136620073902153,8.08246768838438,45.040004910243226,104.13504957996398,112.67036981403939,-9.579560006399724,-6.51871493482461,0.5062495455146919,103.83000183105469,97.43000030517578,116.9000015258789,693394028.4222794,2512,101.21449472689142,101.45,2026-09-29 19:59:54-04:00,32.46617475,after_hours,0.7748106141272526,2732.0,101.6,98.7654,2026-09-29 16:00:01-04:00,"Vendor latest observation, no executable bid/ask or overnight-session venue feed; after-hours bar volumes and extremes may include late regular-session batches and are not reliable liquidity/support measures",0.29596914767095756,0.05023592329889706,0.23607396729325658,0.5706779083342375,0.29113218196475793,0.05488540803518115,0.15659622754290087,0.4590080230761479,0.29355066481785774,0.05256066566703911,0.19633509741807872,0.5148429657051927,-0.4258588184709105,101.4287,0.2935506648178599,0.020999973380320114,-2.1649348980190553e-13
CIFR,True,16.510000228881836,-1.373951883996738,0.8423922101684118,1.4877039916763122,9.010926535747657,45.925966349400085,17.294730602046762,18.042765382484777,3.45528543733995,6.516130508915063,0.07506928446735578,17.3700008392334,16.440200805664062,19.7450008392334,577877506.1219311,1492,16.750334970559727,16.6201,2026-09-29 19:59:51-04:00,32.524720583333334,after_hours,0.6668671689389782,8574.0,16.74,16.51,2026-09-29 16:00:01-04:00,"Vendor latest observation, no executable bid/ask or overnight-session venue feed; after-hours bar volumes and extremes may include late regular-session batches and are not reliable liquidity/support measures",0.2662830261014494,0.04536498133591406,0.20697058083943143,0.5359655723642756,0.2664639024489458,0.03138778819214642,0.20241406858276575,0.5174512603563228,0.2663734642751976,0.03837638476403024,0.2046923247110986,0.5267084163602992,-0.5274774938801564,16.65,0.2663734642751987,-0.1795795795795696,-1.1102230246251565e-13
FICO,True,617.8699951171875,-26.52190127676698,10.937648701480034,58.38617138677001,9.449588400177333,16.525514469121248,926.9981532950169,1027.9108285825084,-49.202352192707146,-46.14150712113203,0.25253305079965505,685.0,595.1900024414062,1158.2900390625,425539950.54504395,2512,626.6412694605546,611.11,2026-09-29 19:59:51-04:00,32.5292995,after_hours,-1.0940804976142804,117707.0,617.87,606.1528,2026-09-29 16:00:03-04:00,"Vendor latest observation, no executable bid/ask or overnight-session venue feed; after-hours bar volumes and extremes may include late regular-session batches and are not reliable liquidity/support measures",0.19167819165518996,0.04666275838885677,0.10946771752514575,0.5783095135346813,0.31963306011692755,0.09384272038550266,0.13803074508161337,0.48120863931565455,0.2556556258860587,0.07025273938717971,0.12374923130337956,0.529759076425168,-5.294544081852165,612.21,0.2556556258860586,-0.1796769082504368,1.1102230246251565e-14
UMAC,True,24.940000534057617,4.090156456725635,1.0490283000769438,1.852902978720197,7.429442417973912,53.450052889209786,23.981631386966775,23.66439905867504,2.3045983321856145,5.365443403760728,0.9393158547330682,25.020000457763672,23.70170021057129,26.200000762939453,57368997.657203674,658,24.390411718469693,24.8902,2026-09-29 19:45:44-04:00,46.637876649999995,after_hours,-0.19968136724620722,181163.0,25.0,24.8,2026-09-29 16:00:00-04:00,"Vendor latest observation, no executable bid/ask or overnight-session venue feed; after-hours bar volumes and extremes may include late regular-session batches and are not reliable liquidity/support measures",0.25628716536987395,0.038399582310940455,0.20732704054767084,0.5578337639609217,0.22313773530343564,0.028156202620716237,0.15421287974135653,0.4905381599771503,0.23971245033665478,0.033277892465828345,0.18076996014451369,0.524185961969036,0.5172257576879654,24.8902,0.2397124503366547,0.0,8.326672684688674e-15
BE,True,291.25,10.79621311293466,1.3980138267848259,21.31205741723768,7.317444606776885,60.265466008019345,263.00325595481365,248.43774437824683,38.11704910757785,41.177894179152965,0.6432333108795132,302.35400390625,271.2300109863281,292.7200012207031,4434920569.416046,2056,292.9119138499361,294.26,2026-09-29 19:58:50-04:00,33.53621281666667,after_hours,1.033476394849786,788012.0,295.2605,290.51,2026-09-29 16:00:03-04:00,"Vendor latest observation, no executable bid/ask or overnight-session venue feed; after-hours bar volumes and extremes may include late regular-session batches and are not reliable liquidity/support measures",0.22348453111355637,0.03332310578386805,0.18936640313405964,0.4893190883099073,0.24021673238261287,0.027234796211789314,0.16757984468966153,0.49151417552878673,0.23185063174808462,0.030278950997828683,0.1784731239118606,0.49041663191934703,1.325387947873101,293.64,0.2318506317480835,0.21114289606321002,1.1102230246251565e-13
NBIS,True,237.35499572753906,2.3611310718634426,0.8607260527593183,16.531855776699402,6.965033841409599,55.241009702448366,227.20983711225418,221.08194547347045,11.9813162804991,15.042161352074213,0.28020902191944413,246.97500610351562,233.61000061035156,254.74000549316406,3407446549.345627,486,240.56928320393197,240.12,2026-09-29 19:59:46-04:00,32.60249925,after_hours,1.1649235626937982,399164.0,240.75,237.0,2026-09-29 16:00:00-04:00,"Vendor latest observation, no executable bid/ask or overnight-session venue feed; after-hours bar volumes and extremes may include late regular-session batches and are not reliable liquidity/support measures",0.23305835600586158,0.03335310057540821,0.20243433117727463,0.5470709448492136,0.21387707716487095,0.03150797517723673,0.13779694900975167,0.44717608935954956,0.22346771658536627,0.03243053787632247,0.17011564009351315,0.4971235171043816,0.6136733076019112,240.05,0.2234677165853659,0.029160591543431202,3.608224830031759e-14
NVTS,True,11.729999542236328,0.0,3.128186814936984,0.7932482933737084,6.762560309720825,48.2311879919161,11.785943792556447,12.654826333224436,-1.8529124761887505,1.2079325953863629,0.04878007176595738,12.899999618530273,11.670000076293945,12.630000114440918,130023351.39751434,1240,11.864624773087115,11.728,2026-09-29 19:59:58-04:00,32.401970883333334,after_hours,-0.01704639654186435,1725614.0,11.79,11.7,2026-09-29 16:00:00-04:00,"Vendor latest observation, no executable bid/ask or overnight-session venue feed; after-hours bar volumes and extremes may include late regular-session batches and are not reliable liquidity/support measures",0.2131210133468824,0.030675151534845846,0.1724410714810684,0.49595524414252684,0.18874755893651388,0.03020913951885761,0.15841472353975655,0.5739925574000604,0.20093428614169814,0.030442145526851726,0.16542789751041248,0.5349739007712936,-0.0705255224466807,11.741,0.2009342861416994,-0.11072310706072841,-1.249000902703301e-13
CBRS,True,194.9499969482422,-0.9098345506471373,1.5490419100581225,13.780446086575195,7.068708028876658,47.50481020283601,198.96048641211573,204.03419351095087,2.752220025991603,5.813065097566716,0.037429977015326715,213.97999572753906,194.2100067138672,222.5,1146419052.436905,95,205.0436839326183,192.9494,2026-09-29 19:59:59-04:00,32.395055766666665,after_hours,-1.0262102998510603,,197.9,192.8397,2026-09-29 16:00:01-04:00,"Vendor latest observation, no executable bid/ask or overnight-session venue feed; after-hours bar volumes and extremes may include late regular-session batches and are not reliable liquidity/support measures",0.1992305670455633,0.030654857398919592,0.17098477781166066,0.4686537390436736,0.19026298382306972,0.02381852207657719,0.15415355227087177,0.47268736470547945,0.1947467754343165,0.02723668973774839,0.16256916504126623,0.4706705518745765,-0.2910275501009019,194.4999,0.1947467754343164,-0.797172646361255,1.1102230246251565e-14
CRDO,True,192.35000610351562,-0.1660829752793691,0.6632069255911309,13.877224950583996,7.214569540026834,49.50136762763895,189.99093647663574,202.40990023427443,-18.02171689289125,-14.960871821316136,0.3220837275551089,199.3800048828125,189.00999450683594,238.39500427246094,1770394278.8430023,1172,193.98340848311514,193.88,2026-09-29 19:59:42-04:00,32.66575711666667,after_hours,0.7954218081287712,651.0,199.782,186.3045,2026-09-29 16:00:01-04:00,"Vendor latest observation, no executable bid/ask or overnight-session venue feed; after-hours bar volumes and extremes may include late regular-session batches and are not reliable liquidity/support measures",0.18892667322568363,0.027824283556651546,0.17304954120553434,0.45588359526826805,0.19791978890206693,0.02296734873697052,0.1608958710441028,0.4491872494450175,0.19342323106387527,0.025395816146811034,0.16697270612481857,0.4525354223566428,0.1699957761930356,193.79,0.1934232310638764,0.04644202487229521,-1.1379786002407855e-13
SMMT,True,16.389999389648438,5.8785521597027435,4.396621775481629,1.1384662164785502,6.946102860733359,52.40920572420122,16.283759961198136,15.618646501158954,17.276890077940642,20.33773514951576,0.08219170029021745,19.06999969482422,16.149999618530273,18.829999923706055,104371607.54114151,2512,16.613052691925848,16.27,2026-09-29 19:59:37-04:00,32.759748183333336,after_hours,-0.7321500556261573,688104.0,16.52,16.2,2026-09-29 16:00:00-04:00,"Vendor latest observation, no executable bid/ask or overnight-session venue feed; after-hours bar volumes and extremes may include late regular-session batches and are not reliable liquidity/support measures",0.2073632763565651,0.031147944771382673,0.14976222841338716,0.45022193700043456,0.17722918301840188,0.03174342345985463,0.2038575602987725,0.7448509589708368,0.1922962296874835,0.031445684115618655,0.17680989435607983,0.5975364479856357,0.09331803343178352,16.27,0.1922962296874816,0.0,1.887379141862766e-13
ALAB,True,357.8399963378906,1.858756888410995,0.6474004761371548,22.869060715355893,6.390862103005883,61.34066468222099,323.3129404515822,314.8376463561626,17.432111726909305,20.492956798484418,0.4934245079068177,366.70001220703125,349.2099914550781,377.8699951171875,1263021747.8121948,634,360.35228742953177,359.58,2026-09-29 19:59:26-04:00,32.93188665,after_hours,0.48625186673274534,,361.39,356.28,2026-09-29 16:00:01-04:00,"Vendor latest observation, no executable bid/ask or overnight-session venue feed; after-hours bar volumes and extremes may include late regular-session batches and are not reliable liquidity/support measures",0.18886500395352399,0.02411943674139952,0.17435569013624697,0.48046691073042175,0.19215179203641647,0.02518280227639507,0.12807602172458735,0.4139145162874204,0.1905083979949702,0.024651119508897295,0.15121585593041714,0.44719071350892103,1.5097714906640007,359.8,0.1905083979949701,-0.061145080600344404,1.1102230246251565e-14
MDB,True,337.19000244140625,0.7499730550241113,3.2639083966788536,27.81171302327272,8.24808352024185,37.68946951940275,388.82292809892084,383.1375310392432,-28.68671222799135,-25.625867156416238,0.5782143729073661,349.0,321.0,455.9700012207031,1065447271.9622803,2247,331.4485335942022,336.4899,2026-09-29 19:59:46-04:00,32.60626763333333,after_hours,-0.20762846950894698,,337.48,332.9265,2026-09-29 16:00:01-04:00,"Vendor latest observation, no executable bid/ask or overnight-session venue feed; after-hours bar volumes and extremes may include late regular-session batches and are not reliable liquidity/support measures",0.17969700853421822,0.0323859069632626,0.13558150106436936,0.47148333981996987,0.19525722896121694,0.015849674340241277,0.17513941411882555,0.5191369392500498,0.18747711874771758,0.024117790651751937,0.15536045759159745,0.4953101395350098,-1.8565172743695573,336.11,0.1874771187477176,0.11302847282139705,-2.7755575615628914e-15
ABCL,True,14.819999694824219,6.465514465499123,2.073396520042856,0.8102096981528023,5.467002124404647,76.93719618481147,12.265035435315363,10.555283589909433,26.033234072763012,29.094079144338124,0.7999995761445686,15.0,14.100000381469727,14.229999542236328,52606865.57137966,1455,14.584249448950667,14.96,2026-09-29 19:58:09-04:00,34.22614555,after_hours,0.9446714443906323,2681.0,14.98,14.72,2026-09-29 16:00:01-04:00,"Vendor latest observation, no executable bid/ask or overnight-session venue feed; after-hours bar volumes and extremes may include late regular-session batches and are not reliable liquidity/support measures",0.17697911017362192,0.019172938192755735,0.1533262838830481,0.5042064905170427,0.18948236351714667,0.015634615896380353,0.16139366066791747,0.6207148770117166,0.1832307368453843,0.017403777044568046,0.15735997227548276,0.5624606837643796,3.1534604749041146,14.98,0.1832307368453846,-0.1335113484646211,-3.0531133177191805e-14
SMR,True,7.760000228881836,-1.8963289686958484,0.7986129102754328,0.6283873925043933,8.097775437758457,38.84564631876171,8.75786216477625,9.161320806444039,-19.349951374878504,-16.28910630330339,0.024390811228239936,8.15999984741211,7.75,11.369999885559082,332752253.8018513,1150,7.895650504318807,7.83,2026-09-29 19:59:11-04:00,33.1954348,after_hours,0.9020588795556117,1108127.0,7.8841,7.72,2026-09-29 16:00:02-04:00,"Vendor latest observation, no executable bid/ask or overnight-session venue feed; after-hours bar volumes and extremes may include late regular-session batches and are not reliable liquidity/support measures",0.15947472327755674,0.027035532773402562,0.14826064553482812,0.37789556139216124,0.2026189224299547,0.023051054258906474,0.18895780705265988,0.47703189341006397,0.18104682285375573,0.025043293516154516,0.168609226293744,0.4274637274011126,-1.5879725592798843,7.83,0.1810468228537562,0.0,-4.718447854656915e-14
SNDK,True,1729.760009765625,0.9848849005433591,0.5594697052017495,108.1667563835388,6.2532811356989875,54.219519520943614,1685.5333294154166,1612.569010388529,7.347022655221114,10.407867726796226,0.6474108981773308,1749.780029296875,1693.0,1909.47998046875,17767203350.282593,408,1720.1090394409482,1726.7001,2026-09-29 19:59:59-04:00,32.38162413333333,after_hours,-0.17689793661258557,256710.0,1731.92,1702.075,2026-09-29 16:00:00-04:00,"Vendor latest observation, no executable bid/ask or overnight-session venue feed; after-hours bar volumes and extremes may include late regular-session batches and are not reliable liquidity/support measures",0.17245584146687723,0.02263882765137504,0.16540154217481753,0.44810623781194747,0.1880427688746803,0.028489119678079766,0.1250733527033315,0.3947820730473375,0.18024930517077875,0.025563973664727402,0.14523744743907452,0.4214441554296425,0.4088749799743371,1725.0001,0.1802493051707787,0.09855071892459488,5.551115123125783e-15
FSLY,True,25.479999542236328,2.2471888612677127,0.4905597674576732,2.5060134005823214,9.835217604412772,52.79635349043899,24.840681124357747,23.710145161634955,8.742570982156717,11.80341605373183,0.9549539487249983,25.530000686645508,24.420000076293945,31.329999923706055,208368199.4341755,1852,25.0140856261507,25.46,2026-09-29 19:58:43-04:00,33.657508066666665,after_hours,-0.078491140485204,100.0,25.65,25.1112,2026-09-29 16:00:01-04:00,"Vendor latest observation, no executable bid/ask or overnight-session venue feed; after-hours bar volumes and extremes may include late regular-session batches and are not reliable liquidity/support measures",0.1956396603737845,0.027482627921927075,0.16153098108474392,0.49730178889913296,0.1637981707683172,0.012399983929308463,0.1746130142603211,0.4789602003323272,0.17971891557105085,0.01994130592561777,0.1680719976725325,0.48813099461573006,0.25511372673826194,25.5365,0.1797189155710505,-0.2995712020049668,3.608224830031759e-14
ARM,True,293.6700134277344,3.6494643509367597,1.0798122842496272,19.678938411778525,6.7010377335039255,54.76730766203451,282.0053807189036,274.81332426612516,18.335545727509572,21.396390799084685,0.47417263777329716,301.0,287.0600891113281,336.9800109863281,1571174363.990631,763,296.0615531348098,295.5,2026-09-29 19:59:46-04:00,32.60101218333333,after_hours,0.623143831031947,244875.0,296.0,293.32,2026-09-29 16:00:00-04:00,"Vendor latest observation, no executable bid/ask or overnight-session venue feed; after-hours bar volumes and extremes may include late regular-session batches and are not reliable liquidity/support measures",0.16905255885210108,0.02388426513601796,0.15559031436832402,0.4155428806504217,0.17755863373382338,0.018796061190491965,0.14833807193478982,0.41144729788713635,0.17330559629296222,0.02134016316325496,0.1519641931515569,0.41349508926877904,0.5927470509206473,295.38,0.1733055962929622,0.04062563477553738,2.7755575615628914e-15
COHR,True,292.2099914550781,3.4554713493490485,0.8610832923097103,20.40822306904626,6.98409488581216,48.8255064936562,294.91346072394305,301.91895459439047,2.1149838805931465,5.17582895216826,0.37699983357332545,302.7200012207031,285.8500061035156,332.8599853515625,1851745120.9654236,2512,294.57924048011057,293.8,2026-09-29 19:57:54-04:00,34.466038166666664,after_hours,0.5441321622865702,327408.0,294.847,291.9971,2026-09-29 16:00:03-04:00,"Vendor latest observation, no executable bid/ask or overnight-session venue feed; after-hours bar volumes and extremes may include late regular-session batches and are not reliable liquidity/support measures",0.16930509432728247,0.02523490426921951,0.15901383169119782,0.40314763018541905,0.17173948292296715,0.01954682200932522,0.1502940533155827,0.3983239722228151,0.1705222886251248,0.022390863139272365,0.15465394250339026,0.4007358012041171,-0.1324696059876644,294.1,0.1705222886251257,-0.10200612036722623,-8.881784197001252e-14
IREN,True,41.380001068115234,-0.814957197122923,0.9169798776294581,2.8473316238001165,6.880936564291408,45.281864441696165,43.65985210741207,43.270587416416724,8.430463555046575,11.491308626621688,0.2139046814725964,42.849998474121094,40.97999954223633,49.369998931884766,1606031409.5251656,1220,41.643263146487676,41.68,2026-09-29 19:59:40-04:00,32.70274453333334,after_hours,0.7249853169190024,1391089.0,41.7,41.19,2026-09-29 16:00:01-04:00,"Vendor latest observation, no executable bid/ask or overnight-session venue feed; after-hours bar volumes and extremes may include late regular-session batches and are not reliable liquidity/support measures",0.15990817931805754,0.02374991251202188,0.1519383872081893,0.41383312798513433,0.17568028317005346,0.024139976725503096,0.13856122304094445,0.39512522619018303,0.16779423124405551,0.02394494461876249,0.14524980512456687,0.4044791770876587,-0.8006974039272929,41.6824,0.1677942312440566,-0.005757825844965314,-1.0824674490095276e-13
VICR,True,290.67999267578125,1.9572032454603372,0.5813101008196448,17.389633763844632,5.982397895282971,72.19775765266844,237.3673543607814,229.577399944279,51.81980498148269,54.8806500530578,0.5287095004995233,297.0,283.5899963378906,291.5299987792969,201943159.4556427,2512,289.1183925626163,291.941,2026-09-29 19:56:43-04:00,35.650598933333335,after_hours,0.4338129062859908,16245.0,292.0,284.01,2026-09-29 16:00:00-04:00,"Vendor latest observation, no executable bid/ask or overnight-session venue feed; after-hours bar volumes and extremes may include late regular-session batches and are not reliable liquidity/support measures",0.15639983651578732,0.01823873531911304,0.14893136258429293,0.40485124439704273,0.1713548169682199,0.01341381107783421,0.1450250822506457,0.42402074153957664,0.16387732674200362,0.015826273198473625,0.14697822241746933,0.4144359929683097,3.065771196736985,291.8171,0.1638773267420042,0.0424581013244163,-5.828670879282072e-14
WULF,True,15.09000015258789,-0.19841093385088993,0.7624006541596614,1.0833666913554194,7.179368326047533,42.60373259324635,16.135163880582812,17.19310084727255,-3.325220230533965,-0.26437515895885166,0.25196855123940254,15.5649995803833,14.930000305175781,18.079999923706055,450570263.79452705,2512,15.199765390739222,15.3,2026-09-29 19:59:37-04:00,32.7581942,after_hours,1.3916490741459286,1085634.0,15.3,15.09,2026-09-29 16:00:00-04:00,"Vendor latest observation, no executable bid/ask or overnight-session venue feed; after-hours bar volumes and extremes may include late regular-session batches and are not reliable liquidity/support measures",0.14690195106458515,0.02242701948721601,0.14079125694199388,0.360582187624102,0.1682000836733754,0.019249547967839096,0.1597548476441141,0.3950686716099622,0.15755101736898028,0.02083828372752755,0.150273052293054,0.3778254296170321,-0.9647368119535766,15.22,0.1575510173689805,0.5256241787122251,-2.220446049250313e-14
ASTS,True,59.400001525878906,-2.6229483182312996,1.6323491119735898,4.168931808144627,7.018403537125065,45.463821233613984,61.36255292582398,64.60951376000241,-2.553225681552318,0.5076193900227954,0.11901302865950751,65.47000122070312,58.58000183105469,67.19999694824219,595017596.6607857,1735,60.65106033192259,59.8,2026-09-29 19:59:56-04:00,32.437104500000004,after_hours,0.6733980872825729,713172.0,59.88,59.3,2026-09-29 16:00:01-04:00,"Vendor latest observation, no executable bid/ask or overnight-session venue feed; after-hours bar volumes and extremes may include late regular-session batches and are not reliable liquidity/support measures",0.14842186326647186,0.020085554650834378,0.14037183504198658,0.39320757505491527,0.16525128593822722,0.022524908421921855,0.15083740469958612,0.5170171418637426,0.15683657460234954,0.021305231536378116,0.14560461987078635,0.45511235845932896,-0.4707564168142388,59.83,0.1568365746023488,-0.05014206919605746,7.494005416219807e-14
CRWV,True,85.93000030517578,1.010932894600547,0.8822400499295815,5.414920399210027,6.30154821363811,48.93003801055129,86.48019942977753,87.95566707614213,-1.8357291297623535,1.22511594181276,0.14805800570665284,90.47000122070312,85.14099884033203,104.58999633789062,2521540024.078903,378,87.38312954353397,86.117,2026-09-29 19:59:52-04:00,32.502618266666666,after_hours,0.21761863628546596,853521.0,87.4971,85.7,2026-09-29 16:00:01-04:00,"Vendor latest observation, no executable bid/ask or overnight-session venue feed; after-hours bar volumes and extremes may include late regular-session batches and are not reliable liquidity/support measures",0.15371353161902973,0.022849973209819914,0.1514013785012099,0.4013679095791367,0.1554015556784368,0.018783500983801948,0.1392897997166348,0.3998807362790619,0.15455754364873325,0.02081673709681093,0.14534558910892237,0.40062432292909933,-0.10160798018046846,86.2003,0.1545575436487337,-0.09663539454037862,-4.440892098500626e-14
VKTX,True,31.809999465942383,-3.6936099256509314,1.1330310424070513,2.7904852262303494,8.772352320275905,45.64515349713911,33.71244896253754,33.7406286511255,-6.019964502559116,-2.959119430984003,0.17513106651009774,33.64690017700195,31.420000076293945,43.099998474121094,260066785.76942444,2512,32.24718284097083,32.05,2026-09-29 19:59:10-04:00,33.209883516666665,after_hours,0.754481414922914,393559.0,32.2199,31.81,2026-09-29 16:00:00-04:00,"Vendor latest observation, no executable bid/ask or overnight-session venue feed; after-hours bar volumes and extremes may include late regular-session batches and are not reliable liquidity/support measures",0.14613600725357936,0.02400204116964785,0.12709287535682498,0.36439722789276346,0.15954346059223584,0.014370134543273683,0.16710575581400416,0.4181664438921501,0.15283973392290762,0.019186087856460768,0.14709931558541456,0.3912818358924568,-0.6817629703652538,32.0614,0.1528397339229077,-0.035556775437139976,-8.326672684688674e-15
SMTC,True,180.10000610351562,3.0438307365687756,0.8241703284174458,11.470987586373525,6.3692322030130155,60.628308172626774,164.91827117673847,151.27479748105378,32.39342464059085,35.45426971216597,0.4016522299437293,184.4499969482422,177.17999267578125,190.63999938964844,534828237.9046631,2512,180.5483379904441,180.7288,2026-09-29 19:53:53-04:00,38.4837975,after_hours,0.3491359662269877,120711.0,183.0,177.408,2026-09-29 16:00:00-04:00,"Vendor latest observation, no executable bid/ask or overnight-session venue feed; after-hours bar volumes and extremes may include late regular-session batches and are not reliable liquidity/support measures",0.14582918644588946,0.01874397544019787,0.1424409859674411,0.4099353634471158,0.15332928728707304,0.013761508310189949,0.1458600225552455,0.43911844491281166,0.14957923686648125,0.01625274187519391,0.1441505042613433,0.42452690417996375,1.3234897878201572,181.0,0.1495792368664816,-0.1498342541436437,-3.608224830031759e-14
LITE,True,973.489990234375,5.662525777734162,1.3573304727123576,63.270673428465436,6.499365588056283,57.33880576495179,919.3309894087829,885.9078426745139,3.3594159632068354,6.420261034781949,0.6055920054611651,998.8800048828125,934.5050048828125,1026.760009765625,4075829674.189453,2512,974.4163776005956,980.38,2026-09-29 19:59:58-04:00,32.399234066666665,after_hours,0.7077638018616161,,981.9,971.0,2026-09-29 16:00:01-04:00,"Vendor latest observation, no executable bid/ask or overnight-session venue feed; after-hours bar volumes and extremes may include late regular-session batches and are not reliable liquidity/support measures",0.1466021063157059,0.020010543919296696,0.14210783132809954,0.4086516049994474,0.14778328361162224,0.01564673461932228,0.13273476277422425,0.42613495688588277,0.14719269496366405,0.017828639269309488,0.1374212970511619,0.4173932809426651,0.8559890055038675,980.0,0.1471926949636645,0.03877551020408099,-4.440892098500626e-14
APLD,True,25.40999984741211,3.587440424515309,1.0271191819532266,1.7037433008121199,6.7050110627436235,44.940038620944456,26.508905271541312,28.212637175064604,-3.0608450715751134,0.0,0.7903223573602906,25.670000076293945,24.43000030517578,29.149999618530273,406668124.46878433,1119,25.156559452778833,25.5633,2026-09-29 19:59:47-04:00,32.59518011666667,after_hours,0.6033063892501467,,25.61,25.27,2026-09-29 16:00:01-04:00,"Vendor latest observation, no executable bid/ask or overnight-session venue feed; after-hours bar volumes and extremes may include late regular-session batches and are not reliable liquidity/support measures",0.13929232910700126,0.02154516222624044,0.13536147148234826,0.34771998414404043,0.15360001292036396,0.01980727007769157,0.13557234305451143,0.34593166777794127,0.14644617101368262,0.020676216151966006,0.13546690726842986,0.3468258259609909,-0.6449947146412197,25.52,0.1464461710136825,0.16967084639498697,1.1102230246251565e-14
ACMR,True,75.61000061035156,-0.4476581323924478,0.6383707746056914,4.911807442043886,6.4962404475518865,51.15070800589443,74.26965174912242,76.86889779210868,0.7705212113413129,3.8313662829164263,0.2000007775173095,78.75,74.82499694824219,82.77999877929688,78961438.45127106,2237,75.6970149517086,75.61,2026-09-29 19:30:05-04:00,62.28504401666667,after_hours,-8.072365553779548e-07,,76.1,74.5,2026-09-29 16:00:01-04:00,"Vendor latest observation, no executable bid/ask or overnight-session venue feed; after-hours bar volumes and extremes may include late regular-session batches and are not reliable liquidity/support measures",0.1459036405486948,0.018105328168443523,0.14717901845510448,0.399295594453557,0.14205388533652383,0.01802957938264205,0.1321623061617954,0.39527790616782454,0.1439787629426093,0.018067453775542787,0.13967066230844993,0.3972867503106908,0.2728830226030611,75.61,0.1439787629426087,0.0,6.106226635438361e-14
RCAT,True,6.449999809265137,-0.7692337036132812,0.6139985496837088,0.46596710381379064,7.224296396791356,31.668388643658197,7.395492746377525,8.297399750748001,-27.97353779927012,-24.912692727695006,0.13333220305218296,6.644999980926514,6.420000076293945,8.979999542236328,63806940.35709143,2512,6.4809150146592645,6.49,2026-09-29 19:59:40-04:00,32.70429171666667,after_hours,0.6201580142282337,,6.5,6.43,2026-09-29 16:00:01-04:00,"Vendor latest observation, no executable bid/ask or overnight-session venue feed; after-hours bar volumes and extremes may include late regular-session batches and are not reliable liquidity/support measures",0.12557631748087422,0.0187532374356037,0.13416732717763466,0.33443343714332063,0.1521081999055732,0.02040520750578207,0.1539746975965069,0.35953810028263344,0.1388422586932237,0.019579222470692888,0.14407101238707076,0.34698576871297704,-2.029098040127368,6.49,0.1388422586932239,0.0,-1.942890293094024e-14
RDW,True,10.729999542236328,-4.196431027079162,1.0645649055655133,0.7416060219062888,6.911519604330985,45.559405953736245,11.167336044358406,11.293469756437574,-2.7804737303979365,0.2803713411771769,0.08333325054910777,11.609999656677246,10.649999618530273,12.069999694824219,141111057.56286144,1433,10.933021973076555,10.83,2026-09-29 19:59:33-04:00,32.82069286666667,after_hours,0.9319707551714407,1125947.0,10.83,10.6846,2026-09-29 16:00:02-04:00,"Vendor latest observation, no executable bid/ask or overnight-session venue feed; after-hours bar volumes and extremes may include late regular-session batches and are not reliable liquidity/support measures",0.11939829516602223,0.015335838923398579,0.12296945318822858,0.37432029297152697,0.12585640513077637,0.01505218426499911,0.1273653646189961,0.4194997182104665,0.12262735014839929,0.015194011594198843,0.12516740890361233,0.39691000559099676,-0.5897154138499436,10.7997,0.1226273501483998,0.2805633489819215,-5.134781488891349e-14
LUNR,True,14.550000190734863,-4.276313333465087,0.9276779227786967,1.0402020240058711,7.149154710446328,44.8276519474896,15.191529138518717,16.263008943972075,-8.334279212507944,-5.273434140932832,0.009950475366263086,15.545000076293945,14.539999961853027,16.260000228881836,106216957.09479332,1220,14.833355945902442,14.66,2026-09-29 19:59:36-04:00,32.77056315,after_hours,0.75601242490142,592693.0,14.66,14.55,2026-09-29 16:00:00-04:00,"Vendor latest observation, no executable bid/ask or overnight-session venue feed; after-hours bar volumes and extremes may include late regular-session batches and are not reliable liquidity/support measures",0.11636626360004139,0.015546595169448124,0.12050688600700733,0.3491694368068323,0.12797859855061855,0.015821223706752333,0.13305187268862326,0.39073739411022906,0.12217243107532996,0.01568390943810023,0.1267793793478153,0.36995341545853067,-0.6167349543440547,14.66,0.1221724310753306,0.0,-6.38378239159465e-14
KRMN,True,32.86000061035156,-2.4346784067522886,0.6299772191600319,2.620255573037332,7.9739973352645,31.42429004231633,37.45381002734025,43.777450826777866,-23.78460862882028,-20.723763557245167,0.18137228319305573,34.529998779296875,32.4900016784668,45.220001220703125,156932090.89784622,408,33.21967818620675,33.0,2026-09-29 19:58:49-04:00,33.563390866666666,after_hours,0.42604804335983903,602968.0,33.73,32.7656,2026-09-29 16:00:02-04:00,"Vendor latest observation, no executable bid/ask or overnight-session venue feed; after-hours bar volumes and extremes may include late regular-session batches and are not reliable liquidity/support measures",0.10700920545709128,0.015814180606520102,0.115073696728835,0.30510944517011956,0.13584943915470138,0.017762811889086,0.1473055190412766,0.35823214429782413,0.12142932230589633,0.01678849624780305,0.1311896078850558,0.3316707947339719,-1.7531913544080995,33.24,0.1214293223058963,-0.7220216606498298,2.7755575615628914e-15
OKLO,True,37.11000061035156,0.0,0.7569999345043682,2.3692542840917565,6.384409175759675,42.857366331981886,38.993615234015735,42.11746902112248,-11.589312191366762,-8.52846711979165,0.20437883036278634,38.20000076293945,36.83000183105469,44.779998779296875,383304159.6046257,1313,37.320527946028534,37.2268,2026-09-29 19:58:58-04:00,33.41197531666667,after_hours,0.3147383123886405,1158613.0,37.35,37.08,2026-09-29 16:00:02-04:00,"Vendor latest observation, no executable bid/ask or overnight-session venue feed; after-hours bar volumes and extremes may include late regular-session batches and are not reliable liquidity/support measures",0.11132089814915173,0.016127159284833735,0.12154142135902081,0.2968598233490097,0.13075715449630704,0.016538056739266414,0.13526181152739142,0.33796483489060863,0.12103902632272939,0.016332608012050075,0.1284016164432061,0.31741232911980916,-0.7950242556536088,37.2318,0.1210390263227299,-0.013429380260965296,-5.134781488891349e-14
SEI,True,68.33999633789062,-1.1713740710260767,0.7946792274552987,4.185312571747601,6.124250506327704,57.4023149660448,65.03067443738145,62.79092977450004,31.811046010172305,34.87189108174742,0.1794913596348223,71.21990203857422,67.70999908447266,72.16899871826172,182127351.70850754,2358,68.92697827307182,67.5,2026-09-29 19:14:12-04:00,78.18018985,after_hours,-1.2291430829721839,197799.0,69.9,67.5,2026-09-29 16:00:03-04:00,"Vendor latest observation, no executable bid/ask or overnight-session venue feed; after-hours bar volumes and extremes may include late regular-session batches and are not reliable liquidity/support measures",0.10970783977464307,0.014756936710311036,0.11645921440852981,0.3423791375271287,0.12429233026653223,0.013220127141073587,0.12607988011572221,0.3781493743216913,0.11700008502058765,0.013988531925692311,0.12126954726212602,0.36026425592441,0.790698865085565,67.5,0.117000085059342,0.0,-3.875434695377322e-09
INTC,True,115.93000030517578,-0.08618329326306462,0.8056282755594371,6.291791752590774,5.427233447794507,58.40940185859422,110.19289882465888,104.63804736160976,26.455407345372862,29.516252416947975,0.4100417541865914,118.75,113.97000122070312,127.44000244140625,11541514503.655813,2512,116.55104608989916,116.7893,2026-09-29 19:59:59-04:00,32.38406805,after_hours,0.7412228867093695,686767.0,116.88,115.79,2026-09-29 16:00:01-04:00,"Vendor latest observation, no executable bid/ask or overnight-session venue feed; after-hours bar volumes and extremes may include late regular-session batches and are not reliable liquidity/support measures",0.10626672627860008,0.013131586123954032,0.11511909970952393,0.345963779342178,0.1149068832922993,0.013275255980992108,0.11047198824570437,0.3467510972692909,0.11058680478544969,0.013203421052473071,0.11279554397761415,0.3463574383057344,0.9118390604956894,116.69,0.1105868047854197,0.08509726626102498,2.998989945268704e-12
ONTO,True,304.69000244140625,5.524005245717567,0.7706111403265167,15.51996897687639,5.093691572588101,60.70817069482586,278.2124957869871,281.3261815311242,10.965580655334527,14.026425726909642,0.9893684138423324,304.7799987792969,296.31500244140625,292.3599853515625,224745158.4867096,1739,301.35872899304707,305.0,2026-09-29 17:35:58-04:00,176.40006356666666,after_hours,0.10174195284053944,75864.0,305.0,304.0,2026-09-29 16:00:02-04:00,"Vendor latest observation, no executable bid/ask or overnight-session venue feed; after-hours bar volumes and extremes may include late regular-session batches and are not reliable liquidity/support measures",0.11602379522880436,0.014588803679702195,0.12417799492242142,0.31842596983193694,0.104281092606742,0.014566115899256181,0.10030723833377589,0.281920931036285,0.11015244391777318,0.014577459789479188,0.11224261662809865,0.300173450434111,1.70602832350172,305.0,0.1101524439177726,0.0,5.828670879282072e-14
TEM,True,82.58000183105469,-2.938410844142092,0.9044282704793479,4.926189883374136,5.965354533961289,67.52306015057374,73.61967316574096,65.22557725239452,27.914575753671265,30.97542082524638,0.10943957851494986,89.08999633789062,81.77999877929688,86.44000244140625,501147426.18911743,574,84.21537346777387,82.6,2026-09-29 19:59:11-04:00,33.1922816,after_hours,0.02421672136339037,288737.0,82.77,82.0,2026-09-29 16:00:00-04:00,"Vendor latest observation, no executable bid/ask or overnight-session venue feed; after-hours bar volumes and extremes may include late regular-session batches and are not reliable liquidity/support measures",0.1114202371617789,0.01227234738680987,0.11507666166599664,0.381882034362554,0.10821276697785052,0.009339621992942087,0.12455391285351863,0.3954718690987653,0.10981650206981472,0.010805984689875979,0.11981528725975764,0.38867695173065964,1.818916622673191,82.57,0.1098165020698147,0.03633280852610721,1.3877787807814457e-15
TSEM,True,234.42999267578125,3.7117322769639083,0.5999134661881856,13.550277162674965,5.780095374321458,55.51601924783542,222.09033968122316,224.84551469258304,11.267362286026072,14.328207357601187,0.6687886430527951,237.5500030517578,228.1300048828125,240.0,428075573.39920044,2512,234.20215236289263,235.0,2026-09-29 19:53:14-04:00,39.135177033333335,after_hours,0.2431460743195446,163809.0,236.5,231.1185,2026-09-29 16:00:00-04:00,"Vendor latest observation, no executable bid/ask or overnight-session venue feed; after-hours bar volumes and extremes may include late regular-session batches and are not reliable liquidity/support measures",0.10712948102514237,0.01392910302259154,0.11842171959334895,0.2969715923073497,0.1072649188547745,0.011903754881112177,0.11488920581100596,0.30275576161569256,0.10719719993995844,0.012916428951851858,0.11665546270217746,0.29986367696152116,0.9106568704401408,234.44,0.1071971999399588,0.23886708752771657,-3.608224830031759e-14
MSTR,True,154.6699981689453,-1.5718475437806578,0.6723261903178614,8.753047306635525,5.659175929564965,60.335077289359084,144.9303674134981,130.4006628400427,13.284871288041057,16.34571635961617,0.2510778165459227,161.6199951171875,152.33999633789062,171.19000244140625,3484475134.7968674,2512,155.10192714850137,155.83,2026-09-29 19:59:41-04:00,32.690989683333335,after_hours,0.7499850292799648,1365319.0,156.05,154.4,2026-09-29 16:00:01-04:00,"Vendor latest observation, no executable bid/ask or overnight-session venue feed; after-hours bar volumes and extremes may include late regular-session batches and are not reliable liquidity/support measures",0.10278845272042283,0.013471572776715497,0.10782835952469744,0.30316828622370945,0.10885171167798369,0.010471927993150606,0.12312628216089805,0.34672223170482286,0.10582008219920326,0.01197175038493305,0.11547732084279774,0.3249452589642662,1.112713140264167,155.59,0.1058200821992035,0.1542515585834625,-2.3592239273284576e-14
CIEN,True,354.9200134277344,3.1174673611139347,0.779425735728938,21.808564638966118,6.144642120444015,48.04748455575398,355.9623440278672,378.2402329555818,-10.344015200700829,-7.283170129125716,0.8869432416023194,356.2099914550781,344.79998779296875,382.94000244140625,977347997.8213501,2512,349.5482659998773,356.0,2026-09-29 19:58:28-04:00,33.90088003333333,after_hours,0.3042901305664314,213756.0,356.0,347.3115,2026-09-29 16:00:02-04:00,"Vendor latest observation, no executable bid/ask or overnight-session venue feed; after-hours bar volumes and extremes may include late regular-session batches and are not reliable liquidity/support measures",0.09796705714407396,0.013116466777214777,0.10807874097640782,0.2823566374824352,0.09615692927758758,0.01136006709492664,0.11358543980843917,0.28711274252759933,0.09706199321083077,0.012238266936070708,0.1108320903924235,0.2847346900050173,-0.04779455307528272,355.96,0.0970619932108309,0.011237217664916699,-1.2490009027033011e-14
PL,True,16.3799991607666,-2.325589065899636,0.8022318713141623,1.0647134058501948,6.500082175830618,36.32258747793205,17.65245039609624,20.56096068035446,-20.541959197610215,-17.481114126035102,0.24999914850426258,17.219999313354492,16.100000381469727,20.3799991607666,226299440.54463387,1364,16.35815836283843,16.39,2026-09-29 19:56:10-04:00,36.20415298333333,after_hours,0.061055187703273894,2130741.0,16.44,16.3155,2026-09-29 16:00:02-04:00,"Vendor latest observation, no executable bid/ask or overnight-session venue feed; after-hours bar volumes and extremes may include late regular-session batches and are not reliable liquidity/support measures",0.08913252856755481,0.011930171064337405,0.10344850597448729,0.27414539340495025,0.10336603828833148,0.014803570418212952,0.11970688290459224,0.30543492663781463,0.09624928342794314,0.01336687074127518,0.11157769443953977,0.28979016002138247,-1.1951114998064285,16.3982,0.0962492834279434,-0.05000548840725649,-2.4980018054066022e-14
MRVL,True,263.2699890136719,4.513694082049047,0.8798619860477078,13.453887947372536,5.1103006452717485,61.56423554190296,243.6172489717802,232.0102732566399,21.322592733685376,24.38343780526049,0.8502990850798575,264.3949890136719,256.8800048828125,267.4800109863281,4318353990.056839,2512,261.82824602149833,264.9,2026-09-29 19:59:56-04:00,32.4317641,after_hours,0.6191404468222306,1321452.0,264.99,262.4761,2026-09-29 16:00:00-04:00,"Vendor latest observation, no executable bid/ask or overnight-session venue feed; after-hours bar volumes and extremes may include late regular-session batches and are not reliable liquidity/support measures",0.09626338974620034,0.011151957589916795,0.10922718043696038,0.3083164779511978,0.09498485168010512,0.011987432674294645,0.09817988480926296,0.29921061445061997,0.09562412071315274,0.01156969513210572,0.10370353262311166,0.3037635462009089,1.4607480097030037,264.74,0.0956241207120974,0.060436654831153014,1.0553363738452504e-10
GLW,True,158.7100067138672,4.696886699638303,0.8564984761878652,8.1888942758432,5.159658452164693,53.1785064860284,154.3512905975861,157.65892791742885,3.6493084099126882,6.710153481487802,0.5373933211616848,161.3699951171875,155.6199951171875,171.3000030517578,1335222603.0485535,2512,158.33587394988623,160.45,2026-09-29 19:59:26-04:00,32.94699516666667,after_hours,1.096334958431311,7287780.0,160.68,158.71,2026-09-29 16:04:24-04:00,"Vendor latest observation, no executable bid/ask or overnight-session venue feed; after-hours bar volumes and extremes may include late regular-session batches and are not reliable liquidity/support measures",0.09446375670941819,0.01269081462620781,0.10865026504040401,0.26219973916530825,0.09519302227448931,0.011221633631651831,0.11083080989693159,0.2829136284531165,0.09482838949195374,0.01195622412892982,0.1097405374686678,0.2725566838092124,0.5322716314874257,160.4,0.0948283894550217,0.031172069825435855,3.69320407589413e-09
WDC,True,453.4800109863281,0.05515963063786877,0.9176185443678063,26.98204617911234,5.949996808111972,48.77699690191483,453.5831918561113,470.54658949825216,-2.3782121570539383,0.6826329145211751,0.34621634549231084,465.6600036621094,447.0299987792969,495.489990234375,2951261165.205536,2512,452.6756213951361,454.5,2026-09-29 19:58:54-04:00,33.46549216666667,after_hours,0.22492480130564818,464427.0,455.0,452.0,2026-09-29 16:00:01-04:00,"Vendor latest observation, no executable bid/ask or overnight-session venue feed; after-hours bar volumes and extremes may include late regular-session batches and are not reliable liquidity/support measures",0.09777898118300062,0.011690252111186615,0.11136063379898621,0.30668439448762413,0.08899484196325254,0.010304335237953302,0.11013999950508643,0.3080239599987121,0.09338691157312658,0.010997293674569959,0.11075031665203633,0.30735417724316816,-0.0038240565262628195,454.3,0.0933869116242345,0.04402377283732051,-5.110792344886761e-09
PATH,True,12.319999694824219,1.0664488836416464,0.6293294182743173,0.7825609808793106,6.351956170973559,34.28544799987259,13.789414877877107,13.985293171833789,-37.07263058588038,-34.011785514305274,0.9166649006061119,12.350000381469727,11.989999771118164,18.829999923706055,844743605.6854677,1367,12.192313076043463,12.33,2026-09-29 19:59:27-04:00,32.923902149999996,after_hours,0.0811713102556455,1300097.0,12.33,12.1967,2026-09-29 16:00:02-04:00,"Vendor latest observation, no executable bid/ask or overnight-session venue feed; after-hours bar volumes and extremes may include late regular-session batches and are not reliable liquidity/support measures",0.08534891393329033,0.012409334556113755,0.09884560355998127,0.24663814557945232,0.09874935602054706,0.012052187509441791,0.12096741747234302,0.27584597165486174,0.09204913497691869,0.012230761032777773,0.10990651051616215,0.26124205861715705,-1.8777005485269738,12.304,0.0920491349769188,0.2113133940182088,-1.1102230246251565e-14
FN,True,424.1199951171875,3.4539964770345044,0.9620062059528321,21.60422425337507,5.093894299278595,51.31309002470711,412.17648824156396,448.08752211035016,-0.3509420275033648,2.7099030440717486,0.9620925013303718,424.6199951171875,411.42999267578125,428.5,310977499.62783813,2512,418.72912678597214,424.22,2026-09-29 19:18:57-04:00,73.41891078333333,after_hours,0.023579384128047387,87873.0,424.22,422.52,2026-09-29 16:00:03-04:00,"Vendor latest observation, no executable bid/ask or overnight-session venue feed; after-hours bar volumes and extremes may include late regular-session batches and are not reliable liquidity/support measures",0.09739824549633773,0.013078027079244764,0.10749329173087313,0.26388749093236535,0.08638733473545565,0.011611259692120181,0.10219116486171975,0.260033458969532,0.09189279011589668,0.012344643385682473,0.10484222829629644,0.26196047495094865,0.5528320172735521,424.22,0.0918927901158968,0.0,-1.1102230246251565e-14
RBLX,True,41.18000030517578,-1.624463199380899,1.5905002683037606,2.524431696515471,6.130237197201242,40.34242970882605,45.39265084041865,44.91548033544369,-3.3272548751898112,-0.2664098036146978,0.27702700961149357,42.25,40.77000045776367,51.959999084472656,531472030.4586601,1396,41.68340926594531,41.3535,2026-09-29 19:55:37-04:00,36.75882701666667,after_hours,0.42132028542605227,18151663.0,41.5695,41.17,2026-09-29 16:04:01-04:00,"Vendor latest observation, no executable bid/ask or overnight-session venue feed; after-hours bar volumes and extremes may include late regular-session batches and are not reliable liquidity/support measures",0.08178774765205438,0.0127675210651422,0.08684957197182455,0.2404818244701486,0.10035703151621514,0.011758452287756032,0.1142007655913892,0.31855099910430434,0.09107238958413476,0.012262986676449115,0.10052516878160687,0.27951641178722647,-1.6687520367683892,41.21,0.0910723895841348,0.34821645231739584,-4.163336342344337e-15
HIMS,True,28.700000762939453,-0.2779705413390676,0.6939750645395892,1.7016188539925625,5.928985396369316,48.40280196804411,28.903496018171126,29.412683249504983,-6.035825338770284,-2.974980267195171,0.2632096310748932,29.83370018005371,28.295000076293945,31.809999465942383,268962784.7815895,1770,28.89407613587353,28.73,2026-09-29 19:53:21-04:00,39.02588098333333,after_hours,0.10452695562044312,390050.0,30.5922,28.61,2026-09-29 16:00:03-04:00,"Vendor latest observation, no executable bid/ask or overnight-session venue feed; after-hours bar volumes and extremes may include late regular-session batches and are not reliable liquidity/support measures",0.09254776727855551,0.01089978181176702,0.10795295876607303,0.28590679859063434,0.08603117481967526,0.010505226157878392,0.10806645571457933,0.2801711683839394,0.08928947104911539,0.010702503984822706,0.10800970724032619,0.28303898348728684,-0.11958921044757176,28.67,0.0892894710491151,0.20927799093128918,2.914335439641036e-14
CLS,True,366.4700012207031,2.787984875168781,1.042526923802441,19.491978742760416,5.31884702099301,60.5787465328629,341.28280665426996,335.01981512225484,19.340627437274627,22.40147250884974,0.35125137924757693,375.2799987792969,361.70001220703125,381.29998779296875,763629907.6142883,2512,367.13297118779576,369.74,2026-09-29 19:56:38-04:00,35.73544436666667,after_hours,0.892296441292495,472154.0,369.938,365.95715,2026-09-29 16:00:02-04:00,"Vendor latest observation, no executable bid/ask or overnight-session venue feed; after-hours bar volumes and extremes may include late regular-session batches and are not reliable liquidity/support measures",0.08579360020203493,0.011005673825512631,0.09919944241998696,0.2798060568139749,0.08835912940639425,0.0095675439039898,0.10357679324276531,0.29615164071929573,0.08707636480421459,0.010286608864751214,0.10138811783137613,0.2879788487666353,1.2921825382037226,369.938,0.0870763648042148,-0.05352248214565147,-2.0816681711721685e-14
ONDS,True,7.480000019073486,-2.6041642413474064,0.7648865759836222,0.4352261755364877,5.818531743672337,45.82283260639155,7.601602001569569,7.939298382018861,-5.346935025049393,-2.2860899534742796,0.02272778995759401,7.909999847412109,7.46999979019165,7.980000019073486,473271138.0727768,1460,7.574416996951813,7.51,2026-09-29 19:59:51-04:00,32.5210888,after_hours,0.4010692627007373,1970024.0,7.51,7.45,2026-09-29 16:00:00-04:00,"Vendor latest observation, no executable bid/ask or overnight-session venue feed; after-hours bar volumes and extremes may include late regular-session batches and are not reliable liquidity/support measures",0.08754167239978827,0.010775611664908216,0.10447010114232085,0.28561640073482514,0.08551011888190063,0.011188089664748534,0.10649763790293243,0.3157323872620397,0.08652589564084445,0.010981850664828374,0.10548386952262664,0.30067439399843243,-0.27939951531221296,7.5,0.0865258956408447,0.13333333333334085,-2.4980018054066022e-14
CAMT,True,152.82000732421875,7.159390414535971,0.9091413108045674,7.646891286820922,5.0038548097943005,55.6860729027987,145.7456113492663,148.34900942720685,10.983936513662762,14.044781585237875,0.7396180424370209,154.4499969482422,148.19000244140625,152.7100067138672,53598902.57255554,2512,151.97854586951644,152.88,2026-09-29 19:59:36-04:00,32.766862816666666,after_hours,0.03925708212666468,30079.0,156.98,150.1,2026-09-29 16:00:00-04:00,"Vendor latest observation, no executable bid/ask or overnight-session venue feed; after-hours bar volumes and extremes may include late regular-session batches and are not reliable liquidity/support measures",0.08668456721531739,0.01150187010539766,0.10107842835173525,0.23678950450557165,0.08017347647428395,0.010744472577244051,0.09864547111261461,0.2494357958625693,0.08342902184480067,0.011123171341320855,0.09986194973217494,0.24311265018407047,0.9251335882262176,152.82,0.0834290218448008,0.039261876717699984,-1.3877787807814457e-14
TER,True,403.0199890136719,0.428607344386589,0.8807387470026875,19.94525133536381,4.948948409277833,59.289394587384194,377.9231515916505,373.46886182918934,12.18794086436754,15.248785935942655,0.20164837610377145,415.6099853515625,399.8399963378906,401.9700012207031,902943687.0887756,2512,405.51422618419315,404.95,2026-09-29 19:59:13-04:00,33.15032993333333,after_hours,0.4788871616644874,5800.0,406.18,399.17,2026-09-29 16:00:00-04:00,"Vendor latest observation, no executable bid/ask or overnight-session venue feed; after-hours bar volumes and extremes may include late regular-session batches and are not reliable liquidity/support measures",0.08433400306343346,0.010198893472860323,0.10109363532390238,0.2768236488859928,0.08235682531957239,0.009875028223833146,0.09789482163651107,0.2882049060961281,0.08334541419150293,0.010036960848346734,0.09949422848020673,0.28251427749106045,1.2582863459596318,404.0,0.0833454141863735,0.2351485148514909,5.129424662797533e-10
RKLB,True,69.69999694824219,-3.449238688120426,0.9297748186168396,3.9129142996944997,5.613937548089351,50.90750340669865,68.9303703830768,72.22881825737218,5.981706469211723,9.042551540786835,0.061854745720852165,74.25,69.4000015258789,75.45999908447266,1326354633.1516266,1467,70.83170168675201,70.07,2026-09-29 19:59:58-04:00,32.40363696666667,after_hours,0.5308508865969674,1708750.0,70.24,69.6,2026-09-29 16:00:01-04:00,"Vendor latest observation, no executable bid/ask or overnight-session venue feed; after-hours bar volumes and extremes may include late regular-session batches and are not reliable liquidity/support measures",0.08208700343651394,0.009778444550533694,0.0986471204269629,0.2844368592165004,0.08174293919861207,0.011179539242902428,0.09874933566058458,0.2984875115494054,0.081914971317563,0.010478991896718061,0.09869822804377373,0.2914621853829529,0.19668883758212397,70.19,0.0819149713175634,-0.1709645248610947,-3.885780586188048e-14
CDNA,True,64.0199966430664,-0.8978356729946957,0.6285867728127122,2.856602022516021,4.46204650469222,77.87047779764681,55.606068373835676,48.577738921699066,24.698077026385022,27.758922097960138,0.4352011309789963,65.4800033569336,62.89500045776367,65.49500274658203,69156291.13010406,2512,63.76994747040262,64.0,2026-09-29 19:57:11-04:00,35.192945466666664,after_hours,-0.031234995493512052,,65.0,63.47,2026-09-29 16:00:01-04:00,"Vendor latest observation, no executable bid/ask or overnight-session venue feed; after-hours bar volumes and extremes may include late regular-session batches and are not reliable liquidity/support measures",0.07264649817643236,0.00785831506315285,0.08540580375967381,0.2947825629173445,0.08762714307845038,0.01099397401369314,0.0977636037629985,0.3437143180767745,0.08013682062744137,0.009426144538422995,0.09158470376133615,0.31924844049705947,2.9454324413801123,64.99,0.080136820627436,-1.523311278658246,5.370703881624195e-13
VRT,True,248.33999633789062,1.762007527477727,0.6101772803398554,12.429235146819149,5.004926846301459,46.104535465374994,252.6584383710674,265.19173318552333,-7.049372689309619,-3.9885276177345053,0.20576107569104024,254.1300048828125,246.83999633789062,295.3399963378906,1358816773.4403229,2050,250.1771517047188,249.89,2026-09-29 19:59:35-04:00,32.78571355,after_hours,0.6241458021125412,299737.0,261.5636,248.34,2026-09-29 16:00:03-04:00,"Vendor latest observation, no executable bid/ask or overnight-session venue feed; after-hours bar volumes and extremes may include late regular-session batches and are not reliable liquidity/support measures",0.07254770035819803,0.0096590755287833,0.09409325726039837,0.21725335206933719,0.07500806310107692,0.009271547731489686,0.10460134682112222,0.2479102400770135,0.07377788172963748,0.009465311630136492,0.0993473020407603,0.23258179607317536,-0.3474422989158703,249.9691,0.0737778817107615,-0.03164391118742893,1.8875984109101296e-09
COIN,True,190.02000427246094,-0.9228787088131463,0.5845434321370965,11.03468000339439,5.807114911739646,53.909388008194,186.2547524589632,177.53746435555567,-2.050846557546948,1.0099985140281653,0.1968937198067633,197.6300048828125,188.154296875,208.3300018310547,1837390286.4231873,1372,191.2752025371217,190.1768,2026-09-29 19:59:29-04:00,32.89112416666667,after_hours,0.08251537944090614,2298.0,190.593,189.38,2026-09-29 16:00:01-04:00,"Vendor latest observation, no executable bid/ask or overnight-session venue feed; after-hours bar volumes and extremes may include late regular-session batches and are not reliable liquidity/support measures",0.06863732102428013,0.008621545068533179,0.08550825272017343,0.2336417519681745,0.0777597609456492,0.008446301742486305,0.10331547198206983,0.2870911349705069,0.07319854098496467,0.008533923405509743,0.09441186235112163,0.2603664434693407,0.3412198461885173,190.46,0.0731985409849648,-0.14869263887431483,-1.2490009027033011e-14
MU,True,1065.0799560546875,1.053148616826749,0.7477521154193457,46.92536282619738,4.40580658376299,59.65751472336434,1015.5300078089573,969.1391000723165,8.031952457708357,11.092797529283471,0.295673735279158,1082.659912109375,1057.699951171875,1108.719970703125,25009060989.732666,2512,1070.035452856903,1071.88,2026-09-29 19:59:56-04:00,32.43150073333333,after_hours,0.6384538462728795,1453155.0,1124.5815,1064.5002,2026-09-29 16:00:00-04:00,"Vendor latest observation, no executable bid/ask or overnight-session venue feed; after-hours bar volumes and extremes may include late regular-session batches and are not reliable liquidity/support measures",0.0722603427982278,0.008188891762553413,0.09342320341168779,0.26469863225651313,0.07405904626901325,0.00994370358230671,0.08693603877314908,0.27657964412133257,0.07315969453362052,0.00906629767243006,0.09017962109241844,0.2706391381889228,1.0559310628935101,1071.4,0.0731596945311668,0.04480119469851829,2.4537177845118663e-10
ORCL,True,137.7899932861328,3.9140173029596825,1.324784756408427,7.2780709369877465,5.282002534011453,43.07895679653403,144.3441744043678,147.0853664122688,-10.658754273591175,-7.597909202016062,0.4714641151475417,143.66990661621094,132.5449981689453,170.6999969482422,5062245279.948044,2512,138.98413007747965,138.91,2026-09-29 19:59:22-04:00,33.004810049999996,after_hours,0.8128360319616279,44682654.0,139.18,137.76,2026-09-29 16:04:32-04:00,"Vendor latest observation, no executable bid/ask or overnight-session venue feed; after-hours bar volumes and extremes may include late regular-session batches and are not reliable liquidity/support measures",0.07154319864376799,0.010213801608645838,0.08911978605592255,0.22281664655704572,0.07464095220807862,0.009384972755803678,0.09897252839906803,0.25650893303673855,0.0730920754259233,0.00979938718222476,0.09404615722749529,0.23966278979689215,-0.9005382298386394,138.9015,0.073092075426257,0.006119444354446557,-3.336914078388986e-11
AMD,True,607.5700073242188,-0.049350649872248464,0.7432559626056405,24.94908240358057,4.106371628424861,65.52487340648648,560.6275543608036,522.5649493274756,26.011640853948958,29.07248592552407,0.12288171208741473,624.1300048828125,605.25,639.0,11993444786.605988,2512,613.3675218855661,609.0387,2026-09-29 19:59:58-04:00,32.39802675,after_hours,0.24173225440298207,1441809.0,617.8584,561.1174,2026-09-29 16:00:01-04:00,"Vendor latest observation, no executable bid/ask or overnight-session venue feed; after-hours bar volumes and extremes may include late regular-session batches and are not reliable liquidity/support measures",0.0713037298410025,0.007980875611813336,0.09080445654681446,0.26333235367661795,0.072432725232323,0.009133707689204679,0.0871072441641017,0.2752510187138674,0.07186822753666275,0.008557291650509008,0.08895585035545808,0.2692916861952427,1.881530238429858,609.0,0.071868227536663,0.006354679802944574,-2.4980018054066022e-14
TEAM,True,175.9600067138672,-1.445046863047017,1.3171773293517932,9.315459470364484,5.294077696594191,47.72534104678948,183.2844882687105,161.89294553068686,-12.439220529576511,-9.378375458001397,0.690830198284352,179.5,168.0500030517578,200.0,624155297.7794647,2512,174.04942609614835,175.6578,2026-09-29 19:52:18-04:00,40.07350965,after_hours,-0.17174738709723192,,176.645,173.03,2026-09-29 16:00:00-04:00,"Vendor latest observation, no executable bid/ask or overnight-session venue feed; after-hours bar volumes and extremes may include late regular-session batches and are not reliable liquidity/support measures",0.07089998236979748,0.00979773925186388,0.08046908947816062,0.2695129406469401,0.07265281966717613,0.010152528149508773,0.08738478237714542,0.2898656328947115,0.07177640101848681,0.009975133700686326,0.08392693592765302,0.27968928677082583,-0.7862716356766816,176.5,0.0717764010184862,-0.47716713881019723,6.106226635438361e-14
RDDT,True,145.36000061035156,1.5935132444218514,1.02421223691138,7.5292705226091075,5.179740293749643,42.185045082221286,152.8389937430705,157.96255248052847,-4.718376354106246,-1.6575312825311328,0.650468089080707,147.52999877929688,141.3217010498047,166.17999267578125,739094648.4422302,633,144.43893596689395,145.8727,2026-09-29 19:50:53-04:00,41.49203455,after_hours,0.3527100904620717,4875788.0,145.8999,145.0,2026-09-29 16:04:35-04:00,"Vendor latest observation, no executable bid/ask or overnight-session venue feed; after-hours bar volumes and extremes may include late regular-session batches and are not reliable liquidity/support measures",0.06943351695639961,0.009803632823046414,0.08394844526194785,0.20487103121561262,0.07354507132274078,0.009150366547582976,0.09783258739225933,0.2367008353716399,0.0714892941395702,0.009476999685314694,0.0908905163271036,0.22078593329362628,-0.9933224088921754,145.8284,0.0714892941395701,0.030378170507261437,9.71445146547012e-15
LRCX,True,323.8599853515625,2.985971346840577,0.8398630955090934,14.406986109130052,4.448523053408625,59.67483153515559,303.57095495231556,307.19931878396034,4.473085298461998,7.533930370037112,0.513226773692215,328.32379150390625,319.1535949707031,322.2099914550781,2760089391.3945007,2512,323.2869627830796,325.6,2026-09-29 19:59:49-04:00,32.5497898,after_hours,0.5372737377693282,24914.0,342.873,322.76,2026-09-29 16:00:01-04:00,"Vendor latest observation, no executable bid/ask or overnight-session venue feed; after-hours bar volumes and extremes may include late regular-session batches and are not reliable liquidity/support measures",0.07216800041546449,0.008602322098356806,0.09229257626141808,0.23788380814161914,0.06974678508038666,0.009658669212610537,0.08458983272862651,0.23401708297212273,0.07095739274792558,0.009130495655483671,0.0884412044950223,0.23595044555687095,1.4082772236720138,325.0,0.070957392842081,0.18461538461538307,-9.415541957213946e-09
MTSI,True,284.2699890136719,2.0498246356701166,0.690869566863977,13.826161363115048,4.8637428843922335,54.55026039356608,274.39844454506414,281.0760803955507,4.686569355028558,7.7474144266036715,0.7211539670762227,286.29998779296875,279.0199890136719,289.260009765625,354801129.127655,2512,283.7086501085108,284.5132,2026-09-29 19:31:31-04:00,60.85157523333333,after_hours,0.08555633578204436,156556.0,286.28,283.4,2026-09-29 16:00:01-04:00,"Vendor latest observation, no executable bid/ask or overnight-session venue feed; after-hours bar volumes and extremes may include late regular-session batches and are not reliable liquidity/support measures",0.07021788538173472,0.008977577834827128,0.0879180244010235,0.22918032821730164,0.07041476027430742,0.008901284575836606,0.09128132219195084,0.2330086902932812,0.07031632282802107,0.008939431205331867,0.08959967329648717,0.2310945092552914,0.7139757890387928,284.5132,0.0703163228280215,0.0,-4.3021142204224816e-14
TWLO,True,290.7799987792969,1.3241297816905417,1.1716325394683578,14.175200655802149,4.874888477649792,66.87212961417882,259.7712732202625,237.87453835589872,20.344490731864905,23.405335803440018,0.8225131919915845,292.67999267578125,281.9750061035156,304.75,612451783.325119,2512,288.14264808857365,290.72,2026-09-29 18:13:31-04:00,138.85737203333335,after_hours,-0.020633736690534032,246493.0,290.78,289.1993,2026-09-29 16:00:02-04:00,"Vendor latest observation, no executable bid/ask or overnight-session venue feed; after-hours bar volumes and extremes may include late regular-session batches and are not reliable liquidity/support measures",0.07146678695948894,0.00784913011688456,0.08291584922727499,0.2691931322080923,0.06851980277735936,0.006902837655300046,0.08762904759464692,0.3009024128193871,0.06999329486842415,0.007375983886092303,0.08527244841096096,0.2850477725137397,2.187533447460722,290.72,0.0699932948684162,0.0,7.951972413877684e-13
APP,True,305.6600036621094,-0.8370057922412633,0.7701831577007489,15.721346010135449,5.143409612568921,40.4988035300005,318.5316991369478,347.47224472340673,-5.111730781552303,-2.0508857099771904,0.0960194969250176,313.3800048828125,304.8399963378906,338.3399963378906,1517782899.0037537,1371,307.4274769994935,306.6986,2026-09-29 19:59:14-04:00,33.13987815,after_hours,0.33978810621186906,,306.79,305.6,2026-09-29 16:00:01-04:00,"Vendor latest observation, no executable bid/ask or overnight-session venue feed; after-hours bar volumes and extremes may include late regular-session batches and are not reliable liquidity/support measures",0.06955789320488479,0.00909517181444266,0.08818450481852927,0.20912281158137053,0.06992148644537129,0.010967956356035088,0.09444237164963215,0.21690247262547901,0.06973968982512804,0.010031564085238875,0.09131343823408071,0.21301264210342477,-0.8187400408680097,306.79,0.0697396898251282,-0.02979236611363456,-1.5265566588595902e-14
HOOD,True,116.22000122070312,-0.20607750786212353,0.6251370137025707,5.937605979504845,5.108936428445963,53.604909300639584,114.98838202949426,108.34025949731934,7.825524480843438,10.88636955241855,0.30282401487228533,119.18990325927734,114.93000030517578,126.73999786376953,2653320205.6288147,1298,116.35738759862419,117.4999,2026-09-29 19:59:56-04:00,32.441256933333335,after_hours,1.1012723850056805,782.0,124.2907,115.98,2026-09-29 16:00:01-04:00,"Vendor latest observation, no executable bid/ask or overnight-session venue feed; after-hours bar volumes and extremes may include late regular-session batches and are not reliable liquidity/support measures",0.06534536261905086,0.008272390769979694,0.08389315316766689,0.2255554505193519,0.0733496483260609,0.008170537201199464,0.09819312211507558,0.2645050979127431,0.06934750547255589,0.008221463985589579,0.09104313764137123,0.2450302742160475,0.20742689822465663,117.1543,0.0693475054725561,0.29499557421279743,-2.0816681711721685e-14
ARWR,True,66.25,1.2068452896063953,1.21756782848963,3.6360899866901355,5.488437715758695,32.7068106128795,72.99923528598646,77.84743734216862,-22.6506005142439,-19.58975544266879,0.7433622642401164,66.83000183105469,64.56999969482422,87.19999694824219,164931259.8682022,2512,65.75178271138749,67.72,2026-09-29 19:44:18-04:00,48.0799419,after_hours,2.2188679245283005,14607.0,68.42,66.25,2026-09-29 16:00:01-04:00,"Vendor latest observation, no executable bid/ask or overnight-session venue feed; after-hours bar volumes and extremes may include late regular-session batches and are not reliable liquidity/support measures",0.0650537532446695,0.00943833391166042,0.08328269923515076,0.20049448875654002,0.07313553747332013,0.009237512041004804,0.09938842449819002,0.22626773830839475,0.06909464535899482,0.00933792297633261,0.09133556186667038,0.2133811135324674,-1.8561793879392299,67.72,0.0690946453589948,0.0,1.3877787807814457e-15
STX,True,913.4500122070312,-0.8746511131923262,0.6715858742691024,49.87002211830965,5.45952394240121,57.72584805395561,872.5854610417289,856.5688925523684,7.296991381799178,10.357836453374292,0.30115117244455825,944.4299926757812,900.0999755859375,936.9400024414062,3234290091.842041,2512,910.7118285719664,916.7605,2026-09-29 19:59:11-04:00,33.1822958,after_hours,0.3624158682717704,,917.0,906.69,2026-09-29 16:00:01-04:00,"Vendor latest observation, no executable bid/ask or overnight-session venue feed; after-hours bar volumes and extremes may include late regular-session batches and are not reliable liquidity/support measures",0.06893740952268101,0.0075562979763617415,0.08784657713502406,0.25550701107811846,0.06766475349961112,0.007718623434934796,0.09257367935587739,0.2803441564593458,0.06830108151114607,0.0076374607056482685,0.09021012824545072,0.2679255837687321,0.8194211558269805,916.54,0.0683010815841349,0.024057869814742006,-7.298883719641935e-09
CCL,True,25.110000610351562,13.414640029718106,3.2162668618294976,0.9448234336481514,3.7627375973007715,61.60508801575758,23.1225884950384,24.55524144187929,2.0458993900080547,5.106744461583168,0.8604649787382528,25.290000915527344,24.0,24.559999465942383,529081764.28741455,2512,24.911640323919382,25.09,2026-09-29 19:59:51-04:00,32.529035916666665,after_hours,-0.07965197079015107,3433393.0,25.17,24.8201,2026-09-29 16:00:02-04:00,"Vendor latest observation, no executable bid/ask or overnight-session venue feed; after-hours bar volumes and extremes may include late regular-session batches and are not reliable liquidity/support measures",0.07673482345568831,0.01091461950394319,0.08284998643947715,0.1859630721412276,0.05569891189483797,0.010567430362897385,0.0799863796358861,0.2133257836916967,0.06621686767526314,0.010741024933420287,0.08141818303768163,0.19964442791646214,2.103474622384596,25.0803,0.0662168676744718,0.0386757734157861,7.91339216377196e-11
KMX,True,59.22999954223633,4.739169480694572,5.135772338946896,2.566217664032788,4.332631578365695,51.16793335713824,58.776636382102495,58.041476999889426,-6.484947837140364,-3.424102765565251,0.21136753237073727,63.66999816894531,58.040000915527344,63.38999938964844,139577133.96417618,2512,60.16831179759752,59.23,2026-09-29 19:03:01-04:00,89.36250064999999,after_hours,7.728577999799313e-07,12076877.0,59.6,59.23,2026-09-29 16:04:43-04:00,"Vendor latest observation, no executable bid/ask or overnight-session venue feed; after-hours bar volumes and extremes may include late regular-session batches and are not reliable liquidity/support measures",0.08313144433029576,0.011162959755536939,0.08154225999859428,0.2883858648764151,0.04893046452022275,0.00834526104119888,0.0683354483421558,0.1967200610906149,0.06603095442525925,0.00975411039836791,0.07493885417037505,0.242552962983515,0.17666590269719237,59.23,0.0660309544252614,0.0,-2.1510571102112408e-13
AMAT,True,512.010009765625,5.187361223893028,1.1227258124966537,20.257930545482385,3.9565497078378504,63.03090724391658,469.702347230609,483.516783045157,8.636616348545779,11.697461420120892,0.9099916298444708,513.280029296875,499.1700134277344,487.67999267578125,2864942412.284088,2512,506.6927127017116,514.09,2026-09-29 19:59:49-04:00,32.54964305,after_hours,0.40624015052501683,433205.0,515.48,507.846,2026-09-29 16:00:01-04:00,"Vendor latest observation, no executable bid/ask or overnight-session venue feed; after-hours bar volumes and extremes may include late regular-session batches and are not reliable liquidity/support measures",0.07171149374456995,0.008610880735477423,0.08813779065748142,0.22035161869584366,0.06015453786028371,0.00863538134652903,0.07940432020981457,0.20850931193287636,0.06593301580242683,0.008623131041003228,0.08377105543364799,0.21443046531436,2.088449382330951,514.0,0.065933015798073,0.017509727626463523,4.353836735582206e-10
RBRK,True,114.7699966430664,1.4855428062410247,0.5969571415051932,5.70767071420118,4.973138347256366,64.34792312643435,105.0547342165237,95.91937783980009,20.294696108253675,23.355541179828787,0.9424958963856092,114.9749984741211,111.41000366210938,116.12000274658203,339936937.74593353,609,113.92395350568741,114.74,2026-09-29 19:51:37-04:00,40.756383633333336,after_hours,-0.02613631083365764,390491.0,114.77,113.888,2026-09-29 16:00:02-04:00,"Vendor latest observation, no executable bid/ask or overnight-session venue feed; after-hours bar volumes and extremes may include late regular-session batches and are not reliable liquidity/support measures",0.06152633685450288,0.007096918377907455,0.0768531410431246,0.22798001540924512,0.06231612080447021,0.006872196811292046,0.08633199458684754,0.24692666264642943,0.061921228829486544,0.00698455759459975,0.08159256781498607,0.23745333902783727,1.70214136606905,113.888,0.0619212288294865,0.7481033998314013,4.163336342344337e-15
UPST,True,23.139999389648438,0.4776322176434533,0.9127931682787053,1.209406118422264,5.226474288341104,32.09118542064435,25.547582584652215,27.48651612407496,-22.377444989907602,-19.31659991833249,0.3032242821597596,23.68000030517578,22.905000686645508,29.040000915527344,113697773.9461708,1452,23.20044933341824,23.29,2026-09-29 19:45:10-04:00,47.20858075,after_hours,0.6482308310633123,354274.0,23.4,23.06,2026-09-29 16:00:00-04:00,"Vendor latest observation, no executable bid/ask or overnight-session venue feed; after-hours bar volumes and extremes may include late regular-session batches and are not reliable liquidity/support measures",0.059927913548745396,0.007937014178233738,0.08243962586986742,0.19833918799007194,0.06320468282470358,0.00999926757215485,0.0880464599870982,0.19737433095992485,0.06156629818672449,0.008968140875194295,0.08524304292848281,0.1978567594749984,-1.9907152430687225,23.29,0.0615662981867246,0.0,-1.1102230246251565e-14
CRWD,True,262.739990234375,1.3461871685149562,0.5827727017016996,11.886983462083036,4.524238374021158,66.00849364070402,239.26483357533547,218.97381310613403,10.679410441141336,13.740255512716448,0.984493890033507,262.8500061035156,255.7550048828125,263.8699951171875,2796141358.922043,1835,259.9991659851782,264.1,2026-09-29 19:59:56-04:00,32.439057416666664,after_hours,0.5176257197893053,,264.21,262.01,2026-09-29 16:00:01-04:00,"Vendor latest observation, no executable bid/ask or overnight-session venue feed; after-hours bar volumes and extremes may include late regular-session batches and are not reliable liquidity/support measures",0.05680665000935911,0.006447825366812291,0.07367254755651917,0.22396817780022318,0.058841748016802975,0.006899163710858963,0.08239483374494187,0.25236950754800774,0.05782419901308104,0.0066734945388356275,0.07803369065073051,0.23816884267411548,1.9748623975056678,263.9,0.0578241990130809,0.07578628268285481,1.457167719820518e-14
VERA,True,32.375,-0.38461538461538325,0.5660185521407586,1.948772323901672,6.019373973441458,44.64944761524535,33.615997146204435,34.23127988934427,-8.063784447890054,-5.0029393763149415,0.6884058171324003,32.59000015258789,31.899999618530273,37.13999938964844,87477884.71107483,1350,32.196275229790004,32.85,2026-09-29 19:36:42-04:00,55.67667673333334,after_hours,1.4671814671814776,113476.0,32.85,32.16,2026-09-29 16:00:00-04:00,"Vendor latest observation, no executable bid/ask or overnight-session venue feed; after-hours bar volumes and extremes may include late regular-session batches and are not reliable liquidity/support measures",0.054363765954532316,0.006863829996203488,0.07123771149759511,0.17844775505714003,0.058477192667090686,0.008006946495624778,0.08295671325285439,0.18964842364132645,0.0564204793108115,0.007435388245914133,0.07709721237522475,0.18404808934923322,-0.6368097139843472,32.85,0.0564204793108115,0.0,0.0
NET,True,352.260009765625,-0.4887088664864758,0.6669517377635846,17.250853112158836,4.897193162413364,62.73861331772028,330.4183243605044,305.5637233342163,12.392606692625252,15.453451764200366,0.4879495060296277,356.7189025878906,348.010986328125,367.42999267578125,1035990992.8466797,1770,352.30989797035704,352.26,2026-09-29 18:02:20-04:00,150.03892463333335,after_hours,-2.7722775075567085e-06,2120572.0,352.26,351.5,2026-09-29 16:04:20-04:00,"Vendor latest observation, no executable bid/ask or overnight-session venue feed; after-hours bar volumes and extremes may include late regular-session batches and are not reliable liquidity/support measures",0.05205668770210121,0.006073398559024392,0.06977242432192667,0.2128376145277584,0.05493463325560239,0.00647188596917148,0.07864772442040115,0.23814091186288505,0.0534956604788518,0.006272642264097936,0.0742100743711639,0.22548926319532173,1.2661220441165322,352.26,0.0534956604788517,0.0,9.71445146547012e-15
KGS,True,51.75,-1.8399112258028705,1.1463420664928963,2.514453878175168,4.858848073768441,31.65428909833381,56.73410416259853,59.599451002873984,-15.005715588989432,-11.94487051741432,0.257510293961149,53.47999954223633,51.150001525878906,65.16999816894531,112760682.9910469,816,51.79513110521437,51.75,2026-09-29 17:21:38-04:00,190.73684253333334,after_hours,0.0,321755.0,51.75,51.75,2026-09-29 16:00:02-04:00,"Vendor latest observation, no executable bid/ask or overnight-session venue feed; after-hours bar volumes and extremes may include late regular-session batches and are not reliable liquidity/support measures",0.05241235117736664,0.007153392546210961,0.0746064415739435,0.19179021822363315,0.05325911983039629,0.007834955473959241,0.08051930139531792,0.2014419246126866,0.05283573550388146,0.0074941740100851004,0.0775628714846307,0.19661607141815987,-1.9821815806045626,51.75,0.0528357355034343,0.0,4.471562009555896e-11
DDOG,True,268.55999755859375,-0.05210816601288748,0.7924873987235715,12.7093485461315,4.732405667883805,67.07653367959239,244.87736250437257,239.7596690803235,10.23649089080525,13.297335962380362,0.9135554502994802,269.44000244140625,259.260009765625,280.70001220703125,867433366.4497375,1766,265.89447293421034,268.0948,2026-09-29 19:59:14-04:00,33.1387967,after_hours,-0.17321922952886482,169578.0,270.0,267.1,2026-09-29 16:00:00-04:00,"Vendor latest observation, no executable bid/ask or overnight-session venue feed; after-hours bar volumes and extremes may include late regular-session batches and are not reliable liquidity/support measures",0.0546386964943089,0.0060403172635401835,0.07085034850749929,0.206003435426254,0.05092883761977146,0.00614568708381492,0.07481301566274118,0.2173297742965738,0.05278376705704018,0.006093002173677552,0.07283168208512023,0.2116666048614139,1.8634027517822505,268.7832,0.0527837670570401,-0.25611719780105346,8.326672684688674e-15
KLAC,True,196.52999877929688,3.890680700741167,0.8095278356082696,7.92706461973121,4.033513798895048,60.98941673241563,184.07488015880273,189.3619945811173,8.953975217805276,12.01482028938039,0.8081625281042333,197.47000122070312,192.57000732421875,190.8699951171875,1719197946.4956665,2512,195.7822436937784,197.92,2026-09-29 19:59:55-04:00,32.44992925,after_hours,0.7072717800522987,38318.0,198.17,196.01,2026-09-29 16:00:01-04:00,"Vendor latest observation, no executable bid/ask or overnight-session venue feed; after-hours bar volumes and extremes may include late regular-session batches and are not reliable liquidity/support measures",0.05618057289229303,0.006668924806498091,0.07543075862268935,0.1828048745846206,0.04861350355732633,0.007262966050695674,0.07165580325313733,0.17159676731476153,0.05239703822480968,0.006965945428596883,0.07354328093791335,0.17720082094969108,1.5712144681515758,197.86,0.05239703824377,0.030324471848763856,-1.8960319425609384e-09
AFRM,True,69.30000305175781,3.1096622463248957,0.7134287099106204,3.5702106950036954,5.151818957839334,44.846347375778976,71.28559877930665,72.69570436440611,-9.978231381294723,-6.917386309719609,0.577408048215232,70.30999755859375,67.91999816894531,76.9489974975586,347651160.0008011,1434,69.07688285776375,69.6,2026-09-29 19:50:09-04:00,42.22499011666666,after_hours,0.4328960101460888,,69.8,68.55,2026-09-29 16:00:01-04:00,"Vendor latest observation, no executable bid/ask or overnight-session venue feed; after-hours bar volumes and extremes may include late regular-session batches and are not reliable liquidity/support measures",0.05154435354002434,0.00655902285741812,0.07236659796183759,0.17939075150184913,0.05190870402709636,0.0071741158248493225,0.07970957361973491,0.18873746113920292,0.05172652878356035,0.006866569341133721,0.07603808579078625,0.18406410632052603,-0.5561564560678639,69.6,0.0517265287835604,0.0,-4.85722573273506e-15
ZS,True,198.35499572753906,-0.5190850420169646,0.4321036399758487,10.276831559953639,5.181029861264458,56.221675024113324,192.50464376339474,178.66609869127916,2.2315091558956723,5.292354227470786,0.5167190681445989,201.38999938964844,195.11000061035156,216.97000122070312,744127508.595047,2146,197.7516265832346,198.7,2026-09-29 19:55:05-04:00,37.289333133333336,after_hours,0.17393273670547327,203318.0,199.0,197.0,2026-09-29 16:00:00-04:00,"Vendor latest observation, no executable bid/ask or overnight-session venue feed; after-hours bar volumes and extremes may include late regular-session batches and are not reliable liquidity/support measures",0.048820680541817846,0.006197978063406224,0.06593645727645028,0.18387404104134306,0.05420587461578816,0.006600392351002269,0.07794466296278588,0.20691887592186572,0.051513277578803,0.006399185207204247,0.07194056011961808,0.1953964584816044,0.5692758444092584,198.38,0.0515132775788029,0.1613065833249383,1.0408340855860843e-14
S,True,23.309999465942383,2.50659498927599,0.7755107630466421,1.1463332153014751,4.917774524089338,57.48430349102345,22.405378614616883,21.10619009863772,2.414263813432904,5.475108885008018,0.8888875433189425,23.415000915527344,22.469999313354492,24.398000717163086,197758123.89507294,1318,23.056287360432016,23.324,2026-09-29 19:59:44-04:00,32.63946168333333,after_hours,0.06006235254563119,1093447.0,23.3712,23.07,2026-09-29 16:00:02-04:00,"Vendor latest observation, no executable bid/ask or overnight-session venue feed; after-hours bar volumes and extremes may include late regular-session batches and are not reliable liquidity/support measures",0.04861173212800622,0.006106368701279019,0.06534333460939175,0.18212824359766724,0.05092173843380255,0.006458782183364695,0.07451477763066902,0.2077293762963218,0.04976673528090439,0.0062825754423218565,0.06992905612003039,0.19492880994699452,0.7891430164026028,23.3382,0.0497667352809044,-0.060844452442776475,-1.3877787807814457e-15
SNOW,True,330.30999755859375,0.6674394959149232,1.018143034190629,14.826807743539227,4.488755367118156,51.38345285695931,330.8706458043396,313.9510398458601,-3.39877318367664,-0.3379281121015265,0.6645011493645467,333.4100036621094,324.1700134277344,384.55999755859375,1872609187.2532654,1516,329.3246494953617,330.8,2026-09-29 19:28:14-04:00,64.13866933333334,after_hours,0.1483462338494057,243781.0,331.08,330.0,2026-09-29 16:00:03-04:00,"Vendor latest observation, no executable bid/ask or overnight-session venue feed; after-hours bar volumes and extremes may include late regular-session batches and are not reliable liquidity/support measures",0.04809212602352341,0.0062009940187516535,0.06683057669740311,0.1850180602907344,0.05133842585493777,0.006406697493791308,0.0764388244890522,0.22873139735410433,0.04971527593923059,0.00630384575627148,0.07163470059322766,0.20687472882241936,-0.037813145988227055,331.08,0.0497152759392306,-0.08457170472392361,-6.938893903907228e-16
RNG,True,74.43000030517578,-2.2330185335266983,0.9250440309008396,3.3580293931081324,4.511661130377046,55.884198317887346,73.57716713178456,65.9940881127381,3.8480853634066614,6.908930434981775,0.5587463098050621,76.12000274658203,72.29000091552734,81.9000015258789,119273790.77339172,2512,73.78148629794251,74.43,2026-09-29 17:52:00-04:00,160.37377428333332,after_hours,-4.100171646648221e-07,172370.0,74.7,74.43,2026-09-29 16:00:03-04:00,"Vendor latest observation, no executable bid/ask or overnight-session venue feed; after-hours bar volumes and extremes may include late regular-session batches and are not reliable liquidity/support measures",0.04666901289645353,0.005762823847197303,0.06242571303946377,0.19778723791291372,0.05154349465491488,0.008123331099420787,0.06708518718498362,0.22822239400080235,0.04910625377568421,0.006943077473309045,0.0647554501122237,0.21300481595685805,0.25396834677550306,74.43,0.0491062537753732,0.0,3.110081636670259e-11
DUOL,True,142.6199951171875,6.195079580320817,0.8821805048781193,7.7283621801673075,5.418849000672798,48.4177848469266,145.05236058011548,140.89912103685023,-6.929816134900635,-3.8689710633255214,0.9891942884881346,142.7100067138672,134.3800048828125,167.3800048828125,179860621.0987091,1299,140.45252643636897,142.33,2026-09-29 19:50:06-04:00,42.27574235,after_hours,-0.20333412362635306,259.0,152.2962,140.5,2026-09-29 16:00:01-04:00,"Vendor latest observation, no executable bid/ask or overnight-session venue feed; after-hours bar volumes and extremes may include late regular-session batches and are not reliable liquidity/support measures",0.04564828149899097,0.006488062490098481,0.06177973895562047,0.1461569378878366,0.052499780651929076,0.008721774187568735,0.06711095105761337,0.17632296823321808,0.049074031075460024,0.0076049183388336074,0.06444534500661692,0.16123995306052735,-0.314732333478103,142.33,0.0490740310754599,0.0,1.2490009027033011e-14
SOFI,True,15.90999984741211,-0.1255521492813383,0.7922500990705432,0.6740667016020192,4.236748636497703,36.53594084735376,17.009683929500067,17.391302707771413,-14.078738840145233,-11.017893768570119,0.14285792136806166,16.209999084472656,15.859999656677246,18.709999084472656,771374125.3299522,1441,16.006998045265625,15.93,2026-09-29 19:59:50-04:00,32.5417869,after_hours,0.12570806272600432,1613389.0,15.9954,15.9,2026-09-29 16:00:00-04:00,"Vendor latest observation, no executable bid/ask or overnight-session venue feed; after-hours bar volumes and extremes may include late regular-session batches and are not reliable liquidity/support measures",0.04846413104481873,0.0062285553432984446,0.07402519657341174,0.1816486365910778,0.047036545301680346,0.007732998966164642,0.07298532978118999,0.17701955052009866,0.04775033817324954,0.006980777154731543,0.07350526317730086,0.17933409355558821,-1.631417305549133,15.9393,0.0477503381732497,-0.05834635147089484,-1.5959455978986625e-14
QCOM,True,184.10000610351562,-1.8028534782641659,0.6648045124452648,9.02304072682301,4.901162644041164,51.97400615574841,184.09682752358657,178.23194512541644,5.516103351940549,8.576948423515663,0.24067044372219987,190.0,182.22999572753906,205.85000610351562,2737046270.8566284,2512,185.74228709347489,184.4999,2026-09-29 19:59:57-04:00,32.41782796666667,after_hours,0.21721558024256904,1659434.0,190.471,183.93,2026-09-29 16:00:00-04:00,"Vendor latest observation, no executable bid/ask or overnight-session venue feed; after-hours bar volumes and extremes may include late regular-session batches and are not reliable liquidity/support measures",0.04499349062784564,0.005319988670684105,0.0652190165750285,0.17806675095531668,0.04617658207746875,0.006422308799634031,0.07241501320783471,0.19364193519562956,0.04558503635265719,0.005871148735159068,0.0688170148914316,0.1858543430754731,0.0003522736985556291,184.81,0.0455850363529999,-0.1677939505438042,-3.42711969913978e-11
SHOP,True,148.25999450683594,2.951184058130263,0.8108592311032445,6.949457908011829,4.687345315995817,58.42420829754599,140.15475663472816,136.95207308072096,-2.4569233648934263,0.6039217066816871,0.8437045935334567,149.33999633789062,142.42999267578125,151.2899932861328,1454988322.277565,2512,147.44257607696957,148.5,2026-09-29 19:57:14-04:00,35.140034750000005,after_hours,0.16188149336062718,237612.0,148.77,147.5,2026-09-29 16:00:01-04:00,"Vendor latest observation, no executable bid/ask or overnight-session venue feed; after-hours bar volumes and extremes may include late regular-session batches and are not reliable liquidity/support measures",0.04587277172898127,0.005578483436810028,0.06379955888120001,0.16438766053977338,0.04471371944266591,0.006133919187470568,0.06734420124734306,0.17825607564473023,0.045293245585823594,0.005856201312140298,0.06557188006427153,0.1713218680922518,1.1663122475730783,148.5027,0.0452932455858236,-0.001818148760934779,-6.938893903907228e-16
PLTR,True,186.97000122070312,-0.27202609262755306,0.5414336450403928,6.513497379988558,3.4837125407620317,60.37168859803117,180.5078861757771,168.76222365644978,-2.7442894741752877,0.31655559739982575,0.5654449006982281,188.6300048828125,184.80999755859375,194.67999267578125,4645361349.382706,1506,186.279384072335,187.42,2026-09-29 19:59:51-04:00,32.52133898333333,after_hours,0.24067966858793977,3063483.0,187.47,177.5179,2026-09-29 16:00:00-04:00,"Vendor latest observation, no executable bid/ask or overnight-session venue feed; after-hours bar volumes and extremes may include late regular-session batches and are not reliable liquidity/support measures",0.04470096490760771,0.005489511782167448,0.06529948472230815,0.17799652644051436,0.04551640333869161,0.006669716547233681,0.0675230429197278,0.18595466182755221,0.04510868412314966,0.0060796141647005645,0.06641126382101797,0.1819755941340333,0.992111406197785,187.3679,0.0451086841231497,0.02780625710165907,-4.163336342344337e-15
PANW,True,388.4100036621094,-0.9385581652560093,0.7155259173197307,18.143751699451176,4.671288465380264,58.22787201936327,370.9943547518174,354.0684193773539,-1.4174256334122504,1.643419438162863,0.7577079832723425,391.75,377.9649963378906,396.29998779296875,2570922226.1480713,2512,383.90784115489987,388.1,2026-09-29 19:59:53-04:00,32.48919491666667,after_hours,-0.079813511286142,434778.0,389.5,382.75,2026-09-29 16:00:00-04:00,"Vendor latest observation, no executable bid/ask or overnight-session venue feed; after-hours bar volumes and extremes may include late regular-session batches and are not reliable liquidity/support measures",0.04289201489789902,0.004942073361828756,0.061841834980262016,0.18528608119192233,0.046859081845551605,0.006087764250444741,0.07099224688329427,0.2137033158806234,0.04487554837172531,0.005514918806136748,0.06641704093177814,0.19949469853627289,0.9598703288481821,388.01,0.0448755483717256,0.023195278472210035,-2.914335439641036e-14
MPWR,True,1355.989990234375,0.3545026077262481,0.602922136728629,53.9288329980125,3.977081939129301,58.739039766262245,1287.847261762727,1305.2250738109624,3.897827979846613,6.9586730514217265,0.30751883860137796,1374.3199462890625,1347.8499755859375,1387.4599609375,930905473.8549805,2512,1356.8768751197053,1361.0,2026-09-29 19:52:24-04:00,39.96810975,after_hours,0.36947247411163175,1857.0,1371.41,1350.0,2026-09-29 16:00:01-04:00,"Vendor latest observation, no executable bid/ask or overnight-session venue feed; after-hours bar volumes and extremes may include late regular-session batches and are not reliable liquidity/support measures",0.039409782884574675,0.004605870415958451,0.06142388872260642,0.14877446234617753,0.03894423575859011,0.005845613458152897,0.06366838539899432,0.1532853301728079,0.03917700932158239,0.005225741937055673,0.06254613706080037,0.1510298962594927,1.2635676443092956,1358.06,0.0391770093194947,0.2164852804736217,2.08769113108076e-10
NOW,True,129.94000244140625,-1.1487215990050537,0.7118632581494632,5.957174842765442,4.584558050513895,45.4373590604196,135.0776599653589,128.31723793775075,-15.257616733017866,-12.196771661442751,0.4212972774410489,132.44000244140625,128.1199951171875,149.60000610351562,1901885637.25708,2512,130.19105419080938,129.28,2026-09-29 19:59:14-04:00,33.138543,after_hours,-0.5079286047450005,805091.0,129.98,128.6859,2026-09-29 16:00:03-04:00,"Vendor latest observation, no executable bid/ask or overnight-session venue feed; after-hours bar volumes and extremes may include late regular-session batches and are not reliable liquidity/support measures",0.034761961605683595,0.0043789966674961205,0.0541475334994004,0.14325576165794646,0.03735137618286219,0.0063652209728997594,0.05661857534176023,0.15587439929737634,0.03605666889427289,0.0053721088201979395,0.055383054420580315,0.1495650804776614,-0.8624318841660245,129.45,0.0360566688942729,-0.13132483584394894,-6.938893903907228e-16
SE,True,98.62000274658203,-0.29319674935816,0.9844713322646522,3.545787026227115,3.5954034957173073,33.53769493342623,104.94359566966824,107.02869216513965,-16.155663692272327,-13.094818620697213,0.5380227749597669,99.48509979248047,97.61250305175781,118.25,363859101.6573334,2246,98.39162377475586,98.62,2026-09-29 19:23:26-04:00,68.94494443333333,after_hours,-2.7850151629316144e-06,689119.0,98.7289,98.161,2026-09-29 16:00:03-04:00,"Vendor latest observation, no executable bid/ask or overnight-session venue feed; after-hours bar volumes and extremes may include late regular-session batches and are not reliable liquidity/support measures",0.03810008515090216,0.004791086134562924,0.060902292143752014,0.14256520821704138,0.033971016258825794,0.006540253432057165,0.05415446280941753,0.12888217608689878,0.03603555070486397,0.005665669783310045,0.05752837747658478,0.13572369215197008,-1.7834102489271082,98.62,0.0360355507048639,0.0,6.938893903907228e-15
GEV,True,962.489990234375,1.339268500958024,0.6422352780800886,35.070409265738846,3.643716778519316,52.82739186650514,946.5302366980925,965.5422464032181,4.057443561198859,7.1182886327739725,0.42405034766932787,973.4099731445312,954.4500122070312,983.3400268554688,2076656132.5723267,629,962.4748728516456,966.45,2026-09-29 19:56:03-04:00,36.31966286666667,after_hours,0.411433864850963,139162.0,967.0,961.53,2026-09-29 16:00:02-04:00,"Vendor latest observation, no executable bid/ask or overnight-session venue feed; after-hours bar volumes and extremes may include late regular-session batches and are not reliable liquidity/support measures",0.036130300463444946,0.0044320210784999006,0.05815784785405973,0.13623004170647918,0.034402808607188196,0.0057138349352906645,0.05960613343663798,0.1345276545724978,0.035266554535316574,0.005072928006895282,0.05888199064534885,0.13537884813948847,0.4550774818551657,966.0,0.035266554533489,0.046583850931680715,1.8275728153049897e-10
CRM,True,225.30999755859375,-0.86241328684864,0.6391474866445315,8.909750455406671,3.95444079355139,44.15650064983693,235.6807155142046,220.54140841086027,-15.42149438753796,-12.360649315962846,0.3321098297454161,228.9499969482422,223.5,268.2699890136719,3319392669.8910522,2512,225.89121511286993,225.9603,2026-09-29 19:58:36-04:00,33.77174436666667,after_hours,0.2886256484189609,1838501.0,225.9603,223.75,2026-09-29 16:00:03-04:00,"Vendor latest observation, no executable bid/ask or overnight-session venue feed; after-hours bar volumes and extremes may include late regular-session batches and are not reliable liquidity/support measures",0.03443725367228878,0.004291040003375833,0.055256714602199324,0.1424125744567589,0.03331867701397709,0.006241739613447026,0.052045668507602574,0.14376810209119165,0.033877965343132935,0.00526638980841143,0.053651191554900945,0.14309033827397527,-1.163974008869981,224.94,0.0338779653386878,0.45358762336622505,4.4451317626759135e-10
WDAY,True,189.1699981689453,0.3022227184429793,0.6492357515514109,7.824847235542604,4.136410271862631,50.02964007775918,190.5691923309568,181.10551934815624,-7.254311218585141,-4.193466147010028,0.960829881937657,189.33999633789062,185.0,211.8300018310547,538810263.7755585,2512,187.5315394445731,187.44,2026-09-29 19:30:05-04:00,62.288280533333335,after_hours,-0.914520370931271,244404.0,189.17,181.47,2026-09-29 16:00:00-04:00,"Vendor latest observation, no executable bid/ask or overnight-session venue feed; after-hours bar volumes and extremes may include late regular-session batches and are not reliable liquidity/support measures",0.03419592871177956,0.004338163597628393,0.05252811124105991,0.13410250405594587,0.03337695341196605,0.006224291596841656,0.05195517342260478,0.13745030830151286,0.033786441061872806,0.005281227597235025,0.052241642331832344,0.13577640617872938,-0.17881424645020202,187.44,0.0337864410618731,0.0,-2.914335439641036e-14
ETN,True,433.2699890136719,0.4311409878708483,0.8293255480560977,13.914493434765339,3.211506401918427,55.51183206537924,424.05314017135464,418.62139181606983,4.7499401751337045,7.810785246708818,0.4197613735204024,437.0158996582031,430.5600891113281,447.3299865722656,872188491.146698,2512,433.35803535370553,435.1442,2026-09-29 18:51:15-04:00,101.11979275,after_hours,0.43257346085630033,293407.0,435.1442,429.5556,2026-09-29 16:00:03-04:00,"Vendor latest observation, no executable bid/ask or overnight-session venue feed; after-hours bar volumes and extremes may include late regular-session batches and are not reliable liquidity/support measures",0.033494212841422476,0.0040759471421497285,0.05454746533722815,0.13339119673097433,0.031741615378634805,0.005522013092410529,0.05406406427974859,0.13370322549111804,0.03261791411002864,0.004798980117280129,0.054305764808488366,0.13354721111104617,0.6623919789482923,435.1442,0.0326179141002477,0.0,9.780939946857359e-10
BA,True,187.67999267578125,1.784257984176496,1.4214212665420893,6.1383340860241615,3.270638494017945,32.23962912533735,201.38181861074872,209.6104221021661,-12.73454139538045,-9.673696323805336,0.4538515207111295,190.90499877929688,185.0,215.2899932861328,1442175964.396515,2512,188.58697478364752,191.81,2026-09-29 19:59:31-04:00,32.86223556666667,after_hours,2.2005581230778226,1666496.0,194.0,187.68,2026-09-29 16:00:02-04:00,"Vendor latest observation, no executable bid/ask or overnight-session venue feed; after-hours bar volumes and extremes may include late regular-session batches and are not reliable liquidity/support measures",0.03419097166647237,0.004659841114569428,0.05601380974860541,0.13111742574306837,0.030576335304904403,0.00635599285482699,0.05068679602529096,0.11737302192560178,0.03238365348568839,0.005507916984698209,0.053350302886948184,0.12424522383433508,-2.232173378468267,191.88,0.0323836534856884,-0.036481134042110064,-6.938893903907228e-16
ASML,True,1834.3900146484375,3.555358683395693,1.258459421757658,53.38662811399338,2.9103204709836463,63.15992498257359,1721.0717327345862,1716.9719280881511,5.098305174356255,8.159150245931368,0.8217042825440295,1841.7652587890625,1800.4000244140625,1790.0,2203195422.2369385,2512,1824.2152670224104,1838.0,2026-09-29 19:59:07-04:00,33.25130613333333,after_hours,0.19679486492703013,104.0,1839.21,1829.0,2026-09-29 16:00:01-04:00,"Vendor latest observation, no executable bid/ask or overnight-session venue feed; after-hours bar volumes and extremes may include late regular-session batches and are not reliable liquidity/support measures",0.03427086559838735,0.0040775115302203275,0.053594263648058825,0.1287999237062612,0.02970622973005878,0.005434823749876169,0.04981012259390979,0.12369542155983053,0.031988547664223065,0.004756167640048248,0.051702193120984306,0.12624767263304587,2.1225967235070415,1835.92,0.0319885476676354,0.11329469693668326,-3.412332916230554e-10
VST,True,140.8300018310547,2.0359349888488865,1.0574540150397678,4.480439346412884,3.181452309989883,47.78785350167676,141.25172546198561,144.44959762631342,-0.37419537575982265,2.686649695815291,0.4248815452976676,143.50999450683594,138.85009765625,154.89999389648438,651553533.8626862,2509,140.87770478787644,141.89,2026-09-29 19:58:35-04:00,33.786721416666666,after_hours,0.7526792268432336,353570.0,144.2758,140.83,2026-09-29 16:00:02-04:00,"Vendor latest observation, no executable bid/ask or overnight-session venue feed; after-hours bar volumes and extremes may include late regular-session batches and are not reliable liquidity/support measures",0.03309389621810467,0.004198522180837279,0.0542336484635129,0.11879979026861606,0.028713962192879004,0.005564938455593983,0.05045834029902696,0.1156507257826903,0.030903929205491835,0.004881730318215631,0.052345994381269925,0.11722525802565317,-0.09412550830948449,142.41,0.0309039292064181,-0.3651428972684556,-9.26266008338672e-11
AVGO,True,355.1000061035156,1.5819431482769986,0.6825966418195214,10.868306470928696,3.0606325778998897,46.245810137634024,357.58604529982375,368.7898245435572,-7.001375283013944,-3.9405302114388308,0.13995014676419884,361.8599853515625,354.0,372.75,9877807096.789398,2512,357.8140350449562,357.1801,2026-09-29 19:59:55-04:00,32.447882799999995,after_hours,0.5857769250158684,2625032.0,357.25,354.85,2026-09-29 16:00:01-04:00,"Vendor latest observation, no executable bid/ask or overnight-session venue feed; after-hours bar volumes and extremes may include late regular-session batches and are not reliable liquidity/support measures",0.03228621443192275,0.003910082730542679,0.056467286977834256,0.1225842646498462,0.026561271366337763,0.005423866411777205,0.05051905174159104,0.10952591833019167,0.029423742899130256,0.004666974571159941,0.05349316935971265,0.11605509149001894,-0.2287420954642711,356.7,0.0294237429352877,0.1345948976731126,-3.615744509355423e-09
CEG,True,264.5799865722656,1.593516113042659,0.6435692916084651,8.996382150315707,3.4002504372561435,45.77836400898138,268.1930527591185,270.48809808594086,-6.769402355427257,-3.708557283852143,0.3777391232746997,270.114990234375,261.2200012207031,305.79998779296875,790941781.5027618,1178,265.19939785599655,265.13,2026-09-29 19:59:05-04:00,33.286581266666666,after_hours,0.20788172032963903,176.0,267.0,263.5,2026-09-29 16:00:01-04:00,"Vendor latest observation, no executable bid/ask or overnight-session venue feed; after-hours bar volumes and extremes may include late regular-session batches and are not reliable liquidity/support measures",0.029450127739769478,0.003790887614836299,0.05184710631178165,0.11372078008084902,0.02822923031733842,0.005448990059150095,0.050530219602410956,0.11361111652928041,0.02883967902855395,0.0046199388369931975,0.0511886629570963,0.11366594830506471,-0.40161324035418566,266.94,0.0288396790273874,-0.6780549936315272,1.1665494958901235e-10
BILI,True,14.84000015258789,-1.981507159391671,0.5971517435531084,0.4699653810151241,3.1668825888331855,40.097939619289114,15.40079959440963,16.387415074747473,-11.22916009192213,-8.168315020347016,0.37931125200599825,15.020000457763672,14.729999542236328,16.600000381469727,56199061.36859894,2138,14.806161355747472,14.89,2026-09-29 19:55:59-04:00,36.39481213333333,after_hours,0.3369261920350475,,14.9347,14.84,2026-09-29 16:00:01-04:00,"Vendor latest observation, no executable bid/ask or overnight-session venue feed; after-hours bar volumes and extremes may include late regular-session batches and are not reliable liquidity/support measures",0.025943604336405277,0.0033712985173850645,0.04712087243210187,0.09766026679404916,0.02642971815865056,0.006018064272481269,0.046534855604420805,0.09785709665270223,0.02618666124752792,0.004694681394933167,0.046827864018261334,0.09775868172337569,-1.1932781955351988,14.88,0.0261866612475279,0.06720430107527431,1.734723475976807e-15
KBH,True,47.41999816894531,-0.9607412049041364,0.6988449848024316,1.5789233703079026,3.3296571726607898,36.43829963686074,49.41974609844863,51.8814132666434,-14.092742167788863,-11.03189709621375,0.4193540448083218,47.959999084472656,47.029998779296875,54.459999084472656,85276622.02280045,2512,47.37805874599031,47.42,2026-09-29 18:19:42-04:00,132.67732426666666,after_hours,3.8613554576016895e-06,310052.0,47.5,47.42,2026-09-29 16:03:03-04:00,"Vendor latest observation, no executable bid/ask or overnight-session venue feed; after-hours bar volumes and extremes may include late regular-session batches and are not reliable liquidity/support measures",0.02770854868267605,0.003327509055851921,0.050863555749183394,0.11315600692886606,0.024647983720388077,0.00563609476040984,0.04488920732292124,0.09478325634385398,0.026178266201532064,0.00448180190813088,0.047876381536052316,0.10396963163636003,-1.2665262717045904,47.42,0.0261782662008811,0.0,6.509653927011527e-11
THO,True,70.16000366210938,-1.7091533178087537,0.9448720725361305,2.519504465846631,3.5910837148478016,41.775846244476035,72.4489182175864,74.47370944909927,-10.745050779325938,-7.684205707750824,0.30366651088289454,71.48999786376953,69.58000183105469,77.80000305175781,61447236.4623642,2512,70.24371259450966,70.16,2026-09-29 16:00:48-04:00,271.57693331666667,after_hours,-5.219653920196521e-06,92778.0,70.16,70.16,2026-09-29 16:00:02-04:00,"Vendor latest observation, no executable bid/ask or overnight-session venue feed; after-hours bar volumes and extremes may include late regular-session batches and are not reliable liquidity/support measures",0.026774556357789237,0.003273059959997483,0.04759709191717826,0.11061026984435585,0.02533101028707096,0.005510265733253094,0.04507719009638679,0.10550386580540982,0.0260527833224301,0.004391662846625288,0.046337141006782524,0.10805706782488284,-0.9084780703922568,70.16,0.0260527833226351,0.0,-2.049992120500832e-11
BABA,True,107.73999786376953,-0.9378487057983942,0.6726637979169565,2.9516700953994968,2.7396233097495495,38.91205459226749,111.97749339125471,114.91763462818024,-8.56864981126133,-5.507804739686217,0.24444042566418192,108.76000213623047,107.41000366210938,120.4000015258789,950239287.515564,2512,107.91896856541123,107.97,2026-09-29 19:59:49-04:00,32.5612081,after_hours,0.2134788758036743,5632045.0,107.98,107.66,2026-09-29 16:03:34-04:00,"Vendor latest observation, no executable bid/ask or overnight-session venue feed; after-hours bar volumes and extremes may include late regular-session batches and are not reliable liquidity/support measures",0.026521977838184125,0.0034302391898649483,0.048729307446795496,0.10272351712507757,0.02394499154588223,0.005398777334968499,0.04411871149156511,0.0946194483926943,0.025233484692033178,0.004414508262416723,0.04642400946918031,0.09867148275888593,-1.4356264048918557,107.97,0.0252334846920407,0.0,-7.521760991835436e-13
NVDA,True,227.2100067138672,-0.7209621131189281,0.8659566565487279,6.00691702426437,2.643773093950511,56.709045229402854,222.61467396920006,217.82924985713754,-0.03328638529103145,3.027558686284082,0.03192621029959292,232.82000732421875,227.02499389648438,234.75999450683594,25247024621.93817,2512,229.62359051855114,228.3531,2026-09-29 19:59:59-04:00,32.38106176666667,after_hours,0.5030998866050629,12198900.0,234.7265,215.2615,2026-09-29 16:00:00-04:00,"Vendor latest observation, no executable bid/ask or overnight-session venue feed; after-hours bar volumes and extremes may include late regular-session batches and are not reliable liquidity/support measures",0.025398750126747947,0.0029491880655124355,0.04694304352132101,0.11241194412644351,0.02111766990040495,0.0047336151240006084,0.0416483723857184,0.10314962075648929,0.023258210013576447,0.003841401594756522,0.044295707953519704,0.1077807824414664,0.7650068622730634,228.249,0.0232582100096362,0.045608085906190254,3.9402474338867677e-10
TSM,True,456.94000244140625,0.8964841712639338,1.0131293185511006,10.775158615201923,2.35811234683565,65.30426638680828,437.174992419854,427.15742819027173,7.25549804834551,10.316343119920624,0.7985442406644742,459.42999267578125,447.07000732421875,455.2699890136719,4213071495.2638245,2512,455.557081307908,457.63,2026-09-29 19:59:49-04:00,32.54869111666667,after_hours,0.15100397314902203,1432705.0,457.98,455.0,2026-09-29 16:00:02-04:00,"Vendor latest observation, no executable bid/ask or overnight-session venue feed; after-hours bar volumes and extremes may include late regular-session batches and are not reliable liquidity/support measures",0.024906383075134316,0.002886471604785758,0.04339077231460827,0.10630482535043591,0.020468769424625884,0.0047891227202719626,0.03722544800572564,0.08831491192378572,0.0226875762498801,0.0038377971625288606,0.04030811016016696,0.09730986863711082,1.8343126748656096,457.2301,0.0226875762887592,0.08746143353204339,-3.887910132727157e-09
JKHY,True,146.22000122070312,-1.0824015858734715,0.8264024861062124,4.421759108903734,3.024045323477717,34.385194057747384,154.22876293807036,154.83671053477377,-15.661842327848053,-12.600997256272938,0.5063288694308524,147.38999938964844,145.02000427246094,170.9499969482422,165115220.74523926,2512,146.28401201515146,146.22,2026-09-29 19:30:05-04:00,62.29623471666666,after_hours,-8.348400415414403e-07,,146.22,146.22,2026-09-29 16:00:01-04:00,"Vendor latest observation, no executable bid/ask or overnight-session venue feed; after-hours bar volumes and extremes may include late regular-session batches and are not reliable liquidity/support measures",0.02144405275580354,0.0026862053357995398,0.04181211112464524,0.09345009314515117,0.020088004729498777,0.0058137264752109365,0.03327191442343217,0.0756712025552452,0.020766028742651158,0.004249965905505238,0.03754201277403871,0.08456064785019818,-1.811216197020016,146.22,0.0207660287427444,0.0,-9.324138683375338e-12
FERG,True,223.8699951171875,-1.5090223882615938,0.9491111266034579,5.763588064991839,2.5745245860102055,48.81672794503837,223.22261611206895,228.19130851233743,-3.345910059908608,-0.28506498833349436,0.29208319449072534,227.75999450683594,222.26499938964844,230.44000244140625,316311221.9025421,2512,223.87832921706425,223.87,2026-09-29 16:10:49-04:00,261.56052765,after_hours,2.181092861874845e-06,244045.0,223.87,223.87,2026-09-29 16:00:02-04:00,"Vendor latest observation, no executable bid/ask or overnight-session venue feed; after-hours bar volumes and extremes may include late regular-session batches and are not reliable liquidity/support measures",0.02320897294742874,0.0027410261247849967,0.04344857977548671,0.10047039203233482,0.018230422981336456,0.004650576652121044,0.03592222169790431,0.08310885266380746,0.020719697964382597,0.00369580138845302,0.039685400736695506,0.09178962234807114,0.11232221973855941,223.87,0.0207196979619664,0.0,2.416195715726488e-10
NKE,True,35.84000015258789,-1.511402160718367,0.8816911071170292,0.9725903215844527,2.7137006625102513,38.30097556452877,36.8450881620548,38.720711027936865,-10.331223499398778,-7.270378427823665,0.22439464051037003,36.4276008605957,35.66999816894531,39.880001068115234,1202560041.5456772,2512,35.887871794756784,35.89,2026-09-29 19:59:38-04:00,32.744392983333334,after_hours,0.13950850223001243,1959260.0,35.89,35.8,2026-09-29 16:00:03-04:00,"Vendor latest observation, no executable bid/ask or overnight-session venue feed; after-hours bar volumes and extremes may include late regular-session batches and are not reliable liquidity/support measures",0.02112238666694211,0.002543287056005146,0.04185520947922875,0.08891914789722015,0.017504378326907804,0.00535796943997466,0.03264358821625452,0.06947639123752726,0.019313382496924957,0.003950628247989902,0.03724939884774164,0.0791977695673737,-1.0334135423325155,35.8602,0.0193133824979119,0.08310048465987041,-9.869431660813888e-11
FDX,True,287.4700012207031,-0.7526299746998588,0.6857546257157549,7.242389880658721,2.519355010924575,34.661744991665536,301.4591064545914,309.9713048763266,-14.912243105617229,-11.851398034042116,0.44933529911539805,290.1600036621094,285.2749938964844,330.4800109863281,526320252.756958,2512,287.2680059720222,288.0,2026-09-29 16:58:58-04:00,213.4109252833333,after_hours,0.18436663896974625,356876.0,288.0,287.18,2026-09-29 16:00:03-04:00,"Vendor latest observation, no executable bid/ask or overnight-session venue feed; after-hours bar volumes and extremes may include late regular-session batches and are not reliable liquidity/support measures",0.020560332790396218,0.0024917750933139246,0.042522842129037175,0.08807740631914798,0.017732731759270495,0.005016033061081437,0.0339691289980732,0.06797531240153055,0.01914653227483336,0.003753904077197681,0.038245985563555185,0.07802635936033928,-1.9315592593609319,288.0,0.0191465322749546,0.0,-1.21243293182971e-11
AZO,True,2875.969970703125,-1.2806890590176034,1.0036311502762294,82.34096868603292,2.8630677484404323,45.98214230402519,2898.8028391802754,2966.497608425715,-6.9144315409850226,-3.8535864694099087,0.4748528135890271,2920.155029296875,2836.0166015625,3007.8798828125,1171767593.7634277,2512,2857.894737828592,2875.97,2026-09-29 17:54:01-04:00,158.36014296666664,after_hours,1.0186780530219153e-06,24806.0,2875.97,2875.97,2026-09-29 16:00:03-04:00,"Vendor latest observation, no executable bid/ask or overnight-session venue feed; after-hours bar volumes and extremes may include late regular-session batches and are not reliable liquidity/support measures",0.01846332141974434,0.002191363942266703,0.03653142072337326,0.08137145894137723,0.01630638832051179,0.0050010999283736915,0.02937595025855558,0.06638179710189436,0.017384854870128065,0.0035962319353201972,0.03295368549096442,0.0738766280216358,-0.2772965735223791,2875.97,0.017384854870128,0.0,6.591949208711867e-15
PDD,True,77.5,-1.2613044855572686,0.6229010792754199,1.829791026658342,2.3610206795591506,38.1874137342887,79.90139006360039,82.71762250631662,-10.798940309670346,-7.738095238095233,0.3116903062159712,78.55999755859375,77.0199966430664,85.19999694824219,537995812.5455475,2055,77.45717650987423,77.51,2026-09-29 19:55:27-04:00,36.92801001666667,after_hours,0.01290322580644876,299326.0,77.77,72.6149,2026-09-29 16:00:01-04:00,"Vendor latest observation, no executable bid/ask or overnight-session venue feed; after-hours bar volumes and extremes may include late regular-session batches and are not reliable liquidity/support measures",0.018829560435286052,0.0022525624539819966,0.03944160459778189,0.07967366006440846,0.015694254986987066,0.004958418871595921,0.030374439598903246,0.05992569516709043,0.01726190771113656,0.003605490662788959,0.03490802209834257,0.06979967761574944,-1.3123848727064367,77.68,0.0172619077111365,-0.21884654994850372,5.898059818321144e-15
COST,True,924.5900268554688,0.18095219263174478,1.0136612907639873,15.713967250503247,1.6995605397071456,53.164874294666966,914.9438129633628,929.2245463310378,-5.105573535002838,-2.044728463427725,0.8963227572671286,925.969970703125,912.6599731445312,952.0999755859375,2162976212.8378296,2512,921.1717061189267,924.0,2026-09-29 19:56:46-04:00,35.61079028333334,after_hours,-0.06381497077958542,11919.0,925.02,922.0,2026-09-29 16:00:01-04:00,"Vendor latest observation, no executable bid/ask or overnight-session venue feed; after-hours bar volumes and extremes may include late regular-session batches and are not reliable liquidity/support measures",0.014024883207029794,0.0016866306567418614,0.029893771802788377,0.061409789994998194,0.01076194652980374,0.004355037002832575,0.021420686809239486,0.04350221640760692,0.012393414868416767,0.003020833829787218,0.025657229306013933,0.05245600320130256,0.6138624154124429,924.2912,0.0123934148682569,-0.031505222596517335,1.598669113755946e-11
