symbol,eligible,close,daily_pct,volume_ratio,atr,atr_pct,rsi,ema20,ema50,rs20_qqq_pp,ret20_pct,range_position,high,low,prior_high20,adv20,history_sessions,regular_vwap_proxy,last,last_at,age_minutes,session,after_hours_change_pct,after_hours_volume,after_hours_high,after_hours_low,regular_quote_at,quote_note,a_hit5,a_hit10,a_close3,a_down3,b_hit5,b_hit10,b_close3,b_down3,p_hit5,p_hit10,p_close3,p_down3,extension_atr,previous_last,previous_p_hit5,price_change_from_previous_pct,hit5_change_pp,weekly_bb_pos,weekly_bb_mid,daily_z20,baby_price_trigger,baby_no_chase,rsi2,lrcx_signal,drawdown_252
IOVA,True,14.449999809265137,31.483167517800048,5.589583547487864,0.8389614655520131,5.805961775958521,86.44518893488029,10.048767525665069,8.235167135857253,73.80573600953436,76.86658108110946,0.662698322593146,15.300000190734863,12.779999732971191,11.170000076293944,133761240.07045746,2512,14.238442339000851,14.45,2026-09-29 19:59:57-04:00,32.42601603333333,after_hours,1.3199644710581993e-06,834752.0,14.55,14.36,2026-09-29 16:00:01-04:00,"Vendor latest observation, no executable bid/ask or overnight-session venue feed; after-hours bar volumes and extremes may include late regular-session batches and are not reliable liquidity/support measures",0.6149228661306716,0.1477113139634634,0.3687707817653374,0.8231813645302927,0.724897843152959,0.413248007606938,0.4711418319916257,0.8766632127576091,0.6699103546418153,0.2804796607852007,0.4199563068784815,0.8499222886439508,5.24604819686704,14.45,0.6699103546421324,0.0,-3.1719071813540716e-11,1.8325465647583588,5.949500036239624,3.2962879476280498,False,False,99.06228036402216,False,0.055555579795643184
KOD,True,91.12000274658205,1.3345246909170383,2.1779927728816504,6.765267475424814,7.424568998576532,89.96446275478715,44.51199905784475,40.70807705750339,140.90168898238707,143.96253405396217,0.787482288985918,93.13860321044922,83.64009857177734,95.7699966430664,201396680.0480652,2006,88.09366494210747,90.8768,2026-09-29 19:59:59-04:00,32.396097366666666,after_hours,-0.2669037963688558,10497.0,91.44,90.17,2026-09-29 16:00:01-04:00,"Vendor latest observation, no executable bid/ask or overnight-session venue feed; after-hours bar volumes and extremes may include late regular-session batches and are not reliable liquidity/support measures",0.7098539306476598,0.2346116267954768,0.4483502400639072,0.8640218762702822,0.6168330373463533,0.2845479680543381,0.1684663075630913,0.6041308834260052,0.6633434839970065,0.2595797974249074,0.3084082738134993,0.7340763798481437,6.889306868951343,90.9521,0.6633434839970072,-0.082790831657542,-6.661338147750939e-14,7.087715286803245,37.43549995422363,3.021956186360407,False,False,98.8028223313624,False,0.048553764847824366
AAOI,True,100.66999816894533,3.976449582995522,1.0776783969409494,8.136620073902153,8.08246768838438,45.040004910243226,104.13504957996398,112.6703698140394,-9.579560006399724,-6.51871493482461,0.5062495455146919,103.83000183105467,97.43000030517578,116.9000015258789,693394028.4222794,2512,101.21449472689142,101.45,2026-09-29 19:59:54-04:00,32.46617475,after_hours,0.7748106141272526,2732.0,101.6,98.7654,2026-09-29 16:00:01-04:00,"Vendor latest observation, no executable bid/ask or overnight-session venue feed; after-hours bar volumes and extremes may include late regular-session batches and are not reliable liquidity/support measures",0.2959691476709575,0.050235923298897,0.2360739672932565,0.5706779083342375,0.2911321819647579,0.0548854080351811,0.1565962275429008,0.4590080230761479,0.2935506648178577,0.0525606656670391,0.1963350974180787,0.5148429657051927,-0.4258588184709105,101.4287,0.2935506648178599,0.0209999733803201,-2.1649348980190555e-13,-0.5191621436818301,132.30100135803224,-0.3935129762031573,False,True,59.862964675253956,False,0.5691787608259402
CIFR,True,16.510000228881836,-1.373951883996738,0.8423922101684118,1.4877039916763122,9.010926535747656,45.925966349400085,17.294730602046762,18.042765382484777,3.45528543733995,6.516130508915063,0.0750692844673557,17.3700008392334,16.440200805664062,19.7450008392334,577877506.1219311,1492,16.750334970559727,16.6201,2026-09-29 19:59:51-04:00,32.524720583333334,after_hours,0.6668671689389782,8574.0,16.74,16.51,2026-09-29 16:00:01-04:00,"Vendor latest observation, no executable bid/ask or overnight-session venue feed; after-hours bar volumes and extremes may include late regular-session batches and are not reliable liquidity/support measures",0.2662830261014494,0.045364981335914,0.2069705808394314,0.5359655723642756,0.2664639024489458,0.0313877881921464,0.2024140685827657,0.5174512603563228,0.2663734642751976,0.0383763847640302,0.2046923247110986,0.5267084163602992,-0.5274774938801564,16.65,0.2663734642751987,-0.1795795795795696,-1.1102230246251565e-13,-0.5513318991527089,20.491500043869017,-0.43450693161210263,False,True,3.2321408720977116,False,0.4522229408354871
FICO,True,617.8699951171875,-26.52190127676698,10.937648701480034,58.38617138677001,9.449588400177332,16.525514469121248,926.9981532950168,1027.9108285825084,-49.202352192707146,-46.14150712113203,0.252533050799655,685.0,595.1900024414062,1158.2900390625,425539950.54504395,2512,626.6412694605546,611.11,2026-09-29 19:59:51-04:00,32.5292995,after_hours,-1.0940804976142804,117707.0,617.87,606.1528,2026-09-29 16:00:03-04:00,"Vendor latest observation, no executable bid/ask or overnight-session venue feed; after-hours bar volumes and extremes may include late regular-session batches and are not reliable liquidity/support measures",0.1916781916551899,0.0466627583888567,0.1094677175251457,0.5783095135346813,0.3196330601169275,0.0938427203855026,0.1380307450816133,0.4812086393156545,0.2556556258860587,0.0702527393871797,0.1237492313033795,0.529759076425168,-5.294544081852165,612.21,0.2556556258860586,-0.1796769082504368,1.1102230246251564e-14,-2.177180499600885,1125.3949951171876,-3.0649696727121944,False,True,0.6947828682629745,False,0.6907573074723152
UMAC,True,24.940000534057617,4.090156456725635,1.0490283000769438,1.852902978720197,7.429442417973912,53.450052889209786,23.981631386966775,23.66439905867504,2.3045983321856145,5.365443403760728,0.9393158547330682,25.020000457763672,23.70170021057129,26.200000762939453,57368997.657203674,658,24.390411718469693,24.8902,2026-09-29 19:45:44-04:00,46.637876649999995,after_hours,-0.1996813672462072,181163.0,25.0,24.8,2026-09-29 16:00:00-04:00,"Vendor latest observation, no executable bid/ask or overnight-session venue feed; after-hours bar volumes and extremes may include late regular-session batches and are not reliable liquidity/support measures",0.2562871653698739,0.0383995823109404,0.2073270405476708,0.5578337639609217,0.2231377353034356,0.0281562026207162,0.1542128797413565,0.4905381599771503,0.2397124503366547,0.0332778924658283,0.1807699601445136,0.524185961969036,0.5172257576879654,24.8902,0.2397124503366547,0.0,8.326672684688674e-15,0.19025064329854346,23.1915002822876,1.4003546538163258,False,True,89.22904208167198,False,0.2859187576271285
BE,True,291.25,10.79621311293466,1.398013826784826,21.31205741723768,7.317444606776885,60.265466008019345,263.00325595481365,248.43774437824683,38.11704910757785,41.177894179152965,0.6432333108795132,302.35400390625,271.2300109863281,292.7200012207031,4434920569.416046,2056,292.9119138499361,294.26,2026-09-29 19:58:50-04:00,33.53621281666667,after_hours,1.033476394849786,788012.0,295.2605,290.51,2026-09-29 16:00:03-04:00,"Vendor latest observation, no executable bid/ask or overnight-session venue feed; after-hours bar volumes and extremes may include late regular-session batches and are not reliable liquidity/support measures",0.2234845311135563,0.033323105783868,0.1893664031340596,0.4893190883099073,0.2402167323826128,0.0272347962117893,0.1675798446896615,0.4915141755287867,0.2318506317480846,0.0302789509978286,0.1784731239118606,0.490416631919347,1.325387947873101,293.64,0.2318506317480835,0.21114289606321,1.1102230246251565e-13,0.5418180992099476,251.69050140380858,1.3840999772932552,False,True,70.66188279024928,False,0.17088931618054548
NBIS,True,237.35499572753903,2.3611310718634426,0.8607260527593183,16.531855776699402,6.965033841409599,55.241009702448366,227.20983711225415,221.08194547347043,11.9813162804991,15.042161352074212,0.2802090219194441,246.9750061035156,233.61000061035156,254.7400054931641,3407446549.345627,486,240.56928320393197,240.12,2026-09-29 19:59:46-04:00,32.60249925,after_hours,1.1649235626937982,399164.0,240.75,237.0,2026-09-29 16:00:00-04:00,"Vendor latest observation, no executable bid/ask or overnight-session venue feed; after-hours bar volumes and extremes may include late regular-session batches and are not reliable liquidity/support measures",0.2330583560058615,0.0333531005754082,0.2024343311772746,0.5470709448492136,0.2138770771648709,0.0315079751772367,0.1377969490097516,0.4471760893595495,0.2234677165853662,0.0324305378763224,0.1701156400935131,0.4971235171043816,0.6136733076019112,240.05,0.2234677165853659,0.0291605915434312,3.6082248300317594e-14,0.28424266430842504,222.49449996948243,0.9521536683056595,False,True,61.90434638452149,False,0.20844725097528838
NVTS,True,11.729999542236328,0.0,3.128186814936984,0.7932482933737084,6.762560309720825,48.2311879919161,11.785943792556449,12.654826333224436,-1.8529124761887503,1.2079325953863629,0.0487800717659573,12.899999618530272,11.670000076293944,12.630000114440918,130023351.39751434,1240,11.864624773087115,11.728,2026-09-29 19:59:58-04:00,32.401970883333334,after_hours,-0.0170463965418643,1725614.0,11.79,11.7,2026-09-29 16:00:00-04:00,"Vendor latest observation, no executable bid/ask or overnight-session venue feed; after-hours bar volumes and extremes may include late regular-session batches and are not reliable liquidity/support measures",0.2131210133468824,0.0306751515348458,0.1724410714810684,0.4959552441425268,0.1887475589365138,0.0302091395188576,0.1584147235397565,0.5739925574000604,0.2009342861416981,0.0304421455268517,0.1654278975104124,0.5349739007712936,-0.0705255224466807,11.741,0.2009342861416994,-0.1107231070607284,-1.249000902703301e-13,-0.3929227360707596,16.39949998855591,0.43510882145963165,False,True,29.630694676550334,False,0.656716412911696
CBRS,True,194.9499969482422,-0.9098345506471373,1.5490419100581223,13.780446086575196,7.068708028876658,47.50481020283601,198.96048641211573,204.03419351095087,2.752220025991603,5.813065097566716,0.0374299770153267,213.97999572753903,194.2100067138672,222.5,1146419052.436905,95,205.0436839326183,192.9494,2026-09-29 19:59:59-04:00,32.395055766666665,after_hours,-1.0262102998510605,,197.9,192.8397,2026-09-29 16:00:01-04:00,"Vendor latest observation, no executable bid/ask or overnight-session venue feed; after-hours bar volumes and extremes may include late regular-session batches and are not reliable liquidity/support measures",0.1992305670455633,0.0306548573989195,0.1709847778116606,0.4686537390436736,0.1902629838230697,0.0238185220765771,0.1541535522708717,0.4726873647054794,0.1947467754343165,0.0272366897377483,0.1625691650412662,0.4706705518745765,-0.2910275501009019,194.4999,0.1947467754343164,-0.797172646361255,1.1102230246251564e-14,-0.3190897962185684,211.1724998474121,-0.08341326939464473,False,True,7.350219727084152,False,0.49539266243161606
CRDO,True,192.3500061035156,-0.1660829752793691,0.6632069255911309,13.877224950583996,7.214569540026834,49.50136762763895,189.99093647663577,202.40990023427443,-18.02171689289125,-14.960871821316136,0.3220837275551089,199.3800048828125,189.0099945068359,238.39500427246097,1770394278.8430023,1172,193.9834084831151,193.88,2026-09-29 19:59:42-04:00,32.66575711666667,after_hours,0.7954218081287712,651.0,199.782,186.3045,2026-09-29 16:00:01-04:00,"Vendor latest observation, no executable bid/ask or overnight-session venue feed; after-hours bar volumes and extremes may include late regular-session batches and are not reliable liquidity/support measures",0.1889266732256836,0.0278242835566515,0.1730495412055343,0.455883595268268,0.1979197889020669,0.0229673487369705,0.1608958710441028,0.4491872494450175,0.1934232310638752,0.025395816146811,0.1669727061248185,0.4525354223566428,0.1699957761930356,193.79,0.1934232310638764,0.0464420248722952,-1.1379786002407857e-13,-0.44992664609240496,220.50749969482422,0.8764110561495443,False,True,32.41856748893652,False,0.37684259002843346
SMMT,True,16.389999389648438,5.8785521597027435,4.396621775481629,1.1384662164785502,6.946102860733359,52.40920572420122,16.283759961198136,15.618646501158954,17.276890077940642,20.33773514951576,0.0821917002902174,19.06999969482422,16.149999618530273,18.829999923706055,104371607.54114152,2512,16.613052691925848,16.27,2026-09-29 19:59:37-04:00,32.759748183333336,after_hours,-0.7321500556261573,688104.0,16.52,16.2,2026-09-29 16:00:00-04:00,"Vendor latest observation, no executable bid/ask or overnight-session venue feed; after-hours bar volumes and extremes may include late regular-session batches and are not reliable liquidity/support measures",0.2073632763565651,0.0311479447713826,0.1497622284133871,0.4502219370004345,0.1772291830184018,0.0317434234598546,0.2038575602987725,0.7448509589708368,0.1922962296874835,0.0314456841156186,0.1768098943560798,0.5975364479856357,0.0933180334317835,16.27,0.1922962296874816,0.0,1.887379141862766e-13,0.3995091232137018,15.077250146865845,-0.37805552359239675,False,True,73.9437618629856,False,0.43927472985535077
ALAB,True,357.8399963378906,1.858756888410995,0.6474004761371548,22.869060715355893,6.390862103005883,61.34066468222099,323.3129404515822,314.8376463561626,17.432111726909305,20.492956798484418,0.4934245079068177,366.7000122070313,349.2099914550781,377.8699951171875,1263021747.8121948,634,360.35228742953177,359.58,2026-09-29 19:59:26-04:00,32.93188665,after_hours,0.4862518667327453,,361.39,356.28,2026-09-29 16:00:01-04:00,"Vendor latest observation, no executable bid/ask or overnight-session venue feed; after-hours bar volumes and extremes may include late regular-session batches and are not reliable liquidity/support measures",0.1888650039535239,0.0241194367413995,0.1743556901362469,0.4804669107304217,0.1921517920364164,0.025182802276395,0.1280760217245873,0.4139145162874204,0.1905083979949702,0.0246511195088972,0.1512158559304171,0.447190713508921,1.5097714906640007,359.8,0.1905083979949701,-0.0611450806003444,1.1102230246251564e-14,0.29000374083965064,330.0479995727539,1.2862748479523662,False,True,56.90291709237064,False,0.28356920674315067
MDB,True,337.19000244140625,0.7499730550241113,3.2639083966788536,27.81171302327272,8.24808352024185,37.68946951940275,388.8229280989208,383.1375310392432,-28.68671222799135,-25.62586715641624,0.5782143729073661,349.0,321.0,455.9700012207031,1065447271.9622804,2247,331.4485335942022,336.4899,2026-09-29 19:59:46-04:00,32.60626763333333,after_hours,-0.2076284695089469,,337.48,332.9265,2026-09-29 16:00:01-04:00,"Vendor latest observation, no executable bid/ask or overnight-session venue feed; after-hours bar volumes and extremes may include late regular-session batches and are not reliable liquidity/support measures",0.1796970085342182,0.0323859069632626,0.1355815010643693,0.4714833398199698,0.1952572289612169,0.0158496743402412,0.1751394141188255,0.5191369392500498,0.1874771187477175,0.0241177906517519,0.1553604575915974,0.4953101395350098,-1.8565172743695573,336.11,0.1874771187477176,0.113028472821397,-2.7755575615628914e-15,-0.26181427949991165,361.0329956054687,-1.6702676774080047,False,True,8.047179360636068,False,0.28727542149380547
ABCL,True,14.81999969482422,6.465514465499123,2.073396520042856,0.8102096981528023,5.467002124404647,76.93719618481147,12.265035435315363,10.555283589909433,26.033234072763012,29.094079144338124,0.7999995761445686,15.0,14.100000381469728,14.229999542236328,52606865.57137966,1455,14.584249448950668,14.96,2026-09-29 19:58:09-04:00,34.22614555,after_hours,0.9446714443906324,2681.0,14.98,14.72,2026-09-29 16:00:01-04:00,"Vendor latest observation, no executable bid/ask or overnight-session venue feed; after-hours bar volumes and extremes may include late regular-session batches and are not reliable liquidity/support measures",0.1769791101736219,0.0191729381927557,0.1533262838830481,0.5042064905170427,0.1894823635171466,0.0156346158963803,0.1613936606679174,0.6207148770117166,0.1832307368453843,0.017403777044568,0.1573599722754827,0.5624606837643796,3.153460474904114,14.98,0.1832307368453846,-0.1335113484646211,-3.0531133177191805e-14,1.1996660344727847,8.012750029563904,2.662341853514226,False,False,98.59120718381541,False,0.012000020345052098
SMR,True,7.760000228881836,-1.8963289686958484,0.7986129102754328,0.6283873925043933,8.097775437758457,38.84564631876171,8.75786216477625,9.16132080644404,-19.349951374878504,-16.28910630330339,0.0243908112282399,8.15999984741211,7.75,11.369999885559082,332752253.8018513,1150,7.895650504318807,7.83,2026-09-29 19:59:11-04:00,33.1954348,after_hours,0.9020588795556116,1108127.0,7.8841,7.72,2026-09-29 16:00:02-04:00,"Vendor latest observation, no executable bid/ask or overnight-session venue feed; after-hours bar volumes and extremes may include late regular-session batches and are not reliable liquidity/support measures",0.1594747232775567,0.0270355327734025,0.1482606455348281,0.3778955613921612,0.2026189224299547,0.0230510542589064,0.1889578070526598,0.4770318934100639,0.1810468228537557,0.0250432935161545,0.168609226293744,0.4274637274011126,-1.5879725592798843,7.83,0.1810468228537562,0.0,-4.718447854656915e-14,-0.7461617576582241,9.67299997806549,-1.408449191627763,False,True,2.9686815704225618,False,0.8648554427666508
SNDK,True,1729.760009765625,0.9848849005433592,0.5594697052017495,108.1667563835388,6.2532811356989875,54.219519520943614,1685.5333294154166,1612.569010388529,7.347022655221114,10.407867726796226,0.6474108981773308,1749.780029296875,1693.0,1909.47998046875,17767203350.282593,408,1720.1090394409482,1726.7001,2026-09-29 19:59:59-04:00,32.38162413333333,after_hours,-0.1768979366125855,256710.0,1731.92,1702.075,2026-09-29 16:00:00-04:00,"Vendor latest observation, no executable bid/ask or overnight-session venue feed; after-hours bar volumes and extremes may include late regular-session batches and are not reliable liquidity/support measures",0.1724558414668772,0.022638827651375,0.1654015421748175,0.4481062378119474,0.1880427688746803,0.0284891196780797,0.1250733527033315,0.3947820730473375,0.1802493051707787,0.0255639736647274,0.1452374474390745,0.4214441554296425,0.4088749799743371,1725.0001,0.1802493051707787,0.0985507189245948,5.551115123125783e-15,0.1588681301590461,1647.031982421875,0.42654044320131096,False,True,38.60395660587544,False,0.2653043511533735
FSLY,True,25.479999542236328,2.2471888612677127,0.4905597674576732,2.506013400582322,9.835217604412772,52.79635349043899,24.840681124357747,23.710145161634955,8.742570982156717,11.80341605373183,0.9549539487249984,25.530000686645508,24.420000076293945,31.329999923706055,208368199.4341755,1852,25.0140856261507,25.46,2026-09-29 19:58:43-04:00,33.657508066666665,after_hours,-0.078491140485204,100.0,25.65,25.1112,2026-09-29 16:00:01-04:00,"Vendor latest observation, no executable bid/ask or overnight-session venue feed; after-hours bar volumes and extremes may include late regular-session batches and are not reliable liquidity/support measures",0.1956396603737845,0.027482627921927,0.1615309810847439,0.4973017888991329,0.1637981707683172,0.0123999839293084,0.1746130142603211,0.4789602003323272,0.1797189155710508,0.0199413059256177,0.1680719976725325,0.48813099461573,0.2551137267382619,25.5365,0.1797189155710505,-0.2995712020049668,3.6082248300317594e-14,0.6744499219182708,20.8752498626709,0.6348935897436144,False,True,49.21562623399746,False,0.2682366523390931
ARM,True,293.6700134277344,3.64946435093676,1.0798122842496272,19.678938411778525,6.7010377335039255,54.76730766203451,282.0053807189036,274.81332426612516,18.335545727509572,21.396390799084685,0.4741726377732971,301.0,287.0600891113281,336.9800109863281,1571174363.990631,763,296.0615531348098,295.5,2026-09-29 19:59:46-04:00,32.60101218333333,after_hours,0.623143831031947,244875.0,296.0,293.32,2026-09-29 16:00:00-04:00,"Vendor latest observation, no executable bid/ask or overnight-session venue feed; after-hours bar volumes and extremes may include late regular-session batches and are not reliable liquidity/support measures",0.169052558852101,0.0238842651360179,0.155590314368324,0.4155428806504217,0.1775586337338233,0.0187960611904919,0.1483380719347898,0.4114472978871363,0.1733055962929622,0.0213401631632549,0.1519641931515569,0.413495089268779,0.5927470509206473,295.38,0.1733055962929622,0.0406256347755373,2.7755575615628914e-15,-0.021109740962040806,295.9590019226074,0.6484229862069815,False,True,42.76315472827312,False,0.3512922343518038
COHR,True,292.2099914550781,3.4554713493490485,0.8610832923097103,20.40822306904626,6.98409488581216,48.8255064936562,294.91346072394305,301.91895459439047,2.1149838805931465,5.17582895216826,0.3769998335733254,302.7200012207031,285.8500061035156,332.8599853515625,1851745120.9654236,2512,294.57924048011057,293.8,2026-09-29 19:57:54-04:00,34.466038166666664,after_hours,0.5441321622865702,327408.0,294.847,291.9971,2026-09-29 16:00:03-04:00,"Vendor latest observation, no executable bid/ask or overnight-session venue feed; after-hours bar volumes and extremes may include late regular-session batches and are not reliable liquidity/support measures",0.1693050943272824,0.0252349042692195,0.1590138316911978,0.403147630185419,0.1717394829229671,0.0195468220093252,0.1502940533155827,0.3983239722228151,0.1705222886251248,0.0223908631392723,0.1546539425033902,0.4007358012041171,-0.1324696059876644,294.1,0.1705222886251257,-0.1020061203672262,-8.881784197001252e-14,-0.43949372642865187,330.4239990234375,0.057523722224983594,False,True,56.03185986839309,False,0.33588638305664065
IREN,True,41.380001068115234,-0.814957197122923,0.916979877629458,2.8473316238001165,6.880936564291408,45.281864441696165,43.65985210741207,43.27058741641672,8.430463555046575,11.491308626621688,0.2139046814725964,42.849998474121094,40.97999954223633,49.369998931884766,1606031409.5251656,1220,41.64326314648768,41.68,2026-09-29 19:59:40-04:00,32.70274453333334,after_hours,0.7249853169190024,1391089.0,41.7,41.19,2026-09-29 16:00:01-04:00,"Vendor latest observation, no executable bid/ask or overnight-session venue feed; after-hours bar volumes and extremes may include late regular-session batches and are not reliable liquidity/support measures",0.1599081793180575,0.0237499125120218,0.1519383872081893,0.4138331279851343,0.1756802831700534,0.024139976725503,0.1385612230409444,0.395125226190183,0.1677942312440555,0.0239449446187624,0.1452498051245668,0.4044791770876587,-0.8006974039272929,41.6824,0.1677942312440566,-0.0057578258449653,-1.0824674490095278e-13,-0.27954376451705937,46.199250030517575,-0.860489483193293,False,True,3.440433149281445,False,0.46168857044882616
VICR,True,290.67999267578125,1.9572032454603372,0.5813101008196448,17.389633763844632,5.982397895282971,72.19775765266844,237.3673543607814,229.577399944279,51.81980498148269,54.8806500530578,0.5287095004995233,297.0,283.5899963378906,291.5299987792969,201943159.4556427,2512,289.1183925626163,291.941,2026-09-29 19:56:43-04:00,35.650598933333335,after_hours,0.4338129062859908,16245.0,292.0,284.01,2026-09-29 16:00:00-04:00,"Vendor latest observation, no executable bid/ask or overnight-session venue feed; after-hours bar volumes and extremes may include late regular-session batches and are not reliable liquidity/support measures",0.1563998365157873,0.018238735319113,0.1489313625842929,0.4048512443970427,0.1713548169682199,0.0134138110778342,0.1450250822506457,0.4240207415395766,0.1638773267420036,0.0158262731984736,0.1469782224174693,0.4144359929683097,3.065771196736985,291.8171,0.1638773267420042,0.0424581013244163,-5.828670879282073e-14,0.4015390044774709,252.79899826049805,1.673021851847286,False,True,92.55458175074654,False,0.24035019649205358
WULF,True,15.09000015258789,-0.1984109338508899,0.7624006541596614,1.0833666913554194,7.179368326047533,42.60373259324635,16.135163880582812,17.19310084727255,-3.325220230533965,-0.2643751589588516,0.2519685512394025,15.5649995803833,14.93000030517578,18.079999923706055,450570263.79452705,2512,15.199765390739222,15.3,2026-09-29 19:59:37-04:00,32.7581942,after_hours,1.3916490741459286,1085634.0,15.3,15.09,2026-09-29 16:00:00-04:00,"Vendor latest observation, no executable bid/ask or overnight-session venue feed; after-hours bar volumes and extremes may include late regular-session batches and are not reliable liquidity/support measures",0.1469019510645851,0.022427019487216,0.1407912569419938,0.360582187624102,0.1682000836733754,0.019249547967839,0.1597548476441141,0.3950686716099622,0.1575510173689802,0.0208382837275275,0.150273052293054,0.3778254296170321,-0.9647368119535766,15.22,0.1575510173689805,0.5256241787122251,-2.220446049250313e-14,-0.6288812274711252,20.222499799728393,-1.0648803552248451,False,True,3.0357329987974335,False,0.49430294653402673
ASTS,True,59.400001525878906,-2.6229483182312996,1.6323491119735898,4.168931808144627,7.018403537125065,45.463821233613984,61.36255292582398,64.60951376000241,-2.553225681552318,0.5076193900227954,0.1190130286595075,65.47000122070312,58.58000183105469,67.19999694824219,595017596.6607857,1735,60.65106033192259,59.8,2026-09-29 19:59:56-04:00,32.437104500000004,after_hours,0.6733980872825729,713172.0,59.88,59.3,2026-09-29 16:00:01-04:00,"Vendor latest observation, no executable bid/ask or overnight-session venue feed; after-hours bar volumes and extremes may include late regular-session batches and are not reliable liquidity/support measures",0.1484218632664718,0.0200855546508343,0.1403718350419865,0.3932075750549152,0.1652512859382272,0.0225249084219218,0.1508374046995861,0.5170171418637426,0.1568365746023495,0.0213052315363781,0.1456046198707863,0.4551123584593289,-0.4707564168142388,59.83,0.1568365746023488,-0.0501420691960574,7.494005416219808e-14,-0.4479838111069273,73.73050060272217,-0.719973454523006,False,True,16.414022268578517,False,0.5562527920585902
CRWV,True,85.93000030517578,1.010932894600547,0.8822400499295815,5.414920399210027,6.30154821363811,48.93003801055129,86.48019942977753,87.95566707614213,-1.8357291297623537,1.22511594181276,0.1480580057066528,90.47000122070312,85.14099884033203,104.58999633789062,2521540024.078903,378,87.38312954353397,86.117,2026-09-29 19:59:52-04:00,32.502618266666666,after_hours,0.2176186362854659,853521.0,87.4971,85.7,2026-09-29 16:00:01-04:00,"Vendor latest observation, no executable bid/ask or overnight-session venue feed; after-hours bar volumes and extremes may include late regular-session batches and are not reliable liquidity/support measures",0.1537135316190297,0.0228499732098199,0.1514013785012099,0.4013679095791367,0.1554015556784368,0.0187835009838019,0.1392897997166348,0.3998807362790619,0.1545575436487332,0.0208167370968109,0.1453455891089223,0.4006243229290993,-0.1016079801804684,86.2003,0.1545575436487337,-0.0966353945403786,-4.440892098500626e-14,-0.23933765519067185,92.02924957275391,-0.075285492227057,False,True,42.13999953793435,False,0.43909920354497933
VKTX,True,31.809999465942383,-3.6936099256509314,1.133031042407051,2.7904852262303494,8.772352320275905,45.64515349713911,33.71244896253754,33.7406286511255,-6.019964502559116,-2.959119430984003,0.1751310665100977,33.64690017700195,31.420000076293945,43.099998474121094,260066785.76942444,2512,32.24718284097083,32.05,2026-09-29 19:59:10-04:00,33.209883516666665,after_hours,0.754481414922914,393559.0,32.2199,31.81,2026-09-29 16:00:00-04:00,"Vendor latest observation, no executable bid/ask or overnight-session venue feed; after-hours bar volumes and extremes may include late regular-session batches and are not reliable liquidity/support measures",0.1461360072535793,0.0240020411696478,0.1270928753568249,0.3643972278927634,0.1595434605922358,0.0143701345432736,0.1671057558140041,0.4181664438921501,0.1528397339229076,0.0191860878564607,0.1470993155854145,0.3912818358924568,-0.6817629703652538,32.0614,0.1528397339229077,-0.0355567754371399,-8.326672684688674e-15,-0.2294665823250282,33.216499996185306,-0.4379254618163736,False,True,10.5966150701462,False,0.26280420994042
SMTC,True,180.10000610351562,3.0438307365687756,0.8241703284174458,11.470987586373523,6.3692322030130155,60.628308172626774,164.91827117673847,151.27479748105378,32.39342464059085,35.45426971216597,0.4016522299437293,184.4499969482422,177.17999267578125,190.63999938964844,534828237.9046631,2512,180.5483379904441,180.7288,2026-09-29 19:53:53-04:00,38.4837975,after_hours,0.3491359662269877,120711.0,183.0,177.408,2026-09-29 16:00:00-04:00,"Vendor latest observation, no executable bid/ask or overnight-session venue feed; after-hours bar volumes and extremes may include late regular-session batches and are not reliable liquidity/support measures",0.1458291864458894,0.0187439754401978,0.1424409859674411,0.4099353634471158,0.153329287287073,0.0137615083101899,0.1458600225552455,0.4391184449128116,0.1495792368664812,0.0162527418751939,0.1441505042613433,0.4245269041799637,1.3234897878201572,181.0,0.1495792368664816,-0.1498342541436437,-3.6082248300317594e-14,0.9133164829778191,146.5115005493164,1.0424467652552372,False,False,65.19715329426782,False,0.05528741775009216
LITE,True,973.489990234375,5.662525777734162,1.3573304727123576,63.27067342846544,6.499365588056283,57.33880576495179,919.3309894087828,885.9078426745139,3.359415963206835,6.420261034781949,0.6055920054611651,998.8800048828124,934.5050048828124,1026.760009765625,4075829674.189453,2512,974.4163776005956,980.38,2026-09-29 19:59:58-04:00,32.399234066666665,after_hours,0.7077638018616161,,981.9,971.0,2026-09-29 16:00:01-04:00,"Vendor latest observation, no executable bid/ask or overnight-session venue feed; after-hours bar volumes and extremes may include late regular-session batches and are not reliable liquidity/support measures",0.1466021063157059,0.0200105439192966,0.1421078313280995,0.4086516049994474,0.1477832836116222,0.0156467346193222,0.1327347627742242,0.4261349568858827,0.147192694963664,0.0178286392693094,0.1374212970511619,0.4173932809426651,0.8559890055038675,980.0,0.1471926949636645,0.0387755102040809,-4.440892098500626e-14,0.7361330580036628,861.18525390625,1.2845651109362046,False,True,82.23173336081693,False,0.1033362113387718
APLD,True,25.40999984741211,3.587440424515309,1.0271191819532266,1.70374330081212,6.7050110627436235,44.940038620944456,26.508905271541312,28.212637175064604,-3.0608450715751134,0.0,0.7903223573602906,25.670000076293945,24.43000030517578,29.149999618530273,406668124.46878433,1119,25.156559452778833,25.5633,2026-09-29 19:59:47-04:00,32.59518011666667,after_hours,0.6033063892501467,,25.61,25.27,2026-09-29 16:00:01-04:00,"Vendor latest observation, no executable bid/ask or overnight-session venue feed; after-hours bar volumes and extremes may include late regular-session batches and are not reliable liquidity/support measures",0.1392923291070012,0.0215451622262404,0.1353614714823482,0.3477199841440404,0.1536000129203639,0.0198072700776915,0.1355723430545114,0.3459316677779412,0.1464461710136826,0.020676216151966,0.1354669072684298,0.3468258259609909,-0.6449947146412197,25.52,0.1464461710136825,0.1696708463949869,1.1102230246251564e-14,-0.5162829859518835,33.42450008392334,-0.512784567657167,False,True,43.94333431099721,False,0.49906356605657076
ACMR,True,75.61000061035156,-0.4476581323924478,0.6383707746056914,4.911807442043886,6.4962404475518865,51.15070800589443,74.26965174912242,76.86889779210868,0.7705212113413129,3.8313662829164263,0.2000007775173095,78.75,74.82499694824219,82.77999877929688,78961438.45127106,2237,75.6970149517086,75.61,2026-09-29 19:30:05-04:00,62.28504401666667,after_hours,-8.072365553779548e-07,,76.1,74.5,2026-09-29 16:00:01-04:00,"Vendor latest observation, no executable bid/ask or overnight-session venue feed; after-hours bar volumes and extremes may include late regular-session batches and are not reliable liquidity/support measures",0.1459036405486948,0.0181053281684435,0.1471790184551044,0.399295594453557,0.1420538853365238,0.018029579382642,0.1321623061617954,0.3952779061678245,0.1439787629426093,0.0180674537755427,0.1396706623084499,0.3972867503106908,0.2728830226030611,75.61,0.1439787629426087,0.0,6.106226635438361e-14,-0.313953706396744,83.29850006103516,0.7649863495540749,False,True,32.58793906261567,False,0.40553503295053794
RCAT,True,6.449999809265137,-0.7692337036132812,0.6139985496837088,0.4659671038137906,7.224296396791356,31.668388643658197,7.395492746377525,8.297399750748001,-27.97353779927012,-24.912692727695006,0.1333322030521829,6.644999980926514,6.420000076293945,8.979999542236328,63806940.35709143,2512,6.4809150146592645,6.49,2026-09-29 19:59:40-04:00,32.70429171666667,after_hours,0.6201580142282337,,6.5,6.43,2026-09-29 16:00:01-04:00,"Vendor latest observation, no executable bid/ask or overnight-session venue feed; after-hours bar volumes and extremes may include late regular-session batches and are not reliable liquidity/support measures",0.1255763174808742,0.0187532374356037,0.1341673271776346,0.3344334371433206,0.1521081999055732,0.020405207505782,0.1539746975965069,0.3595381002826334,0.1388422586932237,0.0195792224706928,0.1440710123870707,0.346985768712977,-2.029098040127368,6.49,0.1388422586932239,0.0,-1.9428902930940243e-14,-0.7559633192225694,9.412499928474427,-1.3876854585241551,False,True,13.35317749128811,False,0.6565495434804887
RDW,True,10.729999542236328,-4.196431027079162,1.0645649055655133,0.7416060219062888,6.911519604330985,45.559405953736245,11.167336044358406,11.293469756437574,-2.7804737303979365,0.2803713411771769,0.0833332505491077,11.609999656677246,10.649999618530272,12.06999969482422,141111057.56286144,1433,10.933021973076556,10.83,2026-09-29 19:59:33-04:00,32.82069286666667,after_hours,0.9319707551714408,1125947.0,10.83,10.6846,2026-09-29 16:00:02-04:00,"Vendor latest observation, no executable bid/ask or overnight-session venue feed; after-hours bar volumes and extremes may include late regular-session batches and are not reliable liquidity/support measures",0.1193982951660222,0.0153358389233985,0.1229694531882285,0.3743202929715269,0.1258564051307763,0.0150521842649991,0.1273653646189961,0.4194997182104665,0.1226273501483992,0.0151940115941988,0.1251674089036123,0.3969100055909967,-0.5897154138499436,10.7997,0.1226273501483998,0.2805633489819215,-5.1347814888913496e-14,-0.27098817469500325,12.789500045776368,-0.4661994031294169,False,True,8.665062807092246,False,0.5972222301774637
LUNR,True,14.550000190734863,-4.276313333465087,0.9276779227786968,1.0402020240058711,7.149154710446328,44.8276519474896,15.191529138518716,16.263008943972075,-8.334279212507944,-5.273434140932832,0.009950475366263,15.545000076293944,14.539999961853027,16.260000228881836,106216957.09479332,1220,14.833355945902442,14.66,2026-09-29 19:59:36-04:00,32.77056315,after_hours,0.75601242490142,592693.0,14.66,14.55,2026-09-29 16:00:00-04:00,"Vendor latest observation, no executable bid/ask or overnight-session venue feed; after-hours bar volumes and extremes may include late regular-session batches and are not reliable liquidity/support measures",0.1163662636000413,0.0155465951694481,0.1205068860070073,0.3491694368068323,0.1279785985506185,0.0158212237067523,0.1330518726886232,0.390737394110229,0.1221724310753299,0.0156839094381002,0.1267793793478153,0.3699534154585306,-0.6167349543440547,14.66,0.1221724310753306,0.0,-6.38378239159465e-14,-0.3588103409964911,20.84450011253357,-0.46422120709080444,False,True,10.021743929749407,False,0.6887700493960457
KRMN,True,32.86000061035156,-2.4346784067522886,0.6299772191600319,2.620255573037332,7.9739973352645,31.42429004231633,37.45381002734025,43.777450826777866,-23.78460862882028,-20.723763557245167,0.1813722831930557,34.529998779296875,32.4900016784668,45.220001220703125,156932090.89784622,408,33.21967818620675,33.0,2026-09-29 19:58:49-04:00,33.563390866666666,after_hours,0.426048043359839,602968.0,33.73,32.7656,2026-09-29 16:00:02-04:00,"Vendor latest observation, no executable bid/ask or overnight-session venue feed; after-hours bar volumes and extremes may include late regular-session batches and are not reliable liquidity/support measures",0.1070092054570912,0.0158141806065201,0.115073696728835,0.3051094451701195,0.1358494391547013,0.017762811889086,0.1473055190412766,0.3582321442978241,0.1214293223058963,0.016788496247803,0.1311896078850558,0.3316707947339719,-1.7531913544080997,33.24,0.1214293223058963,-0.7220216606498298,2.7755575615628914e-15,-0.9788360742408196,49.623999404907224,-1.318334758636882,False,True,18.3776704345509,False,0.7224193159929914
OKLO,True,37.11000061035156,0.0,0.7569999345043682,2.3692542840917565,6.384409175759675,42.857366331981886,38.993615234015735,42.11746902112248,-11.589312191366762,-8.52846711979165,0.2043788303627863,38.20000076293945,36.83000183105469,44.779998779296875,383304159.6046257,1313,37.320527946028534,37.2268,2026-09-29 19:58:58-04:00,33.41197531666667,after_hours,0.3147383123886405,1158613.0,37.35,37.08,2026-09-29 16:00:02-04:00,"Vendor latest observation, no executable bid/ask or overnight-session venue feed; after-hours bar volumes and extremes may include late regular-session batches and are not reliable liquidity/support measures",0.1113208981491517,0.0161271592848337,0.1215414213590208,0.2968598233490097,0.130757154496307,0.0165380567392664,0.1352618115273914,0.3379648348906086,0.1210390263227293,0.01633260801205,0.1284016164432061,0.3174123291198091,-0.7950242556536088,37.2318,0.1210390263227299,-0.0134293802609652,-5.1347814888913496e-14,-0.5816668116503608,48.58599987030029,-0.8225793552115427,False,True,7.585085995500449,False,0.8085534393755169
SEI,True,68.33999633789062,-1.1713740710260767,0.7946792274552987,4.185312571747601,6.124250506327704,57.4023149660448,65.03067443738145,62.79092977450004,31.811046010172305,34.87189108174742,0.1794913596348223,71.21990203857422,67.70999908447266,72.16899871826172,182127351.7085075,2358,68.92697827307182,67.5,2026-09-29 19:14:12-04:00,78.18018985,after_hours,-1.229143082972184,197799.0,69.9,67.5,2026-09-29 16:00:03-04:00,"Vendor latest observation, no executable bid/ask or overnight-session venue feed; after-hours bar volumes and extremes may include late regular-session batches and are not reliable liquidity/support measures",0.109707839774643,0.014756936710311,0.1164592144085298,0.3423791375271287,0.1242923302665322,0.0132201271410735,0.1260798801157222,0.3781493743216913,0.1170000850205876,0.0139885319256923,0.121269547262126,0.36026425592441,0.790698865085565,67.5,0.117000085059342,0.0,-3.875434695377322e-09,0.13795258647440972,65.73657245635987,0.684695226334603,False,True,27.29500398613665,False,0.20554058828231325
INTC,True,115.93000030517578,-0.0861832932630646,0.8056282755594371,6.291791752590774,5.427233447794507,58.40940185859422,110.19289882465888,104.63804736160976,26.455407345372866,29.516252416947975,0.4100417541865914,118.75,113.97000122070312,127.44000244140624,11541514503.655811,2512,116.55104608989916,116.7893,2026-09-29 19:59:59-04:00,32.38406805,after_hours,0.7412228867093695,686767.0,116.88,115.79,2026-09-29 16:00:01-04:00,"Vendor latest observation, no executable bid/ask or overnight-session venue feed; after-hours bar volumes and extremes may include late regular-session batches and are not reliable liquidity/support measures",0.1062667262786,0.013131586123954,0.1151190997095239,0.345963779342178,0.1149068832922993,0.0132752559809921,0.1104719882457043,0.3467510972692909,0.1105868047854496,0.013203421052473,0.1127955439776141,0.3463574383057344,0.9118390604956894,116.69,0.1105868047854197,0.0850972662610249,2.998989945268704e-12,0.31018351948545964,107.55600013732911,0.731524574912724,False,True,16.01193392852278,True,0.18559890878492447
ONTO,True,304.69000244140625,5.524005245717567,0.7706111403265167,15.51996897687639,5.093691572588101,60.70817069482586,278.2124957869871,281.3261815311242,10.965580655334527,14.026425726909642,0.9893684138423324,304.7799987792969,296.31500244140625,292.3599853515625,224745158.4867096,1739,301.35872899304707,305.0,2026-09-29 17:35:58-04:00,176.40006356666666,after_hours,0.1017419528405394,75864.0,305.0,304.0,2026-09-29 16:00:02-04:00,"Vendor latest observation, no executable bid/ask or overnight-session venue feed; after-hours bar volumes and extremes may include late regular-session batches and are not reliable liquidity/support measures",0.1160237952288043,0.0145888036797021,0.1241779949224214,0.3184259698319369,0.104281092606742,0.0145661158992561,0.1003072383337758,0.281920931036285,0.1101524439177731,0.0145774597894791,0.1122426166280986,0.300173450434111,1.70602832350172,305.0,0.1101524439177726,0.0,5.828670879282073e-14,0.30389238511919003,288.57999954223635,2.0879392733767457,False,False,97.74424602523993,False,0.21158720390640173
TEM,True,82.58000183105469,-2.938410844142092,0.904428270479348,4.926189883374136,5.965354533961289,67.52306015057374,73.61967316574096,65.22557725239452,27.914575753671265,30.97542082524638,0.1094395785149498,89.08999633789062,81.77999877929688,86.44000244140625,501147426.18911743,574,84.21537346777387,82.6,2026-09-29 19:59:11-04:00,33.1922816,after_hours,0.0242167213633903,288737.0,82.77,82.0,2026-09-29 16:00:00-04:00,"Vendor latest observation, no executable bid/ask or overnight-session venue feed; after-hours bar volumes and extremes may include late regular-session batches and are not reliable liquidity/support measures",0.1114202371617789,0.0122723473868098,0.1150766616659966,0.381882034362554,0.1082127669778505,0.009339621992942,0.1245539128535186,0.3954718690987653,0.1098165020698147,0.0108059846898759,0.1198152872597576,0.3886769517306596,1.818916622673191,82.57,0.1098165020698147,0.0363328085261072,1.3877787807814457e-15,1.152806192122079,56.33500003814697,1.2545352703085733,False,False,36.5368923050114,False,0.2083972193957756
TSEM,True,234.42999267578125,3.711732276963908,0.5999134661881856,13.550277162674965,5.780095374321458,55.51601924783542,222.09033968122316,224.84551469258304,11.267362286026072,14.328207357601189,0.6687886430527951,237.5500030517578,228.1300048828125,240.0,428075573.3992005,2512,234.20215236289263,235.0,2026-09-29 19:53:14-04:00,39.135177033333335,after_hours,0.2431460743195446,163809.0,236.5,231.1185,2026-09-29 16:00:00-04:00,"Vendor latest observation, no executable bid/ask or overnight-session venue feed; after-hours bar volumes and extremes may include late regular-session batches and are not reliable liquidity/support measures",0.1071294810251423,0.0139291030225915,0.1184217195933489,0.2969715923073497,0.1072649188547745,0.0119037548811121,0.1148892058110059,0.3027557616156925,0.1071971999399584,0.0129164289518518,0.1166554627021774,0.2998636769615211,0.9106568704401408,234.44,0.1071971999399588,0.2388670875277165,-3.6082248300317594e-14,-0.13313907376000073,240.65650100708007,1.3489195677322605,True,True,73.88415161279765,False,0.26726889139561494
MSTR,True,154.6699981689453,-1.5718475437806578,0.6723261903178614,8.753047306635525,5.659175929564965,60.33507728935909,144.9303674134981,130.4006628400427,13.284871288041057,16.34571635961617,0.2510778165459227,161.6199951171875,152.33999633789062,171.19000244140625,3484475134.7968674,2512,155.10192714850135,155.83,2026-09-29 19:59:41-04:00,32.690989683333335,after_hours,0.7499850292799648,1365319.0,156.05,154.4,2026-09-29 16:00:01-04:00,"Vendor latest observation, no executable bid/ask or overnight-session venue feed; after-hours bar volumes and extremes may include late regular-session batches and are not reliable liquidity/support measures",0.1027884527204228,0.0134715727767154,0.1078283595246974,0.3031682862237094,0.1088517116779836,0.0104719279931506,0.123126282160898,0.3467222317048228,0.1058200821992032,0.011971750384933,0.1154773208427977,0.3249452589642662,1.112713140264167,155.59,0.1058200821992035,0.1542515585834625,-2.3592239273284576e-14,0.5903399491541691,121.8384994506836,0.7343913225864948,False,True,8.797390178511057,True,0.5764902335976474
CIEN,True,354.9200134277344,3.1174673611139347,0.779425735728938,21.80856463896612,6.144642120444015,48.04748455575398,355.9623440278672,378.2402329555818,-10.344015200700827,-7.283170129125716,0.8869432416023194,356.2099914550781,344.79998779296875,382.94000244140625,977347997.82135,2512,349.5482659998773,356.0,2026-09-29 19:58:28-04:00,33.90088003333333,after_hours,0.3042901305664314,213756.0,356.0,347.3115,2026-09-29 16:00:02-04:00,"Vendor latest observation, no executable bid/ask or overnight-session venue feed; after-hours bar volumes and extremes may include late regular-session batches and are not reliable liquidity/support measures",0.0979670571440739,0.0131164667772147,0.1080787409764078,0.2823566374824352,0.0961569292775875,0.0113600670949266,0.1135854398084391,0.2871127425275993,0.0970619932108307,0.0122382669360707,0.1108320903924235,0.2847346900050173,-0.0477945530752827,355.96,0.0970619932108309,0.0112372176649166,-1.2490009027033011e-14,-0.49723924475851067,428.8789993286133,0.6568307851870082,False,True,60.32807523415094,False,0.4432714655598622
PL,True,16.3799991607666,-2.325589065899636,0.8022318713141623,1.0647134058501948,6.500082175830618,36.32258747793205,17.65245039609624,20.56096068035446,-20.541959197610215,-17.481114126035102,0.2499991485042625,17.219999313354492,16.100000381469727,20.3799991607666,226299440.54463387,1364,16.35815836283843,16.39,2026-09-29 19:56:10-04:00,36.20415298333333,after_hours,0.0610551877032738,2130741.0,16.44,16.3155,2026-09-29 16:00:02-04:00,"Vendor latest observation, no executable bid/ask or overnight-session venue feed; after-hours bar volumes and extremes may include late regular-session batches and are not reliable liquidity/support measures",0.0891325285675548,0.0119301710643374,0.1034485059744872,0.2741453934049502,0.1033660382883314,0.0148035704182129,0.1197068829045922,0.3054349266378146,0.0962492834279431,0.0133668707412751,0.1115776944395397,0.2897901600213824,-1.1951114998064285,16.3982,0.0962492834279434,-0.0500054884072564,-2.4980018054066022e-14,-0.557077389838826,26.796999835968016,-0.7922362246399914,False,True,17.248205398725084,False,0.6835394186256727
MRVL,True,263.2699890136719,4.513694082049047,0.8798619860477078,13.453887947372536,5.1103006452717485,61.56423554190296,243.6172489717802,232.0102732566399,21.322592733685376,24.38343780526049,0.8502990850798575,264.3949890136719,256.8800048828125,267.4800109863281,4318353990.056839,2512,261.82824602149833,264.9,2026-09-29 19:59:56-04:00,32.4317641,after_hours,0.6191404468222306,1321452.0,264.99,262.4761,2026-09-29 16:00:00-04:00,"Vendor latest observation, no executable bid/ask or overnight-session venue feed; after-hours bar volumes and extremes may include late regular-session batches and are not reliable liquidity/support measures",0.0962633897462003,0.0111519575899167,0.1092271804369603,0.3083164779511978,0.0949848516801051,0.0119874326742946,0.0981798848092629,0.2992106144506199,0.0956241207131527,0.0115696951321057,0.1037035326231116,0.3037635462009089,1.4607480097030037,264.74,0.0956241207120974,0.060436654831153,1.0553363738452504e-10,0.48558042590030426,230.50352478027344,1.373877680298156,False,True,70.08900972299207,False,0.20172507556806307
GLW,True,158.7100067138672,4.696886699638303,0.8564984761878652,8.1888942758432,5.159658452164693,53.1785064860284,154.3512905975861,157.65892791742883,3.649308409912688,6.710153481487802,0.5373933211616848,161.3699951171875,155.6199951171875,171.3000030517578,1335222603.0485537,2512,158.33587394988623,160.45,2026-09-29 19:59:26-04:00,32.94699516666667,after_hours,1.096334958431311,7287780.0,160.68,158.71,2026-09-29 16:04:24-04:00,"Vendor latest observation, no executable bid/ask or overnight-session venue feed; after-hours bar volumes and extremes may include late regular-session batches and are not reliable liquidity/support measures",0.0944637567094181,0.0126908146262078,0.108650265040404,0.2621997391653082,0.0951930222744893,0.0112216336316518,0.1108308098969315,0.2829136284531165,0.0948283894919537,0.0119562241289298,0.1097405374686678,0.2725566838092124,0.5322716314874257,160.4,0.0948283894550217,0.0311720698254358,3.6932040758941302e-09,-0.2874106271393727,170.95864639282226,0.6038063254682289,True,True,72.94325510269275,False,0.4149353918869154
WDC,True,453.4800109863281,0.0551596306378687,0.9176185443678064,26.98204617911234,5.949996808111972,48.77699690191483,453.5831918561113,470.54658949825216,-2.3782121570539383,0.6826329145211751,0.3462163454923108,465.6600036621094,447.0299987792969,495.489990234375,2951261165.205536,2512,452.6756213951361,454.5,2026-09-29 19:58:54-04:00,33.46549216666667,after_hours,0.2249248013056481,464427.0,455.0,452.0,2026-09-29 16:00:01-04:00,"Vendor latest observation, no executable bid/ask or overnight-session venue feed; after-hours bar volumes and extremes may include late regular-session batches and are not reliable liquidity/support measures",0.0977789811830006,0.0116902521111866,0.1113606337989862,0.3066843944876241,0.0889948419632525,0.0103043352379533,0.1101399995050864,0.3080239599987121,0.0933869115731265,0.0109972936745699,0.1107503166520363,0.3073541772431681,-0.0038240565262628,454.3,0.0933869116242345,0.0440237728373205,-5.110792344886761e-09,-0.4162886145614252,511.9922210693359,0.1948975819134078,False,True,40.56633053734985,False,0.4328758366328199
PATH,True,12.31999969482422,1.0664488836416464,0.6293294182743173,0.7825609808793106,6.351956170973559,34.28544799987259,13.789414877877109,13.985293171833789,-37.07263058588038,-34.011785514305274,0.916664900606112,12.350000381469728,11.989999771118164,18.829999923706055,844743605.6854677,1367,12.192313076043463,12.33,2026-09-29 19:59:27-04:00,32.923902149999996,after_hours,0.0811713102556455,1300097.0,12.33,12.1967,2026-09-29 16:00:02-04:00,"Vendor latest observation, no executable bid/ask or overnight-session venue feed; after-hours bar volumes and extremes may include late regular-session batches and are not reliable liquidity/support measures",0.0853489139332903,0.0124093345561137,0.0988456035599812,0.2466381455794523,0.098749356020547,0.0120521875094417,0.120967417472343,0.2758459716548617,0.0920491349769186,0.0122307610327777,0.1099065105161621,0.261242058617157,-1.8777005485269735,12.304,0.0920491349769188,0.2113133940182088,-1.1102230246251564e-14,-0.09624673523847758,12.752000045776366,-1.0394253585097124,False,True,34.611675704301334,False,0.3790322782221742
FN,True,424.1199951171875,3.4539964770345044,0.962006205952832,21.60422425337507,5.093894299278595,51.31309002470711,412.176488241564,448.08752211035016,-0.3509420275033648,2.7099030440717486,0.9620925013303718,424.6199951171875,411.4299926757813,428.5,310977499.62783813,2512,418.72912678597214,424.22,2026-09-29 19:18:57-04:00,73.41891078333333,after_hours,0.0235793841280473,87873.0,424.22,422.52,2026-09-29 16:00:03-04:00,"Vendor latest observation, no executable bid/ask or overnight-session venue feed; after-hours bar volumes and extremes may include late regular-session batches and are not reliable liquidity/support measures",0.0973982454963377,0.0130780270792447,0.1074932917308731,0.2638874909323653,0.0863873347354556,0.0116112596921201,0.1021911648617197,0.260033458969532,0.0918927901158966,0.0123446433856824,0.1048422282962964,0.2619604749509486,0.5528320172735521,424.22,0.0918927901158968,0.0,-1.1102230246251564e-14,-0.47314129124155047,519.1499954223633,1.745621083397222,True,True,81.83472461171468,False,0.43366851363843006
RBLX,True,41.18000030517578,-1.624463199380899,1.5905002683037606,2.524431696515471,6.130237197201242,40.34242970882605,45.39265084041865,44.91548033544369,-3.3272548751898112,-0.2664098036146978,0.2770270096114935,42.25,40.77000045776367,51.959999084472656,531472030.4586601,1396,41.68340926594531,41.3535,2026-09-29 19:55:37-04:00,36.75882701666667,after_hours,0.4213202854260522,18151663.0,41.5695,41.17,2026-09-29 16:04:01-04:00,"Vendor latest observation, no executable bid/ask or overnight-session venue feed; after-hours bar volumes and extremes may include late regular-session batches and are not reliable liquidity/support measures",0.0817877476520543,0.0127675210651422,0.0868495719718245,0.2404818244701486,0.1003570315162151,0.011758452287756,0.1142007655913892,0.3185509991043043,0.0910723895841347,0.0122629866764491,0.1005251687816068,0.2795164117872264,-1.6687520367683892,41.21,0.0910723895841348,0.3482164523173958,-4.163336342344337e-15,-0.3572855500768781,45.19799976348877,-1.3861811019441503,False,True,1.5851924574997431,False,0.7099999978508748
HIMS,True,28.700000762939453,-0.2779705413390676,0.6939750645395892,1.7016188539925623,5.928985396369316,48.40280196804411,28.90349601817113,29.412683249504983,-6.035825338770284,-2.974980267195171,0.2632096310748932,29.83370018005371,28.295000076293945,31.809999465942383,268962784.7815895,1770,28.89407613587353,28.73,2026-09-29 19:53:21-04:00,39.02588098333333,after_hours,0.1045269556204431,390050.0,30.5922,28.61,2026-09-29 16:00:03-04:00,"Vendor latest observation, no executable bid/ask or overnight-session venue feed; after-hours bar volumes and extremes may include late regular-session batches and are not reliable liquidity/support measures",0.0925477672785555,0.010899781811767,0.107952958766073,0.2859067985906343,0.0860311748196752,0.0105052261578783,0.1080664557145793,0.2801711683839394,0.0892894710491153,0.0107025039848227,0.1080097072403261,0.2830389834872868,-0.1195892104475717,28.67,0.0892894710491151,0.2092779909312891,2.9143354396410365e-14,-0.1252807702720718,29.611999893188475,0.36635083834280036,False,True,27.73331293227231,False,0.5604833277660103
CLS,True,366.4700012207031,2.787984875168781,1.042526923802441,19.491978742760416,5.31884702099301,60.5787465328629,341.28280665426996,335.01981512225484,19.340627437274627,22.40147250884974,0.3512513792475769,375.2799987792969,361.7000122070313,381.2999877929687,763629907.6142883,2512,367.13297118779576,369.74,2026-09-29 19:56:38-04:00,35.73544436666667,after_hours,0.892296441292495,472154.0,369.938,365.95715,2026-09-29 16:00:02-04:00,"Vendor latest observation, no executable bid/ask or overnight-session venue feed; after-hours bar volumes and extremes may include late regular-session batches and are not reliable liquidity/support measures",0.0857936002020349,0.0110056738255126,0.0991994424199869,0.2798060568139749,0.0883591294063942,0.0095675439039898,0.1035767932427653,0.2961516407192957,0.0870763648042145,0.0102866088647512,0.1013881178313761,0.2879788487666353,1.2921825382037226,369.938,0.0870763648042148,-0.0535224821456514,-2.0816681711721685e-14,0.43452266198012174,341.2719970703125,1.321000872613613,False,True,65.56709179511992,False,0.2269054655519228
ONDS,True,7.480000019073486,-2.6041642413474064,0.7648865759836222,0.4352261755364877,5.818531743672337,45.82283260639155,7.601602001569569,7.939298382018861,-5.346935025049393,-2.2860899534742796,0.022727789957594,7.909999847412109,7.46999979019165,7.980000019073486,473271138.0727768,1460,7.574416996951813,7.51,2026-09-29 19:59:51-04:00,32.5210888,after_hours,0.4010692627007373,1970024.0,7.51,7.45,2026-09-29 16:00:00-04:00,"Vendor latest observation, no executable bid/ask or overnight-session venue feed; after-hours bar volumes and extremes may include late regular-session batches and are not reliable liquidity/support measures",0.0875416723997882,0.0107756116649082,0.1044701011423208,0.2856164007348251,0.0855101188819006,0.0111880896647485,0.1064976379029324,0.3157323872620397,0.0865258956408444,0.0109818506648283,0.1054838695226266,0.3006743939984324,-0.2793995153122129,7.5,0.0865258956408447,0.1333333333333408,-2.4980018054066022e-14,-0.35301143092044085,8.554250025749207,0.24848168447662733,False,True,23.15730456128745,False,0.5104711943853547
CAMT,True,152.82000732421875,7.159390414535971,0.9091413108045674,7.646891286820922,5.0038548097943005,55.6860729027987,145.7456113492663,148.34900942720685,10.983936513662762,14.044781585237876,0.7396180424370209,154.4499969482422,148.19000244140625,152.7100067138672,53598902.57255554,2512,151.97854586951644,152.88,2026-09-29 19:59:36-04:00,32.766862816666666,after_hours,0.0392570821266646,30079.0,156.98,150.1,2026-09-29 16:00:00-04:00,"Vendor latest observation, no executable bid/ask or overnight-session venue feed; after-hours bar volumes and extremes may include late regular-session batches and are not reliable liquidity/support measures",0.0866845672153173,0.0115018701053976,0.1010784283517352,0.2367895045055716,0.0801734764742839,0.010744472577244,0.0986454711126146,0.2494357958625693,0.0834290218448006,0.0111231713413208,0.0998619497321749,0.2431126501840704,0.9251335882262176,152.82,0.0834290218448008,0.0392618767176999,-1.3877787807814455e-14,-0.09532389245380005,155.97000122070312,1.4008712198996944,True,True,79.80789415260867,False,0.292467227938214
TER,True,403.0199890136719,0.428607344386589,0.8807387470026875,19.94525133536381,4.948948409277833,59.289394587384194,377.9231515916505,373.46886182918934,12.18794086436754,15.248785935942657,0.2016483761037714,415.6099853515625,399.8399963378906,401.9700012207031,902943687.0887756,2512,405.5142261841931,404.95,2026-09-29 19:59:13-04:00,33.15032993333333,after_hours,0.4788871616644874,5800.0,406.18,399.17,2026-09-29 16:00:00-04:00,"Vendor latest observation, no executable bid/ask or overnight-session venue feed; after-hours bar volumes and extremes may include late regular-session batches and are not reliable liquidity/support measures",0.0843340030634334,0.0101988934728603,0.1010936353239023,0.2768236488859928,0.0823568253195723,0.0098750282238331,0.097894821636511,0.2882049060961281,0.0833454141915029,0.0100369608483467,0.0994942284802067,0.2825142774910604,1.2582863459596318,404.0,0.0833454141863735,0.2351485148514909,5.129424662797533e-10,0.46691209448105114,375.4088562011719,1.4136837533077182,False,True,89.37519359438299,False,0.17366972974429262
RKLB,True,69.69999694824219,-3.449238688120426,0.9297748186168396,3.9129142996945,5.613937548089351,50.90750340669865,68.9303703830768,72.22881825737218,5.981706469211723,9.042551540786835,0.0618547457208521,74.25,69.4000015258789,75.45999908447266,1326354633.1516266,1467,70.83170168675201,70.07,2026-09-29 19:59:58-04:00,32.40363696666667,after_hours,0.5308508865969674,1708750.0,70.24,69.6,2026-09-29 16:00:01-04:00,"Vendor latest observation, no executable bid/ask or overnight-session venue feed; after-hours bar volumes and extremes may include late regular-session batches and are not reliable liquidity/support measures",0.0820870034365139,0.0097784445505336,0.0986471204269629,0.2844368592165004,0.081742939198612,0.0111795392429024,0.0987493356605845,0.2984875115494054,0.081914971317563,0.010478991896718,0.0986982280437737,0.2914621853829529,0.1966888375821239,70.19,0.0819149713175634,-0.1709645248610947,-3.8857805861880485e-14,-0.36039555317960903,87.60049934387207,0.7742103675195492,False,True,15.93719640431234,False,0.5384106162368067
CDNA,True,64.0199966430664,-0.8978356729946957,0.6285867728127122,2.856602022516021,4.46204650469222,77.87047779764681,55.60606837383568,48.577738921699066,24.698077026385025,27.758922097960134,0.4352011309789963,65.4800033569336,62.89500045776367,65.49500274658203,69156291.13010406,2512,63.76994747040262,64.0,2026-09-29 19:57:11-04:00,35.192945466666664,after_hours,-0.031234995493512,,65.0,63.47,2026-09-29 16:00:01-04:00,"Vendor latest observation, no executable bid/ask or overnight-session venue feed; after-hours bar volumes and extremes may include late regular-session batches and are not reliable liquidity/support measures",0.0726464981764323,0.0078583150631528,0.0854058037596738,0.2947825629173445,0.0876271430784503,0.0109939740136931,0.0977636037629985,0.3437143180767745,0.0801368206274413,0.0094261445384229,0.0915847037613361,0.3192484404970594,2.9454324413801123,64.99,0.080136820627436,-1.523311278658246,5.370703881624195e-13,1.0239214728870867,37.59899988174438,1.9475024921521304,False,False,73.54741937208519,False,0.02252089536086932
VRT,True,248.33999633789065,1.762007527477727,0.6101772803398554,12.429235146819147,5.004926846301459,46.104535465374994,252.6584383710674,265.19173318552333,-7.049372689309619,-3.9885276177345057,0.2057610756910402,254.1300048828125,246.83999633789065,295.3399963378906,1358816773.4403229,2050,250.1771517047188,249.89,2026-09-29 19:59:35-04:00,32.78571355,after_hours,0.6241458021125412,299737.0,261.5636,248.34,2026-09-29 16:00:03-04:00,"Vendor latest observation, no executable bid/ask or overnight-session venue feed; after-hours bar volumes and extremes may include late regular-session batches and are not reliable liquidity/support measures",0.072547700358198,0.0096590755287833,0.0940932572603983,0.2172533520693371,0.0750080631010769,0.0092715477314896,0.1046013468211222,0.2479102400770135,0.0737778817296374,0.0094653116301364,0.0993473020407603,0.2325817960731753,-0.3474422989158703,249.9691,0.0737778817107615,-0.0316439111874289,1.8875984109101296e-09,-0.6651481173421369,290.9630043029785,-0.3684652971842246,False,True,54.719069883131,False,0.34606558305669555
COIN,True,190.02000427246097,-0.9228787088131464,0.5845434321370965,11.03468000339439,5.807114911739646,53.909388008194,186.2547524589632,177.53746435555567,-2.050846557546948,1.009998514028165,0.1968937198067633,197.6300048828125,188.154296875,208.3300018310547,1837390286.4231873,1372,191.2752025371217,190.1768,2026-09-29 19:59:29-04:00,32.89112416666667,after_hours,0.0825153794409061,2298.0,190.593,189.38,2026-09-29 16:00:01-04:00,"Vendor latest observation, no executable bid/ask or overnight-session venue feed; after-hours bar volumes and extremes may include late regular-session batches and are not reliable liquidity/support measures",0.0686373210242801,0.0086215450685331,0.0855082527201734,0.2336417519681745,0.0777597609456492,0.0084463017424863,0.1033154719820698,0.2870911349705069,0.0731985409849646,0.0085339234055097,0.0944118623511216,0.2603664434693407,0.3412198461885173,190.46,0.0731985409849648,-0.1486926388743148,-1.2490009027033011e-14,0.5991302381265776,169.8314987182617,0.433532782819387,False,True,8.712846083755705,True,0.5275014856223401
MU,True,1065.0799560546875,1.053148616826749,0.7477521154193457,46.92536282619738,4.40580658376299,59.65751472336434,1015.5300078089572,969.1391000723164,8.031952457708357,11.092797529283471,0.295673735279158,1082.659912109375,1057.699951171875,1108.719970703125,25009060989.732662,2512,1070.035452856903,1071.88,2026-09-29 19:59:56-04:00,32.43150073333333,after_hours,0.6384538462728795,1453155.0,1124.5815,1064.5002,2026-09-29 16:00:00-04:00,"Vendor latest observation, no executable bid/ask or overnight-session venue feed; after-hours bar volumes and extremes may include late regular-session batches and are not reliable liquidity/support measures",0.0722603427982278,0.0081888917625534,0.0934232034116877,0.2646986322565131,0.0740590462690132,0.0099437035823067,0.086936038773149,0.2765796441213325,0.0731596945336205,0.00906629767243,0.0901796210924184,0.2706391381889228,1.05593106289351,1071.4,0.0731596945311668,0.0448011946985182,2.4537177845118663e-10,0.5520157533530309,947.2015716552735,1.056387510824617,False,True,49.178854901410205,False,0.151200166913116
ORCL,True,137.7899932861328,3.9140173029596825,1.324784756408427,7.278070936987747,5.282002534011453,43.07895679653403,144.3441744043678,147.0853664122688,-10.658754273591176,-7.597909202016062,0.4714641151475417,143.66990661621094,132.5449981689453,170.6999969482422,5062245279.948044,2512,138.98413007747965,138.91,2026-09-29 19:59:22-04:00,33.004810049999996,after_hours,0.8128360319616279,44682654.0,139.18,137.76,2026-09-29 16:04:32-04:00,"Vendor latest observation, no executable bid/ask or overnight-session venue feed; after-hours bar volumes and extremes may include late regular-session batches and are not reliable liquidity/support measures",0.0715431986437679,0.0102138016086458,0.0891197860559225,0.2228166465570457,0.0746409522080786,0.0093849727558036,0.098972528399068,0.2565089330367385,0.0730920754259233,0.0097993871822247,0.0940461572274952,0.2396627897968921,-0.9005382298386394,138.9015,0.073092075426257,0.0061194443544465,-3.336914078388986e-11,-0.36749397190353533,158.85565223693848,-1.1805025010793502,True,True,57.99428716440213,False,0.5686766139935588
AMD,True,607.5700073242188,-0.0493506498722484,0.7432559626056405,24.94908240358057,4.106371628424861,65.52487340648648,560.6275543608036,522.5649493274756,26.01164085394896,29.07248592552407,0.1228817120874147,624.1300048828125,605.25,639.0,11993444786.605988,2512,613.3675218855661,609.0387,2026-09-29 19:59:58-04:00,32.39802675,after_hours,0.241732254402982,1441809.0,617.8584,561.1174,2026-09-29 16:00:01-04:00,"Vendor latest observation, no executable bid/ask or overnight-session venue feed; after-hours bar volumes and extremes may include late regular-session batches and are not reliable liquidity/support measures",0.0713037298410025,0.0079808756118133,0.0908044565468144,0.2633323536766179,0.072432725232323,0.0091337076892046,0.0871072441641017,0.2752510187138674,0.0718682275366627,0.008557291650509,0.088955850355458,0.2692916861952427,1.881530238429858,609.0,0.071868227536663,0.0063546798029445,-2.4980018054066022e-14,1.159292217801043,506.7455032348633,1.0635589445554499,False,False,22.57420027248896,False,0.04918621702000192
TEAM,True,175.9600067138672,-1.445046863047017,1.3171773293517932,9.315459470364484,5.294077696594191,47.72534104678948,183.2844882687105,161.89294553068686,-12.439220529576511,-9.378375458001395,0.690830198284352,179.5,168.0500030517578,200.0,624155297.7794647,2512,174.04942609614835,175.6578,2026-09-29 19:52:18-04:00,40.07350965,after_hours,-0.1717473870972319,,176.645,173.03,2026-09-29 16:00:00-04:00,"Vendor latest observation, no executable bid/ask or overnight-session venue feed; after-hours bar volumes and extremes may include late regular-session batches and are not reliable liquidity/support measures",0.0708999823697974,0.0097977392518638,0.0804690894781606,0.2695129406469401,0.0726528196671761,0.0101525281495087,0.0873847823771454,0.2898656328947115,0.0717764010184868,0.0099751337006863,0.083926935927653,0.2796892867708258,-0.7862716356766816,176.5,0.0717764010184862,-0.4771671388101972,6.106226635438361e-14,0.5715951871413463,125.31899986267089,-1.7169922864861134,False,True,5.0529819367134055,True,0.1201999664306641
RDDT,True,145.36000061035156,1.5935132444218514,1.02421223691138,7.5292705226091075,5.179740293749643,42.185045082221286,152.8389937430705,157.96255248052847,-4.718376354106246,-1.6575312825311328,0.650468089080707,147.52999877929688,141.3217010498047,166.17999267578125,739094648.4422302,633,144.43893596689395,145.8727,2026-09-29 19:50:53-04:00,41.49203455,after_hours,0.3527100904620717,4875788.0,145.8999,145.0,2026-09-29 16:04:35-04:00,"Vendor latest observation, no executable bid/ask or overnight-session venue feed; after-hours bar volumes and extremes may include late regular-session batches and are not reliable liquidity/support measures",0.0694335169563996,0.0098036328230464,0.0839484452619478,0.2048710312156126,0.0735450713227407,0.0091503665475829,0.0978325873922593,0.2367008353716399,0.0714892941395702,0.0094769996853146,0.0908905163271036,0.2207859332936262,-0.9933224088921754,145.8284,0.0714892941395701,0.0303781705072614,9.714451465470121e-15,-0.6345732536810524,164.64399948120118,-1.4747456749282604,False,True,35.87783956412292,False,0.44834914379373225
LRCX,True,323.8599853515625,2.985971346840577,0.8398630955090934,14.406986109130052,4.448523053408625,59.67483153515559,303.57095495231556,307.19931878396034,4.473085298461998,7.533930370037112,0.513226773692215,328.32379150390625,319.1535949707031,322.2099914550781,2760089391.3945007,2512,323.2869627830796,325.6,2026-09-29 19:59:49-04:00,32.5497898,after_hours,0.5372737377693282,24914.0,342.873,322.76,2026-09-29 16:00:01-04:00,"Vendor latest observation, no executable bid/ask or overnight-session venue feed; after-hours bar volumes and extremes may include late regular-session batches and are not reliable liquidity/support measures",0.0721680004154644,0.0086023220983568,0.092292576261418,0.2378838081416191,0.0697467850803866,0.0096586692126105,0.0845898327286265,0.2340170829721227,0.0709573927479255,0.0091304956554836,0.0884412044950223,0.2359504455568709,1.4082772236720138,325.0,0.070957392842081,0.184615384615383,-9.415541957213946e-09,0.04785637861405656,321.04713134765626,1.5199567583315943,False,True,95.14357772330715,False,0.2606521721908853
MTSI,True,284.2699890136719,2.0498246356701166,0.690869566863977,13.826161363115048,4.8637428843922335,54.55026039356608,274.39844454506414,281.0760803955507,4.686569355028558,7.747414426603672,0.7211539670762227,286.29998779296875,279.0199890136719,289.260009765625,354801129.127655,2512,283.7086501085108,284.5132,2026-09-29 19:31:31-04:00,60.85157523333333,after_hours,0.0855563357820443,156556.0,286.28,283.4,2026-09-29 16:00:01-04:00,"Vendor latest observation, no executable bid/ask or overnight-session venue feed; after-hours bar volumes and extremes may include late regular-session batches and are not reliable liquidity/support measures",0.0702178853817347,0.0089775778348271,0.0879180244010235,0.2291803282173016,0.0704147602743074,0.0089012845758366,0.0912813221919508,0.2330086902932812,0.070316322828021,0.0089394312053318,0.0895996732964871,0.2310945092552914,0.7139757890387928,284.5132,0.0703163228280215,0.0,-4.3021142204224816e-14,-0.32116912287844285,314.653498840332,1.0500241371351176,False,True,65.79931935248696,False,0.3213893694065828
TWLO,True,290.7799987792969,1.3241297816905415,1.1716325394683578,14.175200655802149,4.874888477649792,66.87212961417882,259.7712732202625,237.87453835589872,20.344490731864905,23.405335803440018,0.8225131919915845,292.67999267578125,281.9750061035156,304.75,612451783.325119,2512,288.14264808857365,290.72,2026-09-29 18:13:31-04:00,138.85737203333335,after_hours,-0.020633736690534,246493.0,290.78,289.1993,2026-09-29 16:00:02-04:00,"Vendor latest observation, no executable bid/ask or overnight-session venue feed; after-hours bar volumes and extremes may include late regular-session batches and are not reliable liquidity/support measures",0.0714667869594889,0.0078491301168845,0.0829158492272749,0.2691931322080923,0.0685198027773593,0.0069028376553,0.0876290475946469,0.3009024128193871,0.0699932948684241,0.0073759838860923,0.0852724484109609,0.2850477725137397,2.187533447460722,290.72,0.0699932948684162,0.0,7.951972413877685e-13,1.5860609066664646,216.33050003051758,1.5187240435430183,False,False,66.44036099329757,False,0.04584085716391506
APP,True,305.6600036621094,-0.8370057922412633,0.7701831577007489,15.721346010135449,5.143409612568921,40.4988035300005,318.5316991369478,347.47224472340673,-5.111730781552303,-2.0508857099771904,0.0960194969250176,313.3800048828125,304.8399963378906,338.3399963378906,1517782899.0037537,1371,307.4274769994935,306.6986,2026-09-29 19:59:14-04:00,33.13987815,after_hours,0.339788106211869,,306.79,305.6,2026-09-29 16:00:01-04:00,"Vendor latest observation, no executable bid/ask or overnight-session venue feed; after-hours bar volumes and extremes may include late regular-session batches and are not reliable liquidity/support measures",0.0695578932048847,0.0090951718144426,0.0881845048185292,0.2091228115813705,0.0699214864453712,0.010967956356035,0.0944423716496321,0.216902472625479,0.069739689825128,0.0100315640852388,0.0913134382340807,0.2130126421034247,-0.8187400408680097,306.79,0.0697396898251282,-0.0297923661136345,-1.5265566588595902e-14,-0.5974328406110111,419.60449981689453,-1.3669520747875337,False,True,5.909130284225318,False,0.5900537685020573
HOOD,True,116.22000122070312,-0.2060775078621235,0.6251370137025707,5.937605979504845,5.108936428445963,53.604909300639584,114.98838202949426,108.34025949731934,7.825524480843438,10.88636955241855,0.3028240148722853,119.18990325927734,114.93000030517578,126.73999786376952,2653320205.6288147,1298,116.3573875986242,117.4999,2026-09-29 19:59:56-04:00,32.441256933333335,after_hours,1.1012723850056805,782.0,124.2907,115.98,2026-09-29 16:00:01-04:00,"Vendor latest observation, no executable bid/ask or overnight-session venue feed; after-hours bar volumes and extremes may include late regular-session batches and are not reliable liquidity/support measures",0.0653453626190508,0.0082723907699796,0.0838931531676668,0.2255554505193519,0.0733496483260609,0.0081705372011994,0.0981931221150755,0.2645050979127431,0.0693475054725558,0.0082214639855895,0.0910431376413712,0.2450302742160475,0.2074268982246566,117.1543,0.0693475054725561,0.2949955742127974,-2.0816681711721685e-14,0.576518296054385,100.4425006866455,0.05215576746773059,False,True,7.096401396179981,True,0.24463797764417827
ARWR,True,66.25,1.2068452896063953,1.21756782848963,3.636089986690135,5.488437715758695,32.7068106128795,72.99923528598646,77.84743734216862,-22.6506005142439,-19.58975544266879,0.7433622642401164,66.83000183105469,64.56999969482422,87.19999694824219,164931259.8682022,2512,65.75178271138749,67.72,2026-09-29 19:44:18-04:00,48.0799419,after_hours,2.2188679245283005,14607.0,68.42,66.25,2026-09-29 16:00:01-04:00,"Vendor latest observation, no executable bid/ask or overnight-session venue feed; after-hours bar volumes and extremes may include late regular-session batches and are not reliable liquidity/support measures",0.0650537532446695,0.0094383339116604,0.0832826992351507,0.20049448875654,0.0731355374733201,0.0092375120410048,0.09938842449819,0.2262677383083947,0.0690946453589948,0.0093379229763326,0.0913355618666703,0.2133811135324674,-1.85617938793923,67.72,0.0690946453589948,0.0,1.3877787807814457e-15,-1.0249650259641752,79.53449974060058,-1.0226011480436923,False,True,56.513438278924255,False,0.3062100588323886
STX,True,913.4500122070312,-0.8746511131923262,0.6715858742691024,49.87002211830965,5.45952394240121,57.72584805395561,872.5854610417289,856.5688925523684,7.296991381799178,10.357836453374292,0.3011511724445582,944.4299926757812,900.0999755859375,936.9400024414062,3234290091.842041,2512,910.7118285719664,916.7605,2026-09-29 19:59:11-04:00,33.1822958,after_hours,0.3624158682717704,,917.0,906.69,2026-09-29 16:00:01-04:00,"Vendor latest observation, no executable bid/ask or overnight-session venue feed; after-hours bar volumes and extremes may include late regular-session batches and are not reliable liquidity/support measures",0.068937409522681,0.0075562979763617,0.087846577135024,0.2555070110781184,0.0676647534996111,0.0077186234349347,0.0925736793558773,0.2803441564593458,0.068301081511146,0.0076374607056482,0.0902101282454507,0.2679255837687321,0.8194211558269805,916.54,0.0683010815841349,0.024057869814742,-7.298883719641935e-09,0.34482832556775267,868.3330627441406,1.1017451339385764,False,True,42.1233324304811,False,0.2010182918471557
CCL,True,25.11000061035156,13.414640029718106,3.2162668618294976,0.9448234336481514,3.762737597300771,61.60508801575758,23.1225884950384,24.55524144187929,2.0458993900080547,5.106744461583168,0.8604649787382528,25.290000915527344,24.0,24.559999465942383,529081764.28741455,2512,24.911640323919386,25.09,2026-09-29 19:59:51-04:00,32.529035916666665,after_hours,-0.079651970790151,3433393.0,25.17,24.8201,2026-09-29 16:00:02-04:00,"Vendor latest observation, no executable bid/ask or overnight-session venue feed; after-hours bar volumes and extremes may include late regular-session batches and are not reliable liquidity/support measures",0.0767348234556883,0.0109146195039431,0.0828499864394771,0.1859630721412276,0.0556989118948379,0.0105674303628973,0.0799863796358861,0.2133257836916967,0.0662168676752631,0.0107410249334202,0.0814181830376816,0.1996444279164621,2.103474622384596,25.0803,0.0662168676744718,0.0386757734157861,7.91339216377196e-11,-0.25381081644746695,26.32894124984741,3.0337308128144214,True,False,97.13961120804082,False,0.2502641192142714
KMX,True,59.22999954223633,4.739169480694572,5.135772338946896,2.566217664032788,4.332631578365695,51.16793335713824,58.776636382102495,58.041476999889426,-6.484947837140364,-3.424102765565251,0.2113675323707372,63.66999816894531,58.040000915527344,63.38999938964844,139577133.96417618,2512,60.16831179759752,59.23,2026-09-29 19:03:01-04:00,89.36250064999999,after_hours,7.728577999799313e-07,12076877.0,59.6,59.23,2026-09-29 16:04:43-04:00,"Vendor latest observation, no executable bid/ask or overnight-session venue feed; after-hours bar volumes and extremes may include late regular-session batches and are not reliable liquidity/support measures",0.0831314443302957,0.0111629597555369,0.0815422599985942,0.2883858648764151,0.0489304645202227,0.0083452610411988,0.0683354483421558,0.1967200610906149,0.0660309544252592,0.0097541103983679,0.074938854170375,0.242552962983515,0.1766659026971923,59.23,0.0660309544252614,0.0,-2.151057110211241e-13,0.34797887545920836,54.27150001525879,-0.09431731744357412,False,True,85.12374333404675,False,0.09267768612427218
AMAT,True,512.010009765625,5.187361223893028,1.1227258124966537,20.257930545482385,3.9565497078378504,63.03090724391658,469.702347230609,483.516783045157,8.636616348545779,11.697461420120892,0.9099916298444708,513.280029296875,499.1700134277344,487.6799926757813,2864942412.284088,2512,506.6927127017116,514.09,2026-09-29 19:59:49-04:00,32.54964305,after_hours,0.4062401505250168,433205.0,515.48,507.846,2026-09-29 16:00:01-04:00,"Vendor latest observation, no executable bid/ask or overnight-session venue feed; after-hours bar volumes and extremes may include late regular-session batches and are not reliable liquidity/support measures",0.0717114937445699,0.0086108807354774,0.0881377906574814,0.2203516186958436,0.0601545378602837,0.008635381346529,0.0794043202098145,0.2085093119328763,0.0659330158024268,0.0086231310410032,0.0837710554336479,0.21443046531436,2.088449382330951,514.0,0.065933015798073,0.0175097276264635,4.3538367355822056e-10,0.018065581472104558,509.7397491455078,2.224816395183115,False,False,99.83736491763949,False,0.30704569102542045
RBRK,True,114.7699966430664,1.4855428062410247,0.5969571415051932,5.70767071420118,4.973138347256366,64.34792312643435,105.0547342165237,95.91937783980008,20.294696108253675,23.355541179828787,0.9424958963856092,114.9749984741211,111.41000366210938,116.12000274658205,339936937.74593353,609,113.9239535056874,114.74,2026-09-29 19:51:37-04:00,40.756383633333336,after_hours,-0.0261363108336576,390491.0,114.77,113.888,2026-09-29 16:00:02-04:00,"Vendor latest observation, no executable bid/ask or overnight-session venue feed; after-hours bar volumes and extremes may include late regular-session batches and are not reliable liquidity/support measures",0.0615263368545028,0.0070969183779074,0.0768531410431246,0.2279800154092451,0.0623161208044702,0.006872196811292,0.0863319945868475,0.2469266626464294,0.0619212288294865,0.0069845575945997,0.081592567814986,0.2374533390278372,1.70214136606905,113.888,0.0619212288294865,0.7481033998314013,4.163336342344337e-15,1.1571256263436223,83.38750019073487,1.251215824428828,False,False,74.12618431766846,False,0.01162595652414733
UPST,True,23.13999938964844,0.4776322176434533,0.9127931682787052,1.209406118422264,5.226474288341104,32.09118542064435,25.547582584652215,27.48651612407496,-22.3774449899076,-19.31659991833249,0.3032242821597596,23.68000030517578,22.905000686645508,29.040000915527344,113697773.9461708,1452,23.20044933341824,23.29,2026-09-29 19:45:10-04:00,47.20858075,after_hours,0.6482308310633123,354274.0,23.4,23.06,2026-09-29 16:00:00-04:00,"Vendor latest observation, no executable bid/ask or overnight-session venue feed; after-hours bar volumes and extremes may include late regular-session batches and are not reliable liquidity/support measures",0.0599279135487453,0.0079370141782337,0.0824396258698674,0.1983391879900719,0.0632046828247035,0.0099992675721548,0.0880464599870982,0.1973743309599248,0.0615662981867244,0.0089681408751942,0.0852430429284828,0.1978567594749984,-1.9907152430687225,23.29,0.0615662981867246,0.0,-1.1102230246251564e-14,-1.1183965757836196,29.64700002670288,-1.6186746970971406,False,True,18.45086795952651,False,0.6006902660051892
MLYS,False,24.479999542236328,-4.4869280381821035,1.145382354457794,1.4700152013251149,6.004964169990439,36.53619910090229,27.175071444254343,27.214991124887753,-7.696608727674881,-4.635763656099767,0.0381673720947501,25.739999771118164,24.43000030517578,31.989999771118164,41074323.88203621,911,24.910500231513,24.47,2026-09-29 19:30:04-04:00,62.31301908333333,after_hours,-0.0408478040168081,116762.0,25.5633,24.47,2026-09-29 16:00:01-04:00,"Vendor latest observation, no executable bid/ask or overnight-session venue feed; after-hours bar volumes and extremes may include late regular-session batches and are not reliable liquidity/support measures",0.0536175336914662,0.0076527880030513,0.0704723276994312,0.1889298833188501,0.0651027253979162,0.0089675552018126,0.0908008210732182,0.2350297353920712,0.0593601295446912,0.008310171602432,0.0806365743863247,0.2119798093554606,-1.8333632873922672,24.47,0.0593601295446912,0.0,6.9388939039072276e-15,-0.6285185994312553,26.863500022888182,-2.0941682256443017,False,True,2.437123905104826,False,0.4862539610005858
CRWD,True,262.739990234375,1.3461871685149562,0.5827727017016996,11.886983462083036,4.524238374021158,66.00849364070402,239.26483357533547,218.97381310613403,10.679410441141336,13.740255512716448,0.984493890033507,262.8500061035156,255.7550048828125,263.8699951171875,2796141358.922043,1835,259.9991659851782,264.1,2026-09-29 19:59:56-04:00,32.439057416666664,after_hours,0.5176257197893053,,264.21,262.01,2026-09-29 16:00:01-04:00,"Vendor latest observation, no executable bid/ask or overnight-session venue feed; after-hours bar volumes and extremes may include late regular-session batches and are not reliable liquidity/support measures",0.0568066500093591,0.0064478253668122,0.0736725475565191,0.2239681778002231,0.0588417480168029,0.0068991637108589,0.0823948337449418,0.2523695075480077,0.057824199013081,0.0066734945388356,0.0780336906507305,0.2381688426741154,1.974862397505668,263.9,0.0578241990130809,0.0757862826828548,1.4571677198205183e-14,1.3527764991621516,194.5898750305176,1.3771419243431955,False,False,77.79469909859529,False,0.0042824303775450545
VERA,True,32.375,-0.3846153846153832,0.5660185521407586,1.948772323901672,6.019373973441458,44.64944761524535,33.615997146204435,34.23127988934427,-8.063784447890054,-5.0029393763149415,0.6884058171324003,32.59000015258789,31.899999618530273,37.13999938964844,87477884.71107483,1350,32.196275229790004,32.85,2026-09-29 19:36:42-04:00,55.67667673333334,after_hours,1.4671814671814776,113476.0,32.85,32.16,2026-09-29 16:00:00-04:00,"Vendor latest observation, no executable bid/ask or overnight-session venue feed; after-hours bar volumes and extremes may include late regular-session batches and are not reliable liquidity/support measures",0.0543637659545323,0.0068638299962034,0.0712377114975951,0.17844775505714,0.0584771926670906,0.0080069464956247,0.0829567132528543,0.1896484236413264,0.0564204793108115,0.0074353882459141,0.0770972123752247,0.1840480893492332,-0.6368097139843472,32.85,0.0564204793108115,0.0,0.0,-0.4762464911754936,35.43474988937378,-1.372955004294882,False,True,16.99467230865292,False,0.42239071470685263
NET,True,352.260009765625,-0.4887088664864758,0.6669517377635846,17.250853112158836,4.897193162413364,62.73861331772028,330.4183243605044,305.5637233342163,12.392606692625252,15.453451764200366,0.4879495060296277,356.7189025878906,348.010986328125,367.4299926757813,1035990992.8466796,1770,352.30989797035704,352.26,2026-09-29 18:02:20-04:00,150.03892463333335,after_hours,-2.7722775075567085e-06,2120572.0,352.26,351.5,2026-09-29 16:04:20-04:00,"Vendor latest observation, no executable bid/ask or overnight-session venue feed; after-hours bar volumes and extremes may include late regular-session batches and are not reliable liquidity/support measures",0.0520566877021012,0.0060733985590243,0.0697724243219266,0.2128376145277584,0.0549346332556023,0.0064718859691714,0.0786477244204011,0.238140911862885,0.0534956604788518,0.0062726422640979,0.0742100743711639,0.2254892631953217,1.2661220441165322,352.26,0.0534956604788517,0.0,9.714451465470121e-15,1.063977597778799,269.60700073242185,1.058059598546586,False,False,47.014372213633166,False,0.04128673002354
KGS,True,51.75,-1.8399112258028705,1.1463420664928965,2.514453878175168,4.858848073768441,31.65428909833381,56.73410416259853,59.599451002873984,-15.005715588989432,-11.94487051741432,0.257510293961149,53.47999954223633,51.150001525878906,65.16999816894531,112760682.9910469,816,51.79513110521437,51.75,2026-09-29 17:21:38-04:00,190.73684253333337,after_hours,0.0,321755.0,51.75,51.75,2026-09-29 16:00:02-04:00,"Vendor latest observation, no executable bid/ask or overnight-session venue feed; after-hours bar volumes and extremes may include late regular-session batches and are not reliable liquidity/support measures",0.0524123511773666,0.0071533925462109,0.0746064415739435,0.1917902182236331,0.0532591198303962,0.0078349554739592,0.0805193013953179,0.2014419246126866,0.0528357355038814,0.0074941740100851,0.0775628714846307,0.1966160714181598,-1.9821815806045624,51.75,0.0528357355034343,0.0,4.4715620095558955e-11,-1.1123553437228626,64.36963653564453,-1.5741758501629624,False,True,2.3471285521606324,False,0.3287724064495179
DDOG,True,268.55999755859375,-0.0521081660128874,0.7924873987235715,12.7093485461315,4.732405667883805,67.07653367959239,244.87736250437257,239.7596690803235,10.23649089080525,13.297335962380362,0.9135554502994802,269.44000244140625,259.260009765625,280.70001220703125,867433366.4497375,1766,265.89447293421034,268.0948,2026-09-29 19:59:14-04:00,33.1387967,after_hours,-0.1732192295288648,169578.0,270.0,267.1,2026-09-29 16:00:00-04:00,"Vendor latest observation, no executable bid/ask or overnight-session venue feed; after-hours bar volumes and extremes may include late regular-session batches and are not reliable liquidity/support measures",0.0546386964943089,0.0060403172635401,0.0708503485074992,0.206003435426254,0.0509288376197714,0.0061456870838149,0.0748130156627411,0.2173297742965738,0.0527837670570401,0.0060930021736775,0.0728316820851202,0.2116666048614139,1.8634027517822505,268.7832,0.0527837670570401,-0.2561171978010534,8.326672684688674e-15,0.8390939610206001,239.50149993896486,1.759641468450499,False,False,95.85726046770327,False,0.08253622424623241
KLAC,True,196.52999877929688,3.890680700741167,0.8095278356082696,7.92706461973121,4.033513798895048,60.98941673241563,184.07488015880273,189.3619945811173,8.953975217805276,12.01482028938039,0.8081625281042333,197.47000122070312,192.57000732421875,190.8699951171875,1719197946.4956665,2512,195.7822436937784,197.92,2026-09-29 19:59:55-04:00,32.44992925,after_hours,0.7072717800522987,38318.0,198.17,196.01,2026-09-29 16:00:01-04:00,"Vendor latest observation, no executable bid/ask or overnight-session venue feed; after-hours bar volumes and extremes may include late regular-session batches and are not reliable liquidity/support measures",0.056180572892293,0.006668924806498,0.0754307586226893,0.1828048745846206,0.0486135035573263,0.0072629660506956,0.0716558032531373,0.1715967673147615,0.0523970382248096,0.0069659454285968,0.0735432809379133,0.177200820949691,1.5712144681515758,197.86,0.05239703824377,0.0303244718487638,-1.8960319425609384e-09,-0.1401588697823544,203.95816497802736,1.8984699116760437,True,True,98.47631303306683,False,0.3598850265539558
AFRM,True,69.30000305175781,3.1096622463248957,0.7134287099106204,3.5702106950036954,5.151818957839334,44.846347375778976,71.28559877930665,72.69570436440611,-9.978231381294725,-6.917386309719609,0.577408048215232,70.30999755859375,67.91999816894531,76.9489974975586,347651160.0008011,1434,69.07688285776375,69.6,2026-09-29 19:50:09-04:00,42.22499011666666,after_hours,0.4328960101460888,,69.8,68.55,2026-09-29 16:00:01-04:00,"Vendor latest observation, no executable bid/ask or overnight-session venue feed; after-hours bar volumes and extremes may include late regular-session batches and are not reliable liquidity/support measures",0.0515443535400243,0.0065590228574181,0.0723665979618375,0.1793907515018491,0.0519087040270963,0.0071741158248493,0.0797095736197349,0.1887374611392029,0.0517265287835603,0.0068665693411337,0.0760380857907862,0.184064106320526,-0.5561564560678639,69.6,0.0517265287835604,0.0,-4.857225732735061e-15,-0.36809956202808963,73.42999992370605,-0.8532261366701912,False,True,51.50007888882231,False,0.2337461169723486
ZS,True,198.35499572753903,-0.5190850420169646,0.4321036399758487,10.27683155995364,5.181029861264458,56.22167502411333,192.5046437633947,178.66609869127916,2.2315091558956723,5.292354227470786,0.5167190681445989,201.38999938964844,195.11000061035156,216.97000122070312,744127508.595047,2146,197.7516265832346,198.7,2026-09-29 19:55:05-04:00,37.289333133333336,after_hours,0.1739327367054732,203318.0,199.0,197.0,2026-09-29 16:00:00-04:00,"Vendor latest observation, no executable bid/ask or overnight-session venue feed; after-hours bar volumes and extremes may include late regular-session batches and are not reliable liquidity/support measures",0.0488206805418178,0.0061979780634062,0.0659364572764502,0.183874041041343,0.0542058746157881,0.0066003923510022,0.0779446629627858,0.2069188759218657,0.051513277578803,0.0063991852072042,0.071940560119618,0.1953964584816044,0.5692758444092584,198.38,0.0515132775788029,0.1613065833249383,1.0408340855860844e-14,0.8854159039831953,158.6787494659424,0.5945584931330429,False,False,36.794056749725286,False,0.411392025058121
S,True,23.309999465942383,2.50659498927599,0.7755107630466421,1.1463332153014751,4.917774524089338,57.48430349102345,22.405378614616883,21.10619009863772,2.414263813432904,5.475108885008018,0.8888875433189425,23.415000915527344,22.469999313354492,24.39800071716309,197758123.89507297,1318,23.056287360432016,23.324,2026-09-29 19:59:44-04:00,32.63946168333333,after_hours,0.0600623525456311,1093447.0,23.3712,23.07,2026-09-29 16:00:02-04:00,"Vendor latest observation, no executable bid/ask or overnight-session venue feed; after-hours bar volumes and extremes may include late regular-session batches and are not reliable liquidity/support measures",0.0486117321280062,0.006106368701279,0.0653433346093917,0.1821282435976672,0.0509217384338025,0.0064587821833646,0.074514777630669,0.2077293762963218,0.0497667352809043,0.0062825754423218,0.0699290561200303,0.1949288099469945,0.7891430164026028,23.3382,0.0497667352809044,-0.0608444524427764,-1.3877787807814457e-15,0.8812915358575036,18.888499879837035,0.8118175219050499,False,False,65.22971689146502,False,0.04459386913843866
CLBT,False,10.93000030517578,-1.2646738347598552,1.298861185896666,0.5018504143996452,4.591494971523463,39.163136429266096,11.509959158515851,12.318128745354622,-11.977509195110269,-8.916664123535156,0.6190480515528994,11.010000228881836,10.800000190734863,12.130000114440918,30999011.784911156,1479,10.902086306685332,11.2169,2026-09-29 19:30:05-04:00,62.296479016666666,after_hours,2.624882770482273,,11.37,10.93,2026-09-29 16:00:01-04:00,"Vendor latest observation, no executable bid/ask or overnight-session venue feed; after-hours bar volumes and extremes may include late regular-session batches and are not reliable liquidity/support measures",0.0488272015837459,0.0064987370304713,0.0651867382076337,0.1582760558253428,0.0506792902759693,0.009514391117262,0.0643331497239896,0.161991484086018,0.0497532459298576,0.0080065640738667,0.0647599439658116,0.1601337699556804,-1.1556408776385418,11.2169,0.0497532459298575,0.0,1.1102230246251564e-14,-0.6831407649713614,13.270249938964843,-1.7969970631089263,False,True,31.608644922511104,False,0.4529529251454425
SNOW,True,330.30999755859375,0.6674394959149232,1.018143034190629,14.826807743539227,4.488755367118156,51.38345285695931,330.8706458043396,313.9510398458601,-3.39877318367664,-0.3379281121015265,0.6645011493645467,333.4100036621094,324.1700134277344,384.55999755859375,1872609187.2532656,1516,329.3246494953617,330.8,2026-09-29 19:28:14-04:00,64.13866933333334,after_hours,0.1483462338494057,243781.0,331.08,330.0,2026-09-29 16:00:03-04:00,"Vendor latest observation, no executable bid/ask or overnight-session venue feed; after-hours bar volumes and extremes may include late regular-session batches and are not reliable liquidity/support measures",0.0480921260235234,0.0062009940187516,0.0668305766974031,0.1850180602907344,0.0513384258549377,0.0064066974937913,0.0764388244890522,0.2287313973541043,0.0497152759392305,0.0063038457562714,0.0716347005932276,0.2068747288224193,-0.037813145988227,331.08,0.0497152759392306,-0.0845717047239236,-6.938893903907228e-16,0.4971751603036945,277.2039985656738,-0.18875477248630354,False,True,39.87961830921523,False,0.1410703150208289
RNG,True,74.43000030517578,-2.2330185335266983,0.9250440309008396,3.3580293931081324,4.511661130377046,55.884198317887346,73.57716713178456,65.9940881127381,3.8480853634066614,6.908930434981775,0.5587463098050621,76.12000274658203,72.29000091552734,81.9000015258789,119273790.77339172,2512,73.78148629794251,74.43,2026-09-29 17:52:00-04:00,160.37377428333332,after_hours,-4.100171646648221e-07,172370.0,74.7,74.43,2026-09-29 16:00:03-04:00,"Vendor latest observation, no executable bid/ask or overnight-session venue feed; after-hours bar volumes and extremes may include late regular-session batches and are not reliable liquidity/support measures",0.0466690128964535,0.0057628238471973,0.0624257130394637,0.1977872379129137,0.0515434946549148,0.0081233310994207,0.0670851871849836,0.2282223940008023,0.0491062537756842,0.006943077473309,0.0647554501122237,0.213004815956858,0.253968346775503,74.43,0.0491062537753732,0.0,3.110081636670259e-11,0.7592550932636111,53.052602767944336,0.1480339805846589,False,True,8.316885081605442,True,0.09120880441428003
DUOL,True,142.6199951171875,6.195079580320817,0.8821805048781193,7.7283621801673075,5.418849000672798,48.4177848469266,145.05236058011548,140.89912103685023,-6.929816134900635,-3.8689710633255214,0.9891942884881346,142.7100067138672,134.3800048828125,167.3800048828125,179860621.0987091,1299,140.45252643636897,142.33,2026-09-29 19:50:06-04:00,42.27574235,after_hours,-0.203334123626353,259.0,152.2962,140.5,2026-09-29 16:00:01-04:00,"Vendor latest observation, no executable bid/ask or overnight-session venue feed; after-hours bar volumes and extremes may include late regular-session batches and are not reliable liquidity/support measures",0.0456482814989909,0.0064880624900984,0.0617797389556204,0.1461569378878366,0.052499780651929,0.0087217741875687,0.0671109510576133,0.176322968233218,0.04907403107546,0.0076049183388336,0.0644453450066169,0.1612399530605273,-0.314732333478103,142.33,0.0490740310754599,0.0,1.2490009027033011e-14,0.4873465302873355,129.52749900817872,-0.8320777050309448,False,True,59.560918436578504,False,0.5959773509428117
AMPL,False,13.640000343322754,2.5563920880598445,0.9465530907111548,0.6777690748113193,4.968981361815803,57.14289169132889,13.247641900060984,12.164114416088164,-6.323256601375538,-3.262411529800424,0.9230767976759692,13.6850004196167,13.100000381469728,14.378000259399414,20857531.08668804,1256,13.355085441259323,13.4,2026-09-29 19:30:05-04:00,62.29030676666666,after_hours,-1.7595332645298778,194921.0,13.88,13.4,2026-09-29 16:00:01-04:00,"Vendor latest observation, no executable bid/ask or overnight-session venue feed; after-hours bar volumes and extremes may include late regular-session batches and are not reliable liquidity/support measures",0.0496148304296594,0.0059091302758758,0.0663187082260247,0.2039250055308543,0.0465298694566684,0.0064405596034312,0.0695592692731407,0.2149721029999636,0.0480723499431639,0.0061748449396535,0.0679389887495827,0.2094485542654089,0.5788969397445536,13.4,0.0480723499431639,0.0,3.4694469519536138e-15,0.6885240233569306,9.883000087738036,0.8274050912253501,False,True,76.23211758031285,False,0.07588074987746318
SOFI,True,15.90999984741211,-0.1255521492813383,0.7922500990705432,0.6740667016020192,4.236748636497703,36.53594084735376,17.009683929500067,17.391302707771413,-14.078738840145231,-11.01789376857012,0.1428579213680616,16.209999084472656,15.859999656677246,18.709999084472656,771374125.3299522,1441,16.006998045265625,15.93,2026-09-29 19:59:50-04:00,32.5417869,after_hours,0.1257080627260043,1613389.0,15.9954,15.9,2026-09-29 16:00:00-04:00,"Vendor latest observation, no executable bid/ask or overnight-session venue feed; after-hours bar volumes and extremes may include late regular-session batches and are not reliable liquidity/support measures",0.0484641310448187,0.0062285553432984,0.0740251965734117,0.1816486365910778,0.0470365453016803,0.0077329989661646,0.0729853297811899,0.1770195505200986,0.0477503381732495,0.0069807771547315,0.0735052631773008,0.1793340935555882,-1.631417305549133,15.9393,0.0477503381732497,-0.0583463514708948,-1.5959455978986622e-14,-0.7219274168928451,17.38199977874756,-1.8517783664669536,False,True,8.2126964151819,False,0.5139016171729212
QCOM,True,184.1000061035156,-1.802853478264166,0.6648045124452648,9.02304072682301,4.901162644041164,51.97400615574841,184.09682752358657,178.23194512541644,5.516103351940549,8.576948423515663,0.2406704437221998,190.0,182.22999572753903,205.8500061035156,2737046270.8566284,2512,185.74228709347489,184.4999,2026-09-29 19:59:57-04:00,32.41782796666667,after_hours,0.217215580242569,1659434.0,190.471,183.93,2026-09-29 16:00:00-04:00,"Vendor latest observation, no executable bid/ask or overnight-session venue feed; after-hours bar volumes and extremes may include late regular-session batches and are not reliable liquidity/support measures",0.0449934906278456,0.0053199886706841,0.0652190165750285,0.1780667509553166,0.0461765820774687,0.006422308799634,0.0724150132078347,0.1936419351956295,0.0455850363526571,0.005871148735159,0.0688170148914316,0.1858543430754731,0.0003522736985556,184.81,0.0455850363529999,-0.1677939505438042,-3.4271196991397794e-11,-0.06847518868482273,187.77919006347656,0.1128026117038315,False,True,17.315613734098527,True,0.2852199333964184
SHOP,True,148.25999450683594,2.951184058130263,0.8108592311032445,6.949457908011829,4.687345315995817,58.42420829754599,140.15475663472816,136.95207308072096,-2.4569233648934263,0.6039217066816871,0.8437045935334567,149.33999633789062,142.42999267578125,151.2899932861328,1454988322.277565,2512,147.44257607696957,148.5,2026-09-29 19:57:14-04:00,35.140034750000005,after_hours,0.1618814933606271,237612.0,148.77,147.5,2026-09-29 16:00:01-04:00,"Vendor latest observation, no executable bid/ask or overnight-session venue feed; after-hours bar volumes and extremes may include late regular-session batches and are not reliable liquidity/support measures",0.0458727717289812,0.00557848343681,0.0637995588812,0.1643876605397733,0.0447137194426659,0.0061339191874705,0.067344201247343,0.1782560756447302,0.0452932455858235,0.0058562013121402,0.0655718800642715,0.1713218680922518,1.1663122475730785,148.5027,0.0452932455858236,-0.0018181487609347,-6.938893903907228e-16,0.6582144465258469,125.73049964904786,1.4490721854652662,False,True,84.66482192740342,False,0.18623419221635107
PLTR,True,186.97000122070312,-0.272026092627553,0.5414336450403928,6.513497379988558,3.4837125407620317,60.37168859803117,180.5078861757771,168.76222365644978,-2.7442894741752877,0.3165555973998257,0.5654449006982281,188.6300048828125,184.80999755859375,194.67999267578125,4645361349.382706,1506,186.279384072335,187.42,2026-09-29 19:59:51-04:00,32.52133898333333,after_hours,0.2406796685879397,3063483.0,187.47,177.5179,2026-09-29 16:00:00-04:00,"Vendor latest observation, no executable bid/ask or overnight-session venue feed; after-hours bar volumes and extremes may include late regular-session batches and are not reliable liquidity/support measures",0.0447009649076077,0.0054895117821674,0.0652994847223081,0.1779965264405143,0.0455164033386916,0.0066697165472336,0.0675230429197278,0.1859546618275522,0.0451086841231496,0.0060796141647005,0.0664112638210179,0.1819755941340333,0.992111406197785,187.3679,0.0451086841231497,0.027806257101659,-4.163336342344337e-15,0.7595811540366705,149.39649925231933,1.030935207565189,False,True,22.91999368903006,False,0.09902661251286848
PANW,True,388.4100036621094,-0.9385581652560092,0.7155259173197307,18.143751699451176,4.671288465380264,58.22787201936327,370.9943547518174,354.0684193773539,-1.4174256334122504,1.643419438162863,0.7577079832723425,391.75,377.9649963378906,396.2999877929687,2570922226.1480713,2512,383.9078411548998,388.1,2026-09-29 19:59:53-04:00,32.48919491666667,after_hours,-0.079813511286142,434778.0,389.5,382.75,2026-09-29 16:00:00-04:00,"Vendor latest observation, no executable bid/ask or overnight-session venue feed; after-hours bar volumes and extremes may include late regular-session batches and are not reliable liquidity/support measures",0.042892014897899,0.0049420733618287,0.061841834980262,0.1852860811919223,0.0468590818455516,0.0060877642504447,0.0709922468832942,0.2137033158806234,0.0448755483717253,0.0055149188061367,0.0664170409317781,0.1994946985362728,0.959870328848182,388.01,0.0448755483717256,0.02319527847221,-2.9143354396410365e-14,0.7764921738489284,324.8419960021973,1.1588439002911086,False,True,55.79057512629335,False,0.02624849852721778
MPWR,True,1355.989990234375,0.3545026077262481,0.602922136728629,53.9288329980125,3.977081939129301,58.739039766262245,1287.847261762727,1305.2250738109624,3.897827979846613,6.9586730514217265,0.3075188386013779,1374.3199462890625,1347.8499755859375,1387.4599609375,930905473.8549803,2512,1356.8768751197051,1361.0,2026-09-29 19:52:24-04:00,39.96810975,after_hours,0.3694724741116317,1857.0,1371.41,1350.0,2026-09-29 16:00:01-04:00,"Vendor latest observation, no executable bid/ask or overnight-session venue feed; after-hours bar volumes and extremes may include late regular-session batches and are not reliable liquidity/support measures",0.0394097828845746,0.0046058704159584,0.0614238887226064,0.1487744623461775,0.0389442357585901,0.0058456134581528,0.0636683853989943,0.1532853301728079,0.0391770093215823,0.0052257419370556,0.0625461370608003,0.1510298962594927,1.2635676443092956,1358.06,0.0391770093194947,0.2164852804736217,2.08769113108076e-10,-0.13031666225590285,1387.8798950195312,1.3681591269180637,False,True,58.728938398050154,False,0.20770844237753805
NOW,True,129.94000244140625,-1.1487215990050537,0.7118632581494632,5.957174842765442,4.584558050513895,45.4373590604196,135.0776599653589,128.31723793775075,-15.257616733017866,-12.196771661442751,0.4212972774410489,132.44000244140625,128.1199951171875,149.60000610351562,1901885637.25708,2512,130.19105419080938,129.28,2026-09-29 19:59:14-04:00,33.138543,after_hours,-0.5079286047450005,805091.0,129.98,128.6859,2026-09-29 16:00:03-04:00,"Vendor latest observation, no executable bid/ask or overnight-session venue feed; after-hours bar volumes and extremes may include late regular-session batches and are not reliable liquidity/support measures",0.0347619616056835,0.0043789966674961,0.0541475334994004,0.1432557616579464,0.0373513761828621,0.0063652209728997,0.0566185753417602,0.1558743992973763,0.0360566688942728,0.0053721088201979,0.0553830544205803,0.1495650804776614,-0.8624318841660245,129.45,0.0360566688942729,-0.1313248358439489,-6.938893903907228e-16,0.4306393752103538,116.18899917602539,-1.6506508812828953,False,True,5.7011948134513775,True,0.32661712353572847
SE,True,98.62000274658205,-0.29319674935816,0.9844713322646522,3.545787026227115,3.5954034957173073,33.53769493342623,104.94359566966824,107.02869216513965,-16.155663692272327,-13.094818620697213,0.5380227749597669,99.48509979248048,97.6125030517578,118.25,363859101.6573334,2246,98.39162377475586,98.62,2026-09-29 19:23:26-04:00,68.94494443333333,after_hours,-2.7850151629316144e-06,689119.0,98.7289,98.161,2026-09-29 16:00:03-04:00,"Vendor latest observation, no executable bid/ask or overnight-session venue feed; after-hours bar volumes and extremes may include late regular-session batches and are not reliable liquidity/support measures",0.0381000851509021,0.0047910861345629,0.060902292143752,0.1425652082170413,0.0339710162588257,0.0065402534320571,0.0541544628094175,0.1288821760868987,0.0360355507048639,0.00566566978331,0.0575283774765847,0.13572369215197,-1.7834102489271082,98.62,0.0360355507048639,0.0,6.9388939039072276e-15,-0.1358427499383722,101.76500015258789,-1.3929581898253003,False,True,3.9705295237295957,False,0.49028320795778835
GEV,True,962.489990234375,1.339268500958024,0.6422352780800886,35.070409265738846,3.643716778519316,52.82739186650514,946.5302366980924,965.542246403218,4.057443561198859,7.1182886327739725,0.4240503476693278,973.4099731445312,954.4500122070312,983.3400268554688,2076656132.572327,629,962.4748728516456,966.45,2026-09-29 19:56:03-04:00,36.31966286666667,after_hours,0.411433864850963,139162.0,967.0,961.53,2026-09-29 16:00:02-04:00,"Vendor latest observation, no executable bid/ask or overnight-session venue feed; after-hours bar volumes and extremes may include late regular-session batches and are not reliable liquidity/support measures",0.0361303004634449,0.0044320210784999,0.0581578478540597,0.1362300417064791,0.0344028086071881,0.0057138349352906,0.0596061334366379,0.1345276545724978,0.0352665545353165,0.0050729280068952,0.0588819906453488,0.1353788481394884,0.4550774818551657,966.0,0.035266554533489,0.0465838509316807,1.8275728153049895e-10,-0.33297270272110474,1003.5015869140625,1.027037968990113,False,True,78.2530287075507,False,0.19520206917528993
CRM,True,225.30999755859375,-0.86241328684864,0.6391474866445315,8.909750455406671,3.95444079355139,44.15650064983693,235.6807155142046,220.54140841086027,-15.42149438753796,-12.360649315962846,0.3321098297454161,228.9499969482422,223.5,268.2699890136719,3319392669.891052,2512,225.89121511286993,225.9603,2026-09-29 19:58:36-04:00,33.77174436666667,after_hours,0.2886256484189609,1838501.0,225.9603,223.75,2026-09-29 16:00:03-04:00,"Vendor latest observation, no executable bid/ask or overnight-session venue feed; after-hours bar volumes and extremes may include late regular-session batches and are not reliable liquidity/support measures",0.0344372536722887,0.0042910400033758,0.0552567146021993,0.1424125744567589,0.033318677013977,0.006241739613447,0.0520456685076025,0.1437681020911916,0.0338779653431329,0.0052663898084114,0.0536511915549009,0.1430903382739752,-1.163974008869981,224.94,0.0338779653386878,0.453587623366225,4.4451317626759135e-10,0.46619549183793774,193.9697624206543,-1.7873517479834675,False,True,5.122450654366209,True,0.15865960692633518
WDAY,True,189.1699981689453,0.3022227184429793,0.6492357515514109,7.824847235542604,4.136410271862631,50.02964007775918,190.5691923309568,181.10551934815624,-7.254311218585141,-4.193466147010028,0.960829881937657,189.33999633789065,185.0,211.8300018310547,538810263.7755585,2512,187.5315394445731,187.44,2026-09-29 19:30:05-04:00,62.288280533333335,after_hours,-0.914520370931271,244404.0,189.17,181.47,2026-09-29 16:00:00-04:00,"Vendor latest observation, no executable bid/ask or overnight-session venue feed; after-hours bar volumes and extremes may include late regular-session batches and are not reliable liquidity/support measures",0.0341959287117795,0.0043381635976283,0.0525281112410599,0.1341025040559458,0.033376953411966,0.0062242915968416,0.0519551734226047,0.1374503083015128,0.0337864410618728,0.005281227597235,0.0522416423318323,0.1357764061787293,-0.178814246450202,187.44,0.0337864410618731,0.0,-2.9143354396410365e-14,0.5047477882023728,158.91149787902833,-0.5167899825018232,False,True,42.651478490579024,False,0.2428657452560954
ETN,True,433.2699890136719,0.4311409878708483,0.8293255480560977,13.91449343476534,3.211506401918427,55.51183206537924,424.05314017135464,418.62139181606983,4.7499401751337045,7.810785246708818,0.4197613735204024,437.0158996582031,430.5600891113281,447.3299865722656,872188491.146698,2512,433.35803535370553,435.1442,2026-09-29 18:51:15-04:00,101.11979275,after_hours,0.4325734608563003,293407.0,435.1442,429.5556,2026-09-29 16:00:03-04:00,"Vendor latest observation, no executable bid/ask or overnight-session venue feed; after-hours bar volumes and extremes may include late regular-session batches and are not reliable liquidity/support measures",0.0334942128414224,0.0040759471421497,0.0545474653372281,0.1333911967309743,0.0317416153786348,0.0055220130924105,0.0540640642797485,0.133703225491118,0.0326179141100286,0.0047989801172801,0.0543057648084883,0.1335472111110461,0.6623919789482923,435.1442,0.0326179141002477,0.0,9.780939946857359e-10,0.5949133193349019,411.9759948730469,0.8933121113929873,False,True,36.253776979525746,False,0.09357742884169062
BA,True,187.67999267578125,1.784257984176496,1.4214212665420891,6.1383340860241615,3.270638494017945,32.23962912533735,201.38181861074872,209.6104221021661,-12.73454139538045,-9.673696323805336,0.4538515207111295,190.90499877929688,185.0,215.2899932861328,1442175964.396515,2512,188.58697478364752,191.81,2026-09-29 19:59:31-04:00,32.86223556666667,after_hours,2.2005581230778226,1666496.0,194.0,187.68,2026-09-29 16:00:02-04:00,"Vendor latest observation, no executable bid/ask or overnight-session venue feed; after-hours bar volumes and extremes may include late regular-session batches and are not reliable liquidity/support measures",0.0341909716664723,0.0046598411145694,0.0560138097486054,0.1311174257430683,0.0305763353049044,0.0063559928548269,0.0506867960252909,0.1173730219256017,0.0323836534856883,0.0055079169846982,0.0533503028869481,0.124245223834335,-2.232173378468267,191.88,0.0323836534856884,-0.03648113404211,-6.938893903907228e-16,-1.5548132885015558,217.1335006713867,-1.968526650600583,False,True,34.02214114011103,False,0.2621191736893489
ASML,True,1834.3900146484375,3.555358683395693,1.258459421757658,53.38662811399338,2.9103204709836463,63.15992498257359,1721.0717327345862,1716.9719280881511,5.098305174356255,8.159150245931368,0.8217042825440295,1841.7652587890625,1800.4000244140625,1790.0,2203195422.2369385,2512,1824.2152670224104,1838.0,2026-09-29 19:59:07-04:00,33.25130613333333,after_hours,0.1967948649270301,104.0,1839.21,1829.0,2026-09-29 16:00:01-04:00,"Vendor latest observation, no executable bid/ask or overnight-session venue feed; after-hours bar volumes and extremes may include late regular-session batches and are not reliable liquidity/support measures",0.0342708655983873,0.0040775115302203,0.0535942636480588,0.1287999237062612,0.0297062297300587,0.0054348237498761,0.0498101225939097,0.1236954215598305,0.031988547664223,0.0047561676400482,0.0517021931209843,0.1262476726330458,2.1225967235070415,1835.92,0.0319885476676354,0.1132946969366832,-3.412332916230554e-10,0.5658544452735168,1726.7398254394532,2.1431604411753673,False,False,96.5205293122137,False,0.081600416613411
VST,True,140.8300018310547,2.0359349888488865,1.0574540150397678,4.480439346412884,3.181452309989883,47.78785350167676,141.2517254619856,144.44959762631342,-0.3741953757598226,2.686649695815291,0.4248815452976676,143.50999450683594,138.85009765625,154.89999389648438,651553533.8626862,2509,140.87770478787644,141.89,2026-09-29 19:58:35-04:00,33.786721416666666,after_hours,0.7526792268432336,353570.0,144.2758,140.83,2026-09-29 16:00:02-04:00,"Vendor latest observation, no executable bid/ask or overnight-session venue feed; after-hours bar volumes and extremes may include late regular-session batches and are not reliable liquidity/support measures",0.0330938962181046,0.0041985221808372,0.0542336484635129,0.118799790268616,0.028713962192879,0.0055649384555939,0.0504583402990269,0.1156507257826903,0.0309039292054918,0.0048817303182156,0.0523459943812699,0.1172252580256531,-0.0941255083094844,142.41,0.0309039292064181,-0.3651428972684556,-9.262660083386719e-11,-0.4891055930351173,149.49990539550782,-0.40520630109762457,True,True,87.65210897616416,False,0.34754446769498126
AVGO,True,355.1000061035156,1.5819431482769986,0.6825966418195214,10.868306470928696,3.0606325778998897,46.245810137634024,357.58604529982375,368.7898245435572,-7.001375283013944,-3.9405302114388303,0.1399501467641988,361.8599853515625,354.0,372.75,9877807096.789398,2512,357.8140350449562,357.1801,2026-09-29 19:59:55-04:00,32.447882799999995,after_hours,0.5857769250158684,2625032.0,357.25,354.85,2026-09-29 16:00:01-04:00,"Vendor latest observation, no executable bid/ask or overnight-session venue feed; after-hours bar volumes and extremes may include late regular-session batches and are not reliable liquidity/support measures",0.0322862144319227,0.0039100827305426,0.0564672869778342,0.1225842646498462,0.0265612713663377,0.0054238664117772,0.050519051741591,0.1095259183301916,0.0294237428991302,0.0046669745711599,0.0534931693597126,0.1160550914900189,-0.2287420954642711,356.7,0.0294237429352877,0.1345948976731126,-3.615744509355423e-09,-0.5768396647427046,385.1869400024414,-0.08932351779454441,False,True,69.49594239266243,False,0.28018251915840076
MLKN,False,19.959999084472656,-1.5779171170520412,0.7150713984613764,0.8341994470021722,4.17935613860381,34.20067868729585,20.94597260015729,21.202519673463076,-14.70316933164797,-11.642324260072856,0.3333320087896717,20.280000686645508,19.799999237060547,23.0,15911191.675634384,2512,19.939898331270495,19.96,2026-09-29 19:30:05-04:00,62.2937313,after_hours,4.586810553597331e-06,,19.96,19.74,2026-09-29 16:00:01-04:00,"Vendor latest observation, no executable bid/ask or overnight-session venue feed; after-hours bar volumes and extremes may include late regular-session batches and are not reliable liquidity/support measures",0.0313827567784243,0.0035470270394747,0.05539049519475,0.1406303645011953,0.0263563130616679,0.0055884811500592,0.0463583152735203,0.111756372179037,0.0288695349200461,0.004567754094767,0.0508744052341351,0.1261933683401161,-1.1819397857765144,19.96,0.0288695349191742,0.0,8.71969163540598e-11,0.00786934586587507,19.90985803604126,-1.2346105829965568,False,True,29.051028304934334,False,0.18571276634406098
CEG,True,264.5799865722656,1.593516113042659,0.6435692916084651,8.996382150315707,3.4002504372561435,45.77836400898138,268.1930527591185,270.48809808594086,-6.769402355427257,-3.708557283852143,0.3777391232746997,270.114990234375,261.2200012207031,305.79998779296875,790941781.5027618,1178,265.19939785599655,265.13,2026-09-29 19:59:05-04:00,33.286581266666666,after_hours,0.207881720329639,176.0,267.0,263.5,2026-09-29 16:00:01-04:00,"Vendor latest observation, no executable bid/ask or overnight-session venue feed; after-hours bar volumes and extremes may include late regular-session batches and are not reliable liquidity/support measures",0.0294501277397694,0.0037908876148362,0.0518471063117816,0.113720780080849,0.0282292303173384,0.00544899005915,0.0505302196024109,0.1136111165292804,0.0288396790285539,0.0046199388369931,0.0511886629570963,0.1136659483050647,-0.4016132403541856,266.94,0.0288396790273874,-0.6780549936315272,1.1665494958901235e-10,-0.13450059614091012,268.68988571166994,-0.5776316123104829,True,True,72.7538950897295,False,0.3553210766464041
BILI,True,14.84000015258789,-1.981507159391671,0.5971517435531084,0.4699653810151241,3.1668825888331855,40.097939619289114,15.40079959440963,16.387415074747473,-11.22916009192213,-8.168315020347016,0.3793112520059982,15.020000457763672,14.729999542236328,16.600000381469727,56199061.36859894,2138,14.806161355747472,14.89,2026-09-29 19:55:59-04:00,36.39481213333333,after_hours,0.3369261920350475,,14.9347,14.84,2026-09-29 16:00:01-04:00,"Vendor latest observation, no executable bid/ask or overnight-session venue feed; after-hours bar volumes and extremes may include late regular-session batches and are not reliable liquidity/support measures",0.0259436043364052,0.003371298517385,0.0471208724321018,0.0976602667940491,0.0264297181586505,0.0060180642724812,0.0465348556044208,0.0978570966527022,0.0261866612475279,0.0046946813949331,0.0468278640182613,0.0977586817233756,-1.1932781955351988,14.88,0.0261866612475279,0.0672043010752743,1.7347234759768069e-15,-0.9416768653040527,17.10774998664856,-1.0350848091062177,False,True,31.028876876963416,False,0.5923077052060765
KBH,True,47.41999816894531,-0.9607412049041364,0.6988449848024316,1.5789233703079026,3.3296571726607898,36.43829963686074,49.41974609844863,51.8814132666434,-14.092742167788863,-11.03189709621375,0.4193540448083218,47.959999084472656,47.029998779296875,54.459999084472656,85276622.02280045,2512,47.37805874599031,47.42,2026-09-29 18:19:42-04:00,132.67732426666666,after_hours,3.8613554576016895e-06,310052.0,47.5,47.42,2026-09-29 16:03:03-04:00,"Vendor latest observation, no executable bid/ask or overnight-session venue feed; after-hours bar volumes and extremes may include late regular-session batches and are not reliable liquidity/support measures",0.027708548682676,0.0033275090558519,0.0508635557491833,0.113156006928866,0.024647983720388,0.0056360947604098,0.0448892073229212,0.0947832563438539,0.026178266201532,0.0044818019081308,0.0478763815360523,0.10396963163636,-1.2665262717045904,47.42,0.0261782662008811,0.0,6.509653927011527e-11,-0.6695655840965822,53.448628997802736,-1.0171670076777293,False,True,22.966210887944232,False,0.2916557133087673
THO,True,70.16000366210938,-1.7091533178087537,0.9448720725361304,2.519504465846631,3.5910837148478016,41.775846244476035,72.4489182175864,74.47370944909927,-10.745050779325938,-7.684205707750824,0.3036665108828945,71.48999786376953,69.58000183105469,77.80000305175781,61447236.4623642,2512,70.24371259450966,70.16,2026-09-29 16:00:48-04:00,271.57693331666667,after_hours,-5.219653920196521e-06,92778.0,70.16,70.16,2026-09-29 16:00:02-04:00,"Vendor latest observation, no executable bid/ask or overnight-session venue feed; after-hours bar volumes and extremes may include late regular-session batches and are not reliable liquidity/support measures",0.0267745563577892,0.0032730599599974,0.0475970919171782,0.1106102698443558,0.0253310102870709,0.005510265733253,0.0450771900963867,0.1055038658054098,0.0260527833224301,0.0043916628466252,0.0463371410067825,0.1080570678248828,-0.9084780703922568,70.16,0.0260527833226351,0.0,-2.049992120500832e-11,-0.9306361517126783,75.62521896362304,-0.9031061281649552,False,True,19.594424080462428,False,0.420932295062989
BABA,True,107.73999786376952,-0.9378487057983942,0.6726637979169565,2.9516700953994968,2.7396233097495495,38.91205459226749,111.97749339125473,114.91763462818024,-8.56864981126133,-5.507804739686217,0.2444404256641819,108.76000213623048,107.41000366210938,120.4000015258789,950239287.515564,2512,107.91896856541123,107.97,2026-09-29 19:59:49-04:00,32.5612081,after_hours,0.2134788758036743,5632045.0,107.98,107.66,2026-09-29 16:03:34-04:00,"Vendor latest observation, no executable bid/ask or overnight-session venue feed; after-hours bar volumes and extremes may include late regular-session batches and are not reliable liquidity/support measures",0.0265219778381841,0.0034302391898649,0.0487293074467954,0.1027235171250775,0.0239449915458822,0.0053987773349684,0.0441187114915651,0.0946194483926943,0.0252334846920331,0.0044145082624167,0.0464240094691803,0.0986714827588859,-1.4356264048918557,107.97,0.0252334846920407,0.0,-7.521760991835437e-13,-0.41385970693652874,115.58940925598145,-1.2562552574161465,False,True,4.48426406569125,False,0.435669902921058
NVDA,True,227.2100067138672,-0.7209621131189281,0.8659566565487279,6.00691702426437,2.643773093950511,56.709045229402854,222.61467396920008,217.8292498571375,-0.0332863852910314,3.027558686284082,0.0319262102995929,232.82000732421875,227.0249938964844,234.7599945068359,25247024621.93817,2512,229.6235905185511,228.3531,2026-09-29 19:59:59-04:00,32.38106176666667,after_hours,0.5030998866050629,12198900.0,234.7265,215.2615,2026-09-29 16:00:00-04:00,"Vendor latest observation, no executable bid/ask or overnight-session venue feed; after-hours bar volumes and extremes may include late regular-session batches and are not reliable liquidity/support measures",0.0253987501267479,0.0029491880655124,0.046943043521321,0.1124119441264435,0.0211176699004049,0.0047336151240006,0.0416483723857184,0.1031496207564892,0.0232582100135764,0.0038414015947565,0.0442957079535197,0.1077807824414664,0.7650068622730634,228.249,0.0232582100096362,0.0456080859061902,3.9402474338867677e-10,0.6932161680563342,212.70479583740234,0.8232051959163568,False,True,52.539440340076716,False,0.03724800232892145
TSM,True,456.94000244140625,0.8964841712639338,1.0131293185511006,10.775158615201924,2.35811234683565,65.30426638680828,437.174992419854,427.1574281902718,7.25549804834551,10.316343119920624,0.7985442406644742,459.4299926757813,447.0700073242187,455.2699890136719,4213071495.263825,2512,455.557081307908,457.63,2026-09-29 19:59:49-04:00,32.54869111666667,after_hours,0.151003973149022,1432705.0,457.98,455.0,2026-09-29 16:00:02-04:00,"Vendor latest observation, no executable bid/ask or overnight-session venue feed; after-hours bar volumes and extremes may include late regular-session batches and are not reliable liquidity/support measures",0.0249063830751343,0.0028864716047857,0.0433907723146082,0.1063048253504359,0.0204687694246258,0.0047891227202719,0.0372254480057256,0.0883149119237857,0.0226875762498801,0.0038377971625288,0.0403081101601669,0.0973098686371108,1.8343126748656096,457.2301,0.0226875762887592,0.0874614335320433,-3.887910132727157e-09,1.0761177208802923,422.06858520507814,1.5919064526182443,False,False,92.7602599653873,False,0.04349514205181848
JKHY,True,146.22000122070312,-1.0824015858734717,0.8264024861062124,4.421759108903734,3.024045323477717,34.385194057747384,154.22876293807036,154.83671053477377,-15.661842327848053,-12.600997256272938,0.5063288694308524,147.38999938964844,145.02000427246094,170.9499969482422,165115220.74523926,2512,146.28401201515146,146.22,2026-09-29 19:30:05-04:00,62.29623471666666,after_hours,-8.348400415414403e-07,,146.22,146.22,2026-09-29 16:00:01-04:00,"Vendor latest observation, no executable bid/ask or overnight-session venue feed; after-hours bar volumes and extremes may include late regular-session batches and are not reliable liquidity/support measures",0.0214440527558035,0.0026862053357995,0.0418121111246452,0.0934500931451511,0.0200880047294987,0.0058137264752109,0.0332719144234321,0.0756712025552452,0.0207660287426511,0.0042499659055052,0.0375420127740387,0.0845606478501981,-1.811216197020016,146.22,0.0207660287427444,0.0,-9.324138683375338e-12,-0.05184306889471844,147.53647804260254,-1.4575651697751892,False,True,1.91070907791228,False,0.23498042716834577
FERG,True,223.8699951171875,-1.5090223882615938,0.949111126603458,5.763588064991839,2.5745245860102055,48.81672794503837,223.22261611206895,228.19130851233743,-3.345910059908608,-0.2850649883334943,0.2920831944907253,227.7599945068359,222.26499938964844,230.44000244140625,316311221.9025421,2512,223.87832921706425,223.87,2026-09-29 16:10:49-04:00,261.56052765,after_hours,2.181092861874845e-06,244045.0,223.87,223.87,2026-09-29 16:00:02-04:00,"Vendor latest observation, no executable bid/ask or overnight-session venue feed; after-hours bar volumes and extremes may include late regular-session batches and are not reliable liquidity/support measures",0.0232089729474287,0.0027410261247849,0.0434485797754867,0.1004703920323348,0.0182304229813364,0.004650576652121,0.0359222216979043,0.0831088526638074,0.0207196979643825,0.003695801388453,0.0396854007366955,0.0917896223480711,0.1123222197385594,223.87,0.0207196979619664,0.0,2.416195715726488e-10,-0.37506124792247525,230.6390007019043,0.7181774374408109,False,True,46.580794447932526,False,0.16650449417776925
NKE,True,35.84000015258789,-1.511402160718367,0.8816911071170292,0.9725903215844528,2.7137006625102513,38.30097556452877,36.8450881620548,38.720711027936865,-10.331223499398778,-7.270378427823665,0.22439464051037,36.4276008605957,35.66999816894531,39.880001068115234,1202560041.5456772,2512,35.887871794756784,35.89,2026-09-29 19:59:38-04:00,32.744392983333334,after_hours,0.1395085022300124,1959260.0,35.89,35.8,2026-09-29 16:00:03-04:00,"Vendor latest observation, no executable bid/ask or overnight-session venue feed; after-hours bar volumes and extremes may include late regular-session batches and are not reliable liquidity/support measures",0.0211223866669421,0.0025432870560051,0.0418552094792287,0.0889191478972201,0.0175043783269078,0.0053579694399746,0.0326435882162545,0.0694763912375272,0.0193133824969249,0.0039506282479899,0.0372493988477416,0.0791977695673737,-1.0334135423325157,35.8602,0.0193133824979119,0.0831004846598704,-9.869431660813888e-11,-0.9342150915697659,41.158195877075194,-0.937960698220127,False,True,34.520749927882065,False,0.5190111410018634
FDX,True,287.4700012207031,-0.7526299746998588,0.6857546257157549,7.242389880658721,2.519355010924575,34.661744991665536,301.4591064545914,309.9713048763266,-14.912243105617229,-11.851398034042116,0.449335299115398,290.1600036621094,285.2749938964844,330.4800109863281,526320252.756958,2512,287.2680059720222,288.0,2026-09-29 16:58:58-04:00,213.4109252833333,after_hours,0.1843666389697462,356876.0,288.0,287.18,2026-09-29 16:00:03-04:00,"Vendor latest observation, no executable bid/ask or overnight-session venue feed; after-hours bar volumes and extremes may include late regular-session batches and are not reliable liquidity/support measures",0.0205603327903962,0.0024917750933139,0.0425228421290371,0.0880774063191479,0.0177327317592704,0.0050160330610814,0.0339691289980732,0.0679753124015305,0.0191465322748333,0.0037539040771976,0.0382459855635551,0.0780263593603392,-1.931559259360932,288.0,0.0191465322749546,0.0,-1.2124329318297099e-11,-1.2274648643955777,316.6329742431641,-1.3296529904805778,False,True,45.98821078141849,False,0.16124173216653637
AZO,True,2875.969970703125,-1.2806890590176034,1.0036311502762294,82.34096868603292,2.8630677484404323,45.98214230402519,2898.802839180275,2966.497608425715,-6.9144315409850226,-3.8535864694099087,0.4748528135890271,2920.155029296875,2836.0166015625,3007.8798828125,1171767593.7634275,2512,2857.894737828592,2875.97,2026-09-29 17:54:01-04:00,158.36014296666664,after_hours,1.0186780530219153e-06,24806.0,2875.97,2875.97,2026-09-29 16:00:03-04:00,"Vendor latest observation, no executable bid/ask or overnight-session venue feed; after-hours bar volumes and extremes may include late regular-session batches and are not reliable liquidity/support measures",0.0184633214197443,0.0021913639422667,0.0365314207233732,0.0813714589413772,0.0163063883205117,0.0050010999283736,0.0293759502585555,0.0663817971018943,0.017384854870128,0.0035962319353201,0.0329536854909644,0.0738766280216358,-0.2772965735223791,2875.97,0.017384854870128,0.0,6.591949208711867e-15,-0.6330222179285796,3050.023974609375,-0.3938614355357997,False,True,40.68149578447325,False,0.33621457065324634
PDD,True,77.5,-1.2613044855572686,0.6229010792754199,1.829791026658342,2.36102067955915,38.1874137342887,79.90139006360039,82.71762250631662,-10.798940309670346,-7.738095238095233,0.3116903062159712,78.55999755859375,77.0199966430664,85.19999694824219,537995812.5455475,2055,77.45717650987423,77.51,2026-09-29 19:55:27-04:00,36.92801001666667,after_hours,0.0129032258064487,299326.0,77.77,72.6149,2026-09-29 16:00:01-04:00,"Vendor latest observation, no executable bid/ask or overnight-session venue feed; after-hours bar volumes and extremes may include late regular-session batches and are not reliable liquidity/support measures",0.018829560435286,0.0022525624539819,0.0394416045977818,0.0796736600644084,0.015694254986987,0.0049584188715959,0.0303744395989032,0.0599256951670904,0.0172619077111365,0.0036054906627889,0.0349080220983425,0.0697996776157494,-1.312384872706437,77.68,0.0172619077111365,-0.2188465499485037,5.898059818321144e-15,-0.6564757203664477,84.37599983215333,-1.0955361083230395,False,True,27.43243163582112,False,0.4440858047185897
COST,True,924.5900268554688,0.1809521926317447,1.0136612907639873,15.713967250503249,1.6995605397071456,53.164874294666966,914.9438129633628,929.2245463310378,-5.105573535002838,-2.044728463427725,0.8963227572671286,925.969970703125,912.6599731445312,952.0999755859376,2162976212.8378296,2512,921.1717061189267,924.0,2026-09-29 19:56:46-04:00,35.61079028333334,after_hours,-0.0638149707795854,11919.0,925.02,922.0,2026-09-29 16:00:01-04:00,"Vendor latest observation, no executable bid/ask or overnight-session venue feed; after-hours bar volumes and extremes may include late regular-session batches and are not reliable liquidity/support measures",0.0140248832070297,0.0016866306567418,0.0298937718027883,0.0614097899949981,0.0107619465298037,0.0043550370028325,0.0214206868092394,0.0435022164076069,0.0123934148684167,0.0030208338297872,0.0256572293060139,0.0524560032013025,0.6138624154124429,924.2912,0.0123934148682569,-0.0315052225965173,1.5986691137559458e-11,-0.3654859315749647,950.6375732421875,1.088606928174885,False,True,89.18635776597107,False,0.15544003534661144
