symbol,factor,standardized_value,log_odds_contribution
ALAB,ret1,3.633913812179351,0.08872574769598085
ALAB,ret3,4.446745662603797,0.06260035305003693
ALAB,ret5,4.2451589105297485,-0.03211458292886592
ALAB,ret20,1.1720541390284964,0.003459595698509011
ALAB,ret60,-0.7078984198554138,-0.018014194107915278
ALAB,ema10_dist,3.3059623053793565,0.12380271341394614
ALAB,ema20_dist,2.2683261106545856,0.20957501619020244
ALAB,ema50_dist,1.0194613435776032,0.08076478974045687
ALAB,ema200_dist,1.158262248901417,0.037958955151005794
ALAB,atr_pct,1.1144978889297712,0.4699451113664543
ALAB,rv20,1.6876933170992414,0.039520134736416294
ALAB,rv60,2.328465830772458,0.4435005292171587
ALAB,volume_ratio,1.000335503669185,0.15897196744863915
ALAB,range_position,1.3823728195500575,0.006673721044911488
ALAB,gap,0.9705286278219107,0.017630097162910273
ALAB,intraday,3.7030280182127897,0.020803089487994295
ALAB,drawdown60,-1.3154497663958629,0.2737770752782002
ALAB,high20_dist,1.6012930024337741,-0.1756352637126212
ALAB,rsi14,0.6701780127730813,-0.046912322755225305
ALAB,QQQ_r1,1.7720271997510297,-0.015245133263308832
ALAB,QQQ_r5,1.3849311183845832,-0.03961783532984865
ALAB,QQQ_r20,0.47281860790040303,-0.03904654619233081
ALAB,SMH_r1,1.8318779649660373,-0.12462769993029305
ALAB,SMH_r5,2.2711951190888464,0.04288271169705383
ALAB,IWM_r1,0.3059691645531515,0.02052454831604644
ALAB,JNK_r20,-0.28295907038111734,-0.0017435907607227896
ALAB,TLT_r20,0.05371629338995422,0.0004967130938654524
ALAB,BZ=F_r5,-0.16886116280886232,0.008742112091218352
ALAB,VIX_level,-0.6755661419776692,-0.12933560495445684
ALAB,VIX_r5,-0.7977927859872082,-0.06660979463669951
ALAB,rs20,1.1300313063961074,0.0555285509055243
ALAB,beta60,5.408509008567761,0.5653025310931753
AAOI,ret1,0.9622891411420817,0.023495280284688422
AAOI,ret3,2.0420057534934855,0.028746928832454905
AAOI,ret5,1.727793553314675,-0.013070740229359248
AAOI,ret20,-0.9641485651207558,-0.0028459131003796606
AAOI,ret60,-0.9585803627267027,-0.02439340481325217
AAOI,ema10_dist,1.070617340334183,0.040092813988145154
AAOI,ema20_dist,0.22588423867120733,0.020869879667773476
AAOI,ema50_dist,-0.615911425972846,-0.04879435314621645
AAOI,ema200_dist,-0.1438399253935023,-0.004713969813066653
AAOI,atr_pct,1.6750164461092736,0.7062963493482827
AAOI,rv20,1.1956088359559356,0.027997161457178385
AAOI,rv60,3.061607543562949,0.5831412889468774
AAOI,volume_ratio,0.1704505770945078,0.027087775545384316
AAOI,range_position,0.8753436333586415,0.00422592165069932
AAOI,gap,1.438693970516993,0.02613453509849689
AAOI,intraday,0.15187947795330817,0.0008532375006920529
AAOI,drawdown60,-1.345067905037701,0.2799413299534384
AAOI,high20_dist,-1.114133324043089,0.12220193298910025
AAOI,rsi14,-0.20348257425153088,0.014243738255232919
AAOI,QQQ_r1,1.7720271997510297,-0.015245133263308832
AAOI,QQQ_r5,1.3849311183845832,-0.03961783532984865
AAOI,QQQ_r20,0.47281860790040303,-0.03904654619233081
AAOI,SMH_r1,1.8318779649660373,-0.12462769993029305
AAOI,SMH_r5,2.2711951190888464,0.04288271169705383
AAOI,IWM_r1,0.3059691645531515,0.02052454831604644
AAOI,JNK_r20,-0.28295907038111734,-0.0017435907607227896
AAOI,TLT_r20,0.05371629338995422,0.0004967130938654524
AAOI,BZ=F_r5,-0.16886116280886232,0.008742112091218352
AAOI,VIX_level,-0.6755661419776692,-0.12933560495445684
AAOI,VIX_r5,-0.7977927859872082,-0.06660979463669951
AAOI,rs20,-1.3313688416580778,-0.06542206581321502
AAOI,beta60,5.485944020488595,0.5733961125524526
CIFR,ret1,0.8811144680424561,0.021513317052483494
CIFR,ret3,2.161168722624832,0.03042448012594286
CIFR,ret5,2.704192408958357,-0.02045718739943841
CIFR,ret20,1.1927754671375117,0.003520759611681797
CIFR,ret60,-1.1277599233020608,-0.02869858950898688
CIFR,ema10_dist,2.1367934034322857,0.08001930963323006
CIFR,ema20_dist,1.5343587084140755,0.14176235491318415
CIFR,ema50_dist,0.2887630666851171,0.0228766774851799
CIFR,ema200_dist,0.013711143501964902,0.00044934614915899607
CIFR,atr_pct,1.9271297564506287,0.8126037895706296
CIFR,rv20,1.9144850028031917,0.044830837744664356
CIFR,rv60,3.2151584540072293,0.6123879753890071
CIFR,volume_ratio,0.2663524226777942,0.04232836734524553
CIFR,range_position,0.40413006635722415,0.001951030352005571
CIFR,gap,0.8737364380363727,0.01587182269102832
CIFR,intraday,0.45173853591146257,0.002537803425067593
CIFR,drawdown60,-1.1368458851765035,0.2366052656943622
CIFR,high20_dist,0.6147500371542644,-0.06742787530378806
CIFR,rsi14,0.31106635666476495,-0.021774580848701375
CIFR,QQQ_r1,1.7720271997510297,-0.015245133263308832
CIFR,QQQ_r5,1.3849311183845832,-0.03961783532984865
CIFR,QQQ_r20,0.47281860790040303,-0.03904654619233081
CIFR,SMH_r1,1.8318779649660373,-0.12462769993029305
CIFR,SMH_r5,2.2711951190888464,0.04288271169705383
CIFR,IWM_r1,0.3059691645531515,0.02052454831604644
CIFR,JNK_r20,-0.28295907038111734,-0.0017435907607227896
CIFR,TLT_r20,0.05371629338995422,0.0004967130938654524
CIFR,BZ=F_r5,-0.16886116280886232,0.008742112091218352
CIFR,VIX_level,-0.6755661419776692,-0.12933560495445684
CIFR,VIX_r5,-0.7977927859872082,-0.06660979463669951
CIFR,rs20,1.153907074354056,0.056701781053182444
CIFR,beta60,2.759565211766239,0.2884323935592803
CRDO,ret1,1.8913947071806703,0.046180349412905455
CRDO,ret3,2.654783269631991,0.03737348221822542
CRDO,ret5,3.217282802196294,-0.024338710878517765
CRDO,ret20,-1.3479602615487558,-0.00397882432843981
CRDO,ret60,-1.2580725782554414,-0.032014711420273886
CRDO,ema10_dist,1.7125585253756195,0.06413242884732738
CRDO,ema20_dist,0.1654619130207344,0.015287344679983163
CRDO,ema50_dist,-0.7968959155069975,-0.06313248802067231
CRDO,ema200_dist,-0.1578590209059067,-0.005173408267801543
CRDO,atr_pct,1.4298610108231498,0.6029228037525504
CRDO,rv20,1.8054808860070521,0.0422783257811687
CRDO,rv60,2.1371410777506474,0.4070590972252769
CRDO,volume_ratio,0.46356923613786716,0.07366979703028777
CRDO,range_position,1.1986417878431626,0.005786717455456723
CRDO,gap,1.424944156540339,0.025884763428263548
CRDO,intraday,1.2722541799434197,0.0071473446667604645
CRDO,drawdown60,-1.6491321957627973,0.3432245007272936
CRDO,high20_dist,-1.627233922314459,0.1784805520497758
CRDO,rsi14,-0.32953878498521894,0.023067647023546658
CRDO,QQQ_r1,1.7720271997510297,-0.015245133263308832
CRDO,QQQ_r5,1.3849311183845832,-0.03961783532984865
CRDO,QQQ_r20,0.47281860790040303,-0.03904654619233081
CRDO,SMH_r1,1.8318779649660373,-0.12462769993029305
CRDO,SMH_r5,2.2711951190888464,0.04288271169705383
CRDO,IWM_r1,0.3059691645531515,0.02052454831604644
CRDO,JNK_r20,-0.28295907038111734,-0.0017435907607227896
CRDO,TLT_r20,0.05371629338995422,0.0004967130938654524
CRDO,BZ=F_r5,-0.16886116280886232,0.008742112091218352
CRDO,VIX_level,-0.6755661419776692,-0.12933560495445684
CRDO,VIX_r5,-0.7977927859872082,-0.06660979463669951
CRDO,rs20,-1.773608786667904,-0.08715327198417619
CRDO,beta60,3.9569034552324203,0.41357933119659585
UMAC,ret1,1.3431861756041175,0.03279527360444136
UMAC,ret3,1.6784313345721986,0.023628604396712948
UMAC,ret5,0.8749012850968093,-0.006618619106370896
UMAC,ret20,-0.8757354954502682,-0.002584940961517942
UMAC,ret60,0.8054887555602653,0.020497617154406723
UMAC,ema10_dist,0.5736164895896163,0.02148097023206323
UMAC,ema20_dist,0.13802064233744432,0.012751992853489996
UMAC,ema50_dist,0.1683394222197633,0.013336354660488638
UMAC,ema200_dist,0.8771820685338123,0.028747302116012823
UMAC,atr_pct,1.7719646466961019,0.7471760435801891
UMAC,rv20,1.4610605506953316,0.03421315308683345
UMAC,rv60,2.95530352673521,0.5628936704944428
UMAC,volume_ratio,-0.41403019885447545,-0.06579712011982526
UMAC,range_position,-0.11766321398873097,-0.000568046084459405
UMAC,gap,2.3665410198422197,0.04298930183385279
UMAC,intraday,-0.036035146447089265,-0.0002024403738142876
UMAC,drawdown60,-1.2650149868790683,0.2632803715794794
UMAC,high20_dist,-0.5296853078746454,0.058097686427073414
UMAC,rsi14,-0.12366444210693749,0.008656485457438967
UMAC,QQQ_r1,1.7720271997510297,-0.015245133263308832
UMAC,QQQ_r5,1.3849311183845832,-0.03961783532984865
UMAC,QQQ_r20,0.47281860790040303,-0.03904654619233081
UMAC,SMH_r1,1.8318779649660373,-0.12462769993029305
UMAC,SMH_r5,2.2711951190888464,0.04288271169705383
UMAC,IWM_r1,0.3059691645531515,0.02052454831604644
UMAC,JNK_r20,-0.28295907038111734,-0.0017435907607227896
UMAC,TLT_r20,0.05371629338995422,0.0004967130938654524
UMAC,BZ=F_r5,-0.16886116280886232,0.008742112091218352
UMAC,VIX_level,-0.6755661419776692,-0.12933560495445684
UMAC,VIX_r5,-0.7977927859872082,-0.06660979463669951
UMAC,rs20,-1.2294965135526181,-0.06041616666241272
UMAC,beta60,3.7718939153594437,0.39424195725473876
NBIS,ret1,1.2031385826724414,0.02937586741097602
NBIS,ret3,1.8494389104938456,0.026036013193882084
NBIS,ret5,1.2306077761126706,-0.009309535004885345
NBIS,ret20,0.29598518258721995,0.0008736704478087713
NBIS,ret60,-0.5296373399201574,-0.013477908101660038
NBIS,ema10_dist,1.0850940337840884,0.040634941745453186
NBIS,ema20_dist,0.7797847899780465,0.07204581793460137
NBIS,ema50_dist,0.5506332273193577,0.04362281817620665
NBIS,ema200_dist,1.1407014305320071,0.03738344617837751
NBIS,atr_pct,1.3547397701203285,0.5712467815915985
NBIS,rv20,0.6260354735110215,0.014659657659518302
NBIS,rv60,3.592723936750322,0.6843024906022892
NBIS,volume_ratio,0.20347662846610196,0.032336231032912846
NBIS,range_position,0.5833892713947243,0.0028164451751516565
NBIS,gap,0.5224721488115003,0.009490945948841707
NBIS,intraday,1.0946344437425488,0.006149502023159833
NBIS,drawdown60,-0.290608552413258,0.06048270451901884
NBIS,high20_dist,-9.18074144822925e-05,1.006974952670365e-05
NBIS,rsi14,0.24964744776483086,-0.017475269885536306
NBIS,QQQ_r1,1.7720271997510297,-0.015245133263308832
NBIS,QQQ_r5,1.3849311183845832,-0.03961783532984865
NBIS,QQQ_r20,0.47281860790040303,-0.03904654619233081
NBIS,SMH_r1,1.8318779649660373,-0.12462769993029305
NBIS,SMH_r5,2.2711951190888464,0.04288271169705383
NBIS,IWM_r1,0.3059691645531515,0.02052454831604644
NBIS,JNK_r20,-0.28295907038111734,-0.0017435907607227896
NBIS,TLT_r20,0.05371629338995422,0.0004967130938654524
NBIS,BZ=F_r5,-0.16886116280886232,0.008742112091218352
NBIS,VIX_level,-0.6755661419776692,-0.12933560495445684
NBIS,VIX_r5,-0.7977927859872082,-0.06660979463669951
NBIS,rs20,0.12059701680278566,0.005926010676593163
NBIS,beta60,5.057241781367671,0.5285877447608001
ACMR,ret1,1.8169087575731664,0.044361698252379594
ACMR,ret3,2.0306512127476433,0.028587081988640916
ACMR,ret5,1.1153513257928414,-0.008437621159045125
ACMR,ret20,-0.663392617266688,-0.001958160607683898
ACMR,ret60,-1.319946257778586,-0.033589237428297086
ACMR,ema10_dist,0.8520326620244764,0.0319071863899651
ACMR,ema20_dist,0.07972325061137957,0.007365784601753715
ACMR,ema50_dist,-0.5447549990883125,-0.04315712727961931
ACMR,ema200_dist,0.11657115030096732,0.003820308458099624
ACMR,atr_pct,1.0312079599239294,0.43482463662070014
ACMR,rv20,0.5737124442064918,0.013434427253625264
ACMR,rv60,2.0109922307362353,0.3830316540600637
ACMR,volume_ratio,1.243849982290711,0.19767095956348443
ACMR,range_position,0.8575906895337675,0.004140215252875499
ACMR,gap,2.160883122312545,0.03925343190500271
ACMR,intraday,0.6631021182277532,0.0037252142401634496
ACMR,drawdown60,-2.3326533949265587,0.4854818788333522
ACMR,high20_dist,-0.4665583695311437,0.05117370908721125
ACMR,rsi14,-0.2924983386632347,0.020474823415883955
ACMR,QQQ_r1,1.7720271997510297,-0.015245133263308832
ACMR,QQQ_r5,1.3849311183845832,-0.03961783532984865
ACMR,QQQ_r20,0.47281860790040303,-0.03904654619233081
ACMR,SMH_r1,1.8318779649660373,-0.12462769993029305
ACMR,SMH_r5,2.2711951190888464,0.04288271169705383
ACMR,IWM_r1,0.3059691645531515,0.02052454831604644
ACMR,JNK_r20,-0.28295907038111734,-0.0017435907607227896
ACMR,TLT_r20,0.05371629338995422,0.0004967130938654524
ACMR,BZ=F_r5,-0.16886116280886232,0.008742112091218352
ACMR,VIX_level,-0.6755661419776692,-0.12933560495445684
ACMR,VIX_r5,-0.7977927859872082,-0.06660979463669951
ACMR,rs20,-0.9848283503749728,-0.04839343023283569
ACMR,beta60,4.279609680093588,0.447308894265559
ARM,ret1,5.051984946643792,0.12334941468272982
ARM,ret3,5.419019110012839,0.07628781477757438
ARM,ret5,4.579718775126884,-0.03464552481884434
ARM,ret20,2.035194208567216,0.006007358273932433
ARM,ret60,-0.4544886468293097,-0.011565567140973643
ARM,ema10_dist,4.337157516812949,0.16241923515323356
ARM,ema20_dist,3.3538871163883894,0.3098720873580079
ARM,ema50_dist,1.8072267961321598,0.14317393506134707
ARM,ema200_dist,1.4059444103452643,0.04607607721629672
ARM,atr_pct,0.6998260634727137,0.29509238250029185
ARM,rv20,1.3554639192405666,0.031740433037211656
ARM,rv60,1.473237906311909,0.2806061323628503
ARM,volume_ratio,3.244458858581845,0.5156050206786341
ARM,range_position,1.4629651990100239,0.0070627991946370676
ARM,gap,3.436768372079168,0.06243047200179126
ARM,intraday,3.519438389810663,0.01977170883142547
ARM,drawdown60,0.26680339973873074,-0.055528273538625314
ARM,high20_dist,2.8287795960160738,-0.31027016890477743
ARM,rsi14,1.3782312287555063,-0.09647590192816613
ARM,QQQ_r1,1.7720271997510297,-0.015245133263308832
ARM,QQQ_r5,1.3849311183845832,-0.03961783532984865
ARM,QQQ_r20,0.47281860790040303,-0.03904654619233081
ARM,SMH_r1,1.8318779649660373,-0.12462769993029305
ARM,SMH_r5,2.2711951190888464,0.04288271169705383
ARM,IWM_r1,0.3059691645531515,0.02052454831604644
ARM,JNK_r20,-0.28295907038111734,-0.0017435907607227896
ARM,TLT_r20,0.05371629338995422,0.0004967130938654524
ARM,BZ=F_r5,-0.16886116280886232,0.008742112091218352
ARM,VIX_level,-0.6755661419776692,-0.12933560495445684
ARM,VIX_r5,-0.7977927859872082,-0.06660979463669951
ARM,rs20,2.124568524623347,0.10439906470207908
ARM,beta60,3.416171078498878,0.3570614663419255
VICR,ret1,0.13486883544909178,0.0032929614967753887
VICR,ret3,3.630096840432031,0.05110374216541204
VICR,ret5,2.746579174002521,-0.020777842835379978
VICR,ret20,0.6514971925724466,0.00192304844116039
VICR,ret60,-1.3400500309133818,-0.03410082674873329
VICR,ema10_dist,2.218873784135614,0.08309308147648031
VICR,ema20_dist,1.6270086779830273,0.15032246396506624
VICR,ema50_dist,0.2600912278104786,0.020605208289441672
VICR,ema200_dist,0.19294166523114634,0.0063231483407285025
VICR,atr_pct,1.1692341684733114,0.49302550231324715
VICR,rv20,1.665130606578691,0.038991791493744994
VICR,rv60,2.100125202792474,0.4000087210005418
VICR,volume_ratio,0.5417709638114574,0.08609750999314247
VICR,range_position,-1.4579861498749458,-0.007038761695833211
VICR,gap,1.6933552522552031,0.03076057395193271
VICR,intraday,-1.0088852359114906,-0.005667775059372216
VICR,drawdown60,-2.208821479073377,0.4597094467614931
VICR,high20_dist,0.9494526414336463,-0.10413919551724261
VICR,rsi14,0.5053194251930503,-0.03537225560571759
VICR,QQQ_r1,1.7720271997510297,-0.015245133263308832
VICR,QQQ_r5,1.3849311183845832,-0.03961783532984865
VICR,QQQ_r20,0.47281860790040303,-0.03904654619233081
VICR,SMH_r1,1.8318779649660373,-0.12462769993029305
VICR,SMH_r5,2.2711951190888464,0.04288271169705383
VICR,IWM_r1,0.3059691645531515,0.02052454831604644
VICR,JNK_r20,-0.28295907038111734,-0.0017435907607227896
VICR,TLT_r20,0.05371629338995422,0.0004967130938654524
VICR,BZ=F_r5,-0.16886116280886232,0.008742112091218352
VICR,VIX_level,-0.6755661419776692,-0.12933560495445684
VICR,VIX_r5,-0.7977927859872082,-0.06660979463669951
VICR,rs20,0.5302291703025499,0.026054904238572055
VICR,beta60,3.282882519151958,0.3431300187201844
SNDK,ret1,-0.43734276319848286,-0.01067817391104832
SNDK,ret3,2.69945787084237,0.038002401886750324
SNDK,ret5,1.773838397651571,-0.013419068997037684
SNDK,ret20,0.5882593601332101,0.0017363869843174849
SNDK,ret60,-1.0557392941911405,-0.026865849731374042
SNDK,ema10_dist,1.409866805021811,0.05279713435629212
SNDK,ema20_dist,1.3133654548720552,0.12134436277728748
SNDK,ema50_dist,1.027447333767981,0.08139746387043591
SNDK,ema200_dist,1.8390563371695503,0.0602701651452456
SNDK,atr_pct,0.9867815241271757,0.41609154925866954
SNDK,rv20,0.9627529406678691,0.022544454935966216
SNDK,rv60,2.9891187609481524,0.5693344239170803
SNDK,volume_ratio,-0.09116678184170048,-0.014488101864001096
SNDK,range_position,-0.6789268636552501,-0.003277674758829937
SNDK,gap,0.9427531586701793,0.017125543040700186
SNDK,intraday,-1.1881297579248515,-0.006674745520664156
SNDK,drawdown60,-0.763921266318713,0.1589905866254249
SNDK,high20_dist,0.6998517109257423,-0.07676211637804589
SNDK,rsi14,0.6010095400862026,-0.04207054392433499
SNDK,QQQ_r1,1.7720271997510297,-0.015245133263308832
SNDK,QQQ_r5,1.3849311183845832,-0.03961783532984865
SNDK,QQQ_r20,0.47281860790040303,-0.03904654619233081
SNDK,SMH_r1,1.8318779649660373,-0.12462769993029305
SNDK,SMH_r5,2.2711951190888464,0.04288271169705383
SNDK,IWM_r1,0.3059691645531515,0.02052454831604644
SNDK,JNK_r20,-0.28295907038111734,-0.0017435907607227896
SNDK,TLT_r20,0.05371629338995422,0.0004967130938654524
SNDK,BZ=F_r5,-0.16886116280886232,0.008742112091218352
SNDK,VIX_level,-0.6755661419776692,-0.12933560495445684
SNDK,VIX_r5,-0.7977927859872082,-0.06660979463669951
SNDK,rs20,0.4573645447563745,0.022474413108855947
SNDK,beta60,5.021787204429596,0.5248819984913232
BE,ret1,0.7863993780835038,0.01920075059960435
BE,ret3,0.14062097081560315,0.001979632541911816
BE,ret5,0.7621645289489134,-0.005765766720689263
BE,ret20,2.2163596806620114,0.006542111121183177
BE,ret60,-0.6153136561135389,-0.01565814999381447
BE,ema10_dist,0.7630422771539738,0.028574646543157816
BE,ema20_dist,1.2096478972056426,0.1117616979545147
BE,ema50_dist,1.091617788062737,0.08648124000507365
BE,ema200_dist,1.1882841912462314,0.03894284421766042
BE,atr_pct,1.1392029097901322,0.4803623619461587
BE,rv20,0.9370236358453682,0.02194196064215266
BE,rv60,2.6902768082364075,0.5124142997613483
BE,volume_ratio,-0.21552424680363408,-0.03425082227071536
BE,range_position,-0.19347815837309618,-0.0009340600733784126
BE,gap,0.809065466150411,0.014697044858324801
BE,intraday,0.38313885995775493,0.0021524201142491266
BE,drawdown60,0.19618124550361032,-0.040830086401224
BE,high20_dist,0.37045075692726664,-0.04063229920231387
BE,rsi14,0.5865487033865489,-0.041058288336065694
BE,QQQ_r1,1.7720271997510297,-0.015245133263308832
BE,QQQ_r5,1.3849311183845832,-0.03961783532984865
BE,QQQ_r20,0.47281860790040303,-0.03904654619233081
BE,SMH_r1,1.8318779649660373,-0.12462769993029305
BE,SMH_r5,2.2711951190888464,0.04288271169705383
BE,IWM_r1,0.3059691645531515,0.02052454831604644
BE,JNK_r20,-0.28295907038111734,-0.0017435907607227896
BE,TLT_r20,0.05371629338995422,0.0004967130938654524
BE,BZ=F_r5,-0.16886116280886232,0.008742112091218352
BE,VIX_level,-0.6755661419776692,-0.12933560495445684
BE,VIX_r5,-0.7977927859872082,-0.06660979463669951
BE,rs20,2.333313096929291,0.11465655362644295
BE,beta60,4.248852200898608,0.44409409314173276
SMTC,ret1,-1.2413788687811687,-0.030309543373717204
SMTC,ret3,0.9501702968261068,0.01337629820819199
SMTC,ret5,2.6693899341489917,-0.020193907040104195
SMTC,ret20,2.707461566124191,0.007991714781883454
SMTC,ret60,0.12003209221184621,0.003054508030580183
SMTC,ema10_dist,1.498819011983293,0.0561282445047869
SMTC,ema20_dist,1.9856146818754876,0.18345476302852776
SMTC,ema50_dist,1.9062160329567173,0.15101615973133534
SMTC,ema200_dist,1.8325414453816378,0.06005665694757656
SMTC,atr_pct,1.0610375074184422,0.4474027223744391
SMTC,rv20,1.6499053171188138,0.038635266119875826
SMTC,rv60,2.027271409071038,0.38613233267483654
SMTC,volume_ratio,0.31482251950383605,0.050031169681660576
SMTC,range_position,-1.3765129415416628,-0.006645431143206124
SMTC,gap,1.4304500407003142,0.02598478033649833
SMTC,intraday,-2.4766926520441532,-0.013913710245054845
SMTC,drawdown60,0.6374295844849651,-0.13266459259347743
SMTC,high20_dist,0.4678026561022622,-0.05131018667108897
SMTC,rsi14,0.8255134405534487,-0.057785770681695804
SMTC,QQQ_r1,1.7720271997510297,-0.015245133263308832
SMTC,QQQ_r5,1.3849311183845832,-0.03961783532984865
SMTC,QQQ_r20,0.47281860790040303,-0.03904654619233081
SMTC,SMH_r1,1.8318779649660373,-0.12462769993029305
SMTC,SMH_r5,2.2711951190888464,0.04288271169705383
SMTC,IWM_r1,0.3059691645531515,0.02052454831604644
SMTC,JNK_r20,-0.28295907038111734,-0.0017435907607227896
SMTC,TLT_r20,0.05371629338995422,0.0004967130938654524
SMTC,BZ=F_r5,-0.16886116280886232,0.008742112091218352
SMTC,VIX_level,-0.6755661419776692,-0.12933560495445684
SMTC,VIX_r5,-0.7977927859872082,-0.06660979463669951
SMTC,rs20,2.8991761825055753,0.14246247101574902
SMTC,beta60,2.8384473737849527,0.2966772325299913
FSLY,ret1,4.390216388859809,0.10719165389757203
FSLY,ret3,2.7423082410428385,0.0386056404136202
FSLY,ret5,1.3077421154966535,-0.00989305547868101
FSLY,ret20,0.5365850640345513,0.0015838580468278023
FSLY,ret60,2.2096436731106377,0.056229748393663556
FSLY,ema10_dist,2.7816238702397627,0.10416712322228627
FSLY,ema20_dist,2.171643838056145,0.2006423548987109
FSLY,ema50_dist,1.589479217228238,0.1259233178236665
FSLY,ema200_dist,1.4276458050369152,0.04678728253149712
FSLY,atr_pct,1.460758095938836,0.6159510331012242
FSLY,rv20,1.4308165601561502,0.03350493994824633
FSLY,rv60,1.6152087370651285,0.3076471727510463
FSLY,volume_ratio,1.4129318904603556,0.22454122809149982
FSLY,range_position,1.108855359449937,0.005353252931096108
FSLY,gap,0.739603458658334,0.013435235668868482
FSLY,intraday,4.798144407819511,0.026955299015091836
FSLY,drawdown60,0.2876994361115887,-0.05987724669534436
FSLY,high20_dist,1.6618816700980186,-0.18228083488980873
FSLY,rsi14,0.8483244727629806,-0.059382538234491876
FSLY,QQQ_r1,1.7720271997510297,-0.015245133263308832
FSLY,QQQ_r5,1.3849311183845832,-0.03961783532984865
FSLY,QQQ_r20,0.47281860790040303,-0.03904654619233081
FSLY,SMH_r1,1.8318779649660373,-0.12462769993029305
FSLY,SMH_r5,2.2711951190888464,0.04288271169705383
FSLY,IWM_r1,0.3059691645531515,0.02052454831604644
FSLY,JNK_r20,-0.28295907038111734,-0.0017435907607227896
FSLY,TLT_r20,0.05371629338995422,0.0004967130938654524
FSLY,BZ=F_r5,-0.16886116280886232,0.008742112091218352
FSLY,VIX_level,-0.6755661419776692,-0.12933560495445684
FSLY,VIX_r5,-0.7977927859872082,-0.06660979463669951
FSLY,rs20,0.39782379058506623,0.019548643017141442
FSLY,beta60,0.6608980508792487,0.06907769597216984
CRWV,ret1,1.4574494790194479,0.03558512981835576
CRWV,ret3,0.38233807503031975,0.005382475252104851
CRWV,ret5,0.33871339799496847,-0.002562363326858352
CRWV,ret20,-0.29495279543686703,-0.0008706231123439459
CRWV,ret60,-0.6768124868174862,-0.017223137063480484
CRWV,ema10_dist,0.17521958047869507,0.006561677811999898
CRWV,ema20_dist,-0.146376975411784,-0.013524050553271128
CRWV,ema50_dist,-0.3540920889156778,-0.02805223885162148
CRWV,ema200_dist,-0.5770891759743718,-0.018912558161779933
CRWV,atr_pct,1.1135189757712947,0.46953233763413255
CRWV,rv20,0.8350625055787614,0.019554371875172526
CRWV,rv60,2.288990981033701,0.43598179455567615
CRWV,volume_ratio,0.7693192903813357,0.1222591827836964
CRWV,range_position,0.6559438641679683,0.0031667190707664336
CRWV,gap,0.0961823841868984,0.0017471970738059878
CRWV,intraday,1.7192930657804386,0.00965874612009572
CRWV,drawdown60,-0.6404040188886011,0.13328364470206952
CRWV,high20_dist,-1.068557931883305,0.11720306894071954
CRWV,rsi14,-0.2815141542373495,0.01970593277016156
CRWV,QQQ_r1,1.7720271997510297,-0.015245133263308832
CRWV,QQQ_r5,1.3849311183845832,-0.03961783532984865
CRWV,QQQ_r20,0.47281860790040303,-0.03904654619233081
CRWV,SMH_r1,1.8318779649660373,-0.12462769993029305
CRWV,SMH_r5,2.2711951190888464,0.04288271169705383
CRWV,IWM_r1,0.3059691645531515,0.02052454831604644
CRWV,JNK_r20,-0.28295907038111734,-0.0017435907607227896
CRWV,TLT_r20,0.05371629338995422,0.0004967130938654524
CRWV,BZ=F_r5,-0.16886116280886232,0.008742112091218352
CRWV,VIX_level,-0.6755661419776692,-0.12933560495445684
CRWV,VIX_r5,-0.7977927859872082,-0.06660979463669951
CRWV,rs20,-0.5603003642248265,-0.027532571107668262
CRWV,beta60,3.57301413302605,0.37345485231357506
LUNR,ret1,3.801963081672858,0.09282884365703575
LUNR,ret3,2.211763101647374,0.031136737185255746
LUNR,ret5,1.6980925199468226,-0.01284605222137938
LUNR,ret20,-1.0465174322114004,-0.0030890443421788295
LUNR,ret60,-0.7620244631666572,-0.01939156270085735
LUNR,ema10_dist,1.4587840178954565,0.054629001488155866
LUNR,ema20_dist,0.5942924582575989,0.05490782430975484
LUNR,ema50_dist,-0.49124145587147855,-0.03891762365017596
LUNR,ema200_dist,-0.848309662544463,-0.027801086036631114
LUNR,atr_pct,1.1554943816296432,0.4872319106675963
LUNR,rv20,1.007737855329017,0.02359785123166904
LUNR,rv60,1.2538775386169836,0.23882478523022108
LUNR,volume_ratio,1.1069856637022484,0.1759206668669647
LUNR,range_position,1.51111096261902,0.007295233883222216
LUNR,gap,1.0322998963574306,0.018752200555781307
LUNR,intraday,3.8578609808261186,0.021672919249231405
LUNR,drawdown60,-1.0881360709902537,0.226467569215238
LUNR,high20_dist,-0.9427193249495385,0.10340066246017598
LUNR,rsi14,0.013355595274995245,-0.0009348889163585298
LUNR,QQQ_r1,1.7720271997510297,-0.015245133263308832
LUNR,QQQ_r5,1.3849311183845832,-0.03961783532984865
LUNR,QQQ_r20,0.47281860790040303,-0.03904654619233081
LUNR,SMH_r1,1.8318779649660373,-0.12462769993029305
LUNR,SMH_r5,2.2711951190888464,0.04288271169705383
LUNR,IWM_r1,0.3059691645531515,0.02052454831604644
LUNR,JNK_r20,-0.28295907038111734,-0.0017435907607227896
LUNR,TLT_r20,0.05371629338995422,0.0004967130938654524
LUNR,BZ=F_r5,-0.16886116280886232,0.008742112091218352
LUNR,VIX_level,-0.6755661419776692,-0.12933560495445684
LUNR,VIX_r5,-0.7977927859872082,-0.06660979463669951
LUNR,rs20,-1.4262768488702076,-0.07008574555375957
LUNR,beta60,2.0991157450029467,0.21940158402767232
NVTS,ret1,1.8667749326763496,0.04557923226651605
NVTS,ret3,2.6660376516975983,0.03753191904914021
NVTS,ret5,1.4877450435636521,-0.011254775754100556
NVTS,ret20,-0.5243160702875825,-0.0015476432026677622
NVTS,ret60,-1.2989052593000998,-0.0330537981333581
NVTS,ema10_dist,1.3675964309747068,0.05121418012976066
NVTS,ema20_dist,0.5796288909661748,0.05355302909839984
NVTS,ema50_dist,-0.5446917614726331,-0.0431521174057617
NVTS,ema200_dist,-0.5045814130379128,-0.01653630967054635
NVTS,atr_pct,1.1252174230232257,0.4744651671632244
NVTS,rv20,0.7708712369560307,0.01805122698553578
NVTS,rv60,1.7049671301253482,0.32474336299691436
NVTS,volume_ratio,-0.09593840086970051,-0.015246401116616033
NVTS,range_position,0.3537539188416926,0.0017078279748455548
NVTS,gap,2.466928933489459,0.044812894277029475
NVTS,intraday,0.5094866301702601,0.002862224079385705
NVTS,drawdown60,-1.5225573182115004,0.31688119164401685
NVTS,high20_dist,-0.10038432211419161,0.01101049393230452
NVTS,rsi14,-0.015795757279294578,0.0011056997536867427
NVTS,QQQ_r1,1.7720271997510297,-0.015245133263308832
NVTS,QQQ_r5,1.3849311183845832,-0.03961783532984865
NVTS,QQQ_r20,0.47281860790040303,-0.03904654619233081
NVTS,SMH_r1,1.8318779649660373,-0.12462769993029305
NVTS,SMH_r5,2.2711951190888464,0.04288271169705383
NVTS,IWM_r1,0.3059691645531515,0.02052454831604644
NVTS,JNK_r20,-0.28295907038111734,-0.0017435907607227896
NVTS,TLT_r20,0.05371629338995422,0.0004967130938654524
NVTS,BZ=F_r5,-0.16886116280886232,0.008742112091218352
NVTS,VIX_level,-0.6755661419776692,-0.12933560495445684
NVTS,VIX_r5,-0.7977927859872082,-0.06660979463669951
NVTS,rs20,-0.8245799653971223,-0.04051899299166823
NVTS,beta60,3.83279968707642,0.40060788672906306
RCAT,ret1,0.8543615082404751,0.020860115990434164
RCAT,ret3,-0.38353799246315007,-0.005399367438127043
RCAT,ret5,-1.4884793970699859,0.011260331130724919
RCAT,ret20,-1.9377242019568526,-0.005719652438191461
RCAT,ret60,-0.9738582501216662,-0.02478218775353329
RCAT,ema10_dist,-1.6580221009707012,-0.06209013171942693
RCAT,ema20_dist,-1.9606849690657482,-0.18115145886905196
RCAT,ema50_dist,-1.8730766621230885,-0.14839075923491593
RCAT,ema200_dist,-1.4983329661335199,-0.04910386565450134
RCAT,atr_pct,1.702062938371924,0.7177009172211286
RCAT,rv20,0.7029878602413758,0.0164616252688346
RCAT,rv60,1.401459832576503,0.26693463533371836
RCAT,volume_ratio,0.6449918551428584,0.1025012346600834
RCAT,range_position,-0.34468886736249493,-0.0016640643649319727
RCAT,gap,1.1030573363217475,0.02003754186958602
RCAT,intraday,0.25742044258169766,0.0014461517646444195
RCAT,drawdown60,-1.9398759122584297,0.40373533617772495
RCAT,high20_dist,-2.4383638620350876,0.2674480431032609
RCAT,rsi14,-1.4435185202073086,0.1010459988726006
RCAT,QQQ_r1,1.7720271997510297,-0.015245133263308832
RCAT,QQQ_r5,1.3849311183845832,-0.03961783532984865
RCAT,QQQ_r20,0.47281860790040303,-0.03904654619233081
RCAT,SMH_r1,1.8318779649660373,-0.12462769993029305
RCAT,SMH_r5,2.2711951190888464,0.04288271169705383
RCAT,IWM_r1,0.3059691645531515,0.02052454831604644
RCAT,JNK_r20,-0.28295907038111734,-0.0017435907607227896
RCAT,TLT_r20,0.05371629338995422,0.0004967130938654524
RCAT,BZ=F_r5,-0.16886116280886232,0.008742112091218352
RCAT,VIX_level,-0.6755661419776692,-0.12933560495445684
RCAT,VIX_r5,-0.7977927859872082,-0.06660979463669951
RCAT,rs20,-2.4531534045161574,-0.12054538040735198
RCAT,beta60,1.864198107766073,0.19484776804658363
ASTS,ret1,1.681077328074115,0.041045234030656755
ASTS,ret3,0.7071243377706979,0.00995474815818432
ASTS,ret5,0.36476702166455616,-0.002759458718472332
ASTS,ret20,-0.7609980949279229,-0.0022462663183532203
ASTS,ret60,-0.4037832048067924,-0.01027524405322352
ASTS,ema10_dist,0.375648719889908,0.014067411094546477
ASTS,ema20_dist,0.019970154679888566,0.0018450810360555827
ASTS,ema50_dist,-0.5682876666868404,-0.04502145589060649
ASTS,ema200_dist,-0.844291424977861,-0.027669399020395023
ASTS,atr_pct,1.111246459647971,0.4685740963909095
ASTS,rv20,1.1674046169241181,0.027336712947381225
ASTS,rv60,1.921797804862122,0.36604288207311686
ASTS,volume_ratio,0.35236072272866836,0.05599669024876016
ASTS,range_position,1.0951865877723144,0.005287263808687921
ASTS,gap,0.8632657601116182,0.015681618029482945
ASTS,intraday,1.4259339482084206,0.0080106959446841
ASTS,drawdown60,-1.3844293991710026,0.28813341376969903
ASTS,high20_dist,-0.34123847979591376,0.037428197273551754
ASTS,rsi14,-0.24658368752490048,0.017260807300251663
ASTS,QQQ_r1,1.7720271997510297,-0.015245133263308832
ASTS,QQQ_r5,1.3849311183845832,-0.03961783532984865
ASTS,QQQ_r20,0.47281860790040303,-0.03904654619233081
ASTS,SMH_r1,1.8318779649660373,-0.12462769993029305
ASTS,SMH_r5,2.2711951190888464,0.04288271169705383
ASTS,IWM_r1,0.3059691645531515,0.02052454831604644
ASTS,JNK_r20,-0.28295907038111734,-0.0017435907607227896
ASTS,TLT_r20,0.05371629338995422,0.0004967130938654524
ASTS,BZ=F_r5,-0.16886116280886232,0.008742112091218352
ASTS,VIX_level,-0.6755661419776692,-0.12933560495445684
ASTS,VIX_r5,-0.7977927859872082,-0.06660979463669951
ASTS,rs20,-1.0972924609669223,-0.05391979844467402
ASTS,beta60,3.0709360759451467,0.32097717389526015
COHR,ret1,0.36581542300945774,0.00893176024606104
COHR,ret3,1.799667280451135,0.025335338622194285
COHR,ret5,2.6728949825093586,-0.02022042269443211
COHR,ret20,0.6123484694702168,0.0018074917023233443
COHR,ret60,-0.9407722863850861,-0.02394023507179128
COHR,ema10_dist,1.660475689482631,0.0621820144716543
COHR,ema20_dist,1.232992302889144,0.11391853253667214
COHR,ema50_dist,0.4304283708396127,0.034099828392897234
COHR,ema200_dist,0.40539796820403423,0.013285836871538725
COHR,atr_pct,1.1881580826801548,0.5010050606935363
COHR,rv20,1.0784719897555923,0.025254208162563768
COHR,rv60,2.099017584500282,0.3997977540658907
COHR,volume_ratio,0.3131203245577782,0.04976065915937741
COHR,range_position,-0.6890491617498464,-0.0033265424686556863
COHR,gap,1.4349585413558565,0.026066679316433253
COHR,intraday,-0.558495121168453,-0.0031375468743774183
COHR,drawdown60,-0.47028426233278814,0.09787758771176862
COHR,high20_dist,1.0540969000119176,-0.11561693377218547
COHR,rsi14,0.38871509992018716,-0.027209976871413605
COHR,QQQ_r1,1.7720271997510297,-0.015245133263308832
COHR,QQQ_r5,1.3849311183845832,-0.03961783532984865
COHR,QQQ_r20,0.47281860790040303,-0.03904654619233081
COHR,SMH_r1,1.8318779649660373,-0.12462769993029305
COHR,SMH_r5,2.2711951190888464,0.04288271169705383
COHR,IWM_r1,0.3059691645531515,0.02052454831604644
COHR,JNK_r20,-0.28295907038111734,-0.0017435907607227896
COHR,TLT_r20,0.05371629338995422,0.0004967130938654524
COHR,BZ=F_r5,-0.16886116280886232,0.008742112091218352
COHR,VIX_level,-0.6755661419776692,-0.12933560495445684
COHR,VIX_r5,-0.7977927859872082,-0.06660979463669951
COHR,rs20,0.4851207764910475,0.023838325168725964
COHR,beta60,3.4701969209839363,0.3627082990370109
INTC,ret1,3.5669505914486104,0.08709077170740537
INTC,ret3,3.4226099237232885,0.04818278485758497
INTC,ret5,3.2870914236988025,-0.024866812372864974
INTC,ret20,2.1994750486508368,0.006492272126266793
INTC,ret60,-0.4968155926705957,-0.012642679049961771
INTC,ema10_dist,3.2886435917606285,0.1231541567938816
INTC,ema20_dist,2.862679885421851,0.2644885056503277
INTC,ema50_dist,1.8113880646304317,0.14350360325076275
INTC,ema200_dist,1.708962766608946,0.056006695438771126
INTC,atr_pct,0.5197150197366834,0.2191458012213113
INTC,rv20,0.8240892611568198,0.01929741517951165
INTC,rv60,1.1337050540464146,0.21593565376862378
INTC,volume_ratio,1.3859288017621403,0.22024993369896867
INTC,range_position,0.6118278125971166,0.002953738738960848
INTC,gap,3.6909492149070102,0.0670477834623117
INTC,intraday,1.6321340283921029,0.009169098932561856
INTC,drawdown60,-0.030140237772881835,0.006272916196760272
INTC,high20_dist,1.9769007450829452,-0.21683319865171297
INTC,rsi14,1.4923149536862867,-0.10446173915807724
INTC,QQQ_r1,1.7720271997510297,-0.015245133263308832
INTC,QQQ_r5,1.3849311183845832,-0.03961783532984865
INTC,QQQ_r20,0.47281860790040303,-0.03904654619233081
INTC,SMH_r1,1.8318779649660373,-0.12462769993029305
INTC,SMH_r5,2.2711951190888464,0.04288271169705383
INTC,IWM_r1,0.3059691645531515,0.02052454831604644
INTC,JNK_r20,-0.28295907038111734,-0.0017435907607227896
INTC,TLT_r20,0.05371629338995422,0.0004967130938654524
INTC,BZ=F_r5,-0.16886116280886232,0.008742112091218352
INTC,VIX_level,-0.6755661419776692,-0.12933560495445684
INTC,VIX_r5,-0.7977927859872082,-0.06660979463669951
INTC,rs20,2.3138580912543043,0.11370055509182177
INTC,beta60,3.285056908125677,0.3433572879340245
ONTO,ret1,1.3869604740728703,0.03386406817752394
ONTO,ret3,2.2008878510269954,0.030983637687331075
ONTO,ret5,1.3126186513954325,-0.009929946421947817
ONTO,ret20,-0.5026083182185007,-0.0014835676252846687
ONTO,ret60,-0.8980775467687664,-0.022853763757174735
ONTO,ema10_dist,1.0262260310691769,0.03843043431428654
ONTO,ema20_dist,0.31794868784402125,0.029375891363052437
ONTO,ema50_dist,-0.18700013535431964,-0.014814712405207478
ONTO,ema200_dist,0.1846347144974222,0.006050910192034521
ONTO,atr_pct,0.8795938357544161,0.3708942181108997
ONTO,rv20,0.7965328563759764,0.018652136313525528
ONTO,rv60,1.8619028180677302,0.3546347445820225
ONTO,volume_ratio,-0.20745823121042314,-0.03296898196451725
ONTO,range_position,1.1681088217624078,0.005639312576385804
ONTO,gap,1.6283053822533882,0.029578913261366125
ONTO,intraday,0.5259914594899048,0.0029549458842524027
ONTO,drawdown60,-1.131964125446922,0.23558925281791643
ONTO,high20_dist,-0.12333214845049746,0.013527489587742166
ONTO,rsi14,-0.09818187444326369,0.0068727109735170315
ONTO,QQQ_r1,1.7720271997510297,-0.015245133263308832
ONTO,QQQ_r5,1.3849311183845832,-0.03961783532984865
ONTO,QQQ_r20,0.47281860790040303,-0.03904654619233081
ONTO,SMH_r1,1.8318779649660373,-0.12462769993029305
ONTO,SMH_r5,2.2711951190888464,0.04288271169705383
ONTO,IWM_r1,0.3059691645531515,0.02052454831604644
ONTO,JNK_r20,-0.28295907038111734,-0.0017435907607227896
ONTO,TLT_r20,0.05371629338995422,0.0004967130938654524
ONTO,BZ=F_r5,-0.16886116280886232,0.008742112091218352
ONTO,VIX_level,-0.6755661419776692,-0.12933560495445684
ONTO,VIX_r5,-0.7977927859872082,-0.06660979463669951
ONTO,rs20,-0.7995676086329542,-0.03928991206445417
ONTO,beta60,4.123497776184308,0.430991928855334
MSTR,ret1,2.779246168274427,0.06785815708806027
MSTR,ret3,5.620219418418386,0.07912027053187726
MSTR,ret5,2.989678237876614,-0.022616884720796704
MSTR,ret20,2.5999067481037605,0.007674241234043909
MSTR,ret60,3.200891436073909,0.0814544545241057
MSTR,ema10_dist,4.1238066274966325,0.15442960412699364
MSTR,ema20_dist,3.824295052158874,0.3533339821411392
MSTR,ema50_dist,3.216381052565701,0.254811367858289
MSTR,ema200_dist,0.17730655424337202,0.00581074929005683
MSTR,atr_pct,0.6924813633381892,0.2919953771520028
MSTR,rv20,2.2425751560916165,0.052513612175469064
MSTR,rv60,1.6530444762864966,0.31485370769188004
MSTR,volume_ratio,0.7192703403169854,0.1143054712226403
MSTR,range_position,0.932823069877555,0.00450341678060992
MSTR,gap,3.4992197132606386,0.06356492922584485
MSTR,intraday,0.8600044609235619,0.00483138384929149
MSTR,drawdown60,0.9553795912995534,-0.19883771845055886
MSTR,high20_dist,1.9828621553720749,-0.21748706641147902
MSTR,rsi14,1.4913367892646818,-0.10439326785018678
MSTR,QQQ_r1,1.7720271997510297,-0.015245133263308832
MSTR,QQQ_r5,1.3849311183845832,-0.03961783532984865
MSTR,QQQ_r20,0.47281860790040303,-0.03904654619233081
MSTR,SMH_r1,1.8318779649660373,-0.12462769993029305
MSTR,SMH_r5,2.2711951190888464,0.04288271169705383
MSTR,IWM_r1,0.3059691645531515,0.02052454831604644
MSTR,JNK_r20,-0.28295907038111734,-0.0017435907607227896
MSTR,TLT_r20,0.05371629338995422,0.0004967130938654524
MSTR,BZ=F_r5,-0.16886116280886232,0.008742112091218352
MSTR,VIX_level,-0.6755661419776692,-0.12933560495445684
MSTR,VIX_r5,-0.7977927859872082,-0.06660979463669951
MSTR,rs20,2.7752481280727164,0.1363727766504272
MSTR,beta60,0.9876392052205797,0.10322899372703352
WULF,ret1,0.7431047838237113,0.018143668498752197
WULF,ret3,2.219722678910102,0.03124879044500617
WULF,ret5,1.6377334304889757,-0.012389436338497631
WULF,ret20,0.6465256930529805,0.0019083738815304562
WULF,ret60,-1.3596989263671562,-0.034600840602108926
WULF,ema10_dist,1.3870019858037859,0.0519408854340631
WULF,ema20_dist,0.9216846482197701,0.0851562190134898
WULF,ema50_dist,-0.12068466966625697,-0.009561002025134435
WULF,ema200_dist,-0.2345306328309282,-0.007686115801158199
WULF,atr_pct,1.1642575959287702,0.49092705424807087
WULF,rv20,1.216844875557946,0.028494438502620387
WULF,rv60,1.7829160046396968,0.3395902062024799
WULF,volume_ratio,-0.2774520190438982,-0.04409230021150203
WULF,range_position,0.4191151950665288,0.00202337448913968
WULF,gap,1.168945178345958,0.021234424705848385
WULF,intraday,0.07747445890605996,0.00043524059060038336
WULF,drawdown60,-1.5456873821114272,0.32169512023885016
WULF,high20_dist,0.5644097739430336,-0.06190638398956311
WULF,rsi14,0.16728369255965134,-0.011709823998211983
WULF,QQQ_r1,1.7720271997510297,-0.015245133263308832
WULF,QQQ_r5,1.3849311183845832,-0.03961783532984865
WULF,QQQ_r20,0.47281860790040303,-0.03904654619233081
WULF,SMH_r1,1.8318779649660373,-0.12462769993029305
WULF,SMH_r5,2.2711951190888464,0.04288271169705383
WULF,IWM_r1,0.3059691645531515,0.02052454831604644
WULF,JNK_r20,-0.28295907038111734,-0.0017435907607227896
WULF,TLT_r20,0.05371629338995422,0.0004967130938654524
WULF,BZ=F_r5,-0.16886116280886232,0.008742112091218352
WULF,VIX_level,-0.6755661419776692,-0.12933560495445684
WULF,VIX_r5,-0.7977927859872082,-0.06660979463669951
WULF,rs20,0.524500851716726,0.025773420682854983
WULF,beta60,2.2465449335074257,0.2348110237247442
IREN,ret1,0.3266102883196963,0.007974526511674651
IREN,ret3,1.7863021136064814,0.02514718660574681
IREN,ret5,1.1899330811700712,-0.009001831361424463
IREN,ret20,0.725490320982014,0.0021414567042608887
IREN,ret60,-0.24247875056347148,-0.0061704605592809636
IREN,ema10_dist,1.4527644691003787,0.054403579536687854
IREN,ema20_dist,1.3562359195710407,0.12530524754212347
IREN,ema50_dist,0.8044617429667792,0.0637318755971129
IREN,ema200_dist,0.13120551149623103,0.004299910604160688
IREN,atr_pct,1.0065275161517446,0.42441774934679904
IREN,rv20,1.266195158367719,0.02965005712489155
IREN,rv60,2.6418379523011875,0.5031881999156756
IREN,volume_ratio,-0.051647484183702665,-0.00820774844473673
IREN,range_position,-0.527317519926137,-0.0025457459668709577
IREN,gap,1.2478418425359132,0.02266761875662053
IREN,intraday,-0.47721591179707634,-0.002680931731918345
IREN,drawdown60,0.9553795912995534,-0.19883771845055886
IREN,high20_dist,0.48792307621899894,-0.05351706279422243
IREN,rsi14,0.6293411162186013,-0.04405374841382241
IREN,QQQ_r1,1.7720271997510297,-0.015245133263308832
IREN,QQQ_r5,1.3849311183845832,-0.03961783532984865
IREN,QQQ_r20,0.47281860790040303,-0.03904654619233081
IREN,SMH_r1,1.8318779649660373,-0.12462769993029305
IREN,SMH_r5,2.2711951190888464,0.04288271169705383
IREN,IWM_r1,0.3059691645531515,0.02052454831604644
IREN,JNK_r20,-0.28295907038111734,-0.0017435907607227896
IREN,TLT_r20,0.05371629338995422,0.0004967130938654524
IREN,BZ=F_r5,-0.16886116280886232,0.008742112091218352
IREN,VIX_level,-0.6755661419776692,-0.12933560495445684
IREN,VIX_r5,-0.7977927859872082,-0.06660979463669951
IREN,rs20,0.6154863871708498,0.030244354283131474
IREN,beta60,3.755994606658342,0.39258014631255
LITE,ret1,0.7272226442552294,0.01775588970677794
LITE,ret3,0.6052428746135741,0.008520482282236796
LITE,ret5,1.8365615297745808,-0.013893568838050997
LITE,ret20,0.5515773120104324,0.0016281112215585625
LITE,ret60,0.16993637986913082,0.004324443800261913
LITE,ema10_dist,0.9651873993121863,0.03614464048587719
LITE,ema20_dist,0.8294279000424221,0.07663244044298098
LITE,ema50_dist,0.7618858813234286,0.06035888795485784
LITE,ema200_dist,1.1455593130965396,0.03754265031938343
LITE,atr_pct,1.1572700178075823,0.48798063486858084
LITE,rv20,1.317173741554874,0.030843805097829406
LITE,rv60,2.0217221882895493,0.38507537821116866
LITE,volume_ratio,0.08031622637680386,0.012763746241474234
LITE,range_position,-0.9313729370873671,-0.004496415932804664
LITE,gap,1.5229758440117258,0.027665553943473104
LITE,intraday,-0.1872607753583302,-0.0010520046427438842
LITE,drawdown60,0.6865287981085668,-0.14288333256190583
LITE,high20_dist,0.17317718760033637,-0.018994663042282978
LITE,rsi14,0.29318429954957975,-0.02052284053653601
LITE,QQQ_r1,1.7720271997510297,-0.015245133263308832
LITE,QQQ_r5,1.3849311183845832,-0.03961783532984865
LITE,QQQ_r20,0.47281860790040303,-0.03904654619233081
LITE,SMH_r1,1.8318779649660373,-0.12462769993029305
LITE,SMH_r5,2.2711951190888464,0.04288271169705383
LITE,IWM_r1,0.3059691645531515,0.02052454831604644
LITE,JNK_r20,-0.28295907038111734,-0.0017435907607227896
LITE,TLT_r20,0.05371629338995422,0.0004967130938654524
LITE,BZ=F_r5,-0.16886116280886232,0.008742112091218352
LITE,VIX_level,-0.6755661419776692,-0.12933560495445684
LITE,VIX_r5,-0.7977927859872082,-0.06660979463669951
LITE,rs20,0.41509833167417837,0.020397495813348928
LITE,beta60,3.109391908706926,0.3249966142920668
WDC,ret1,0.43446288384782894,0.010607858691186859
WDC,ret3,1.2237788067050142,0.017228101440375232
WDC,ret5,0.6052183522290524,-0.004578470528988053
WDC,ret20,-0.27306964229321945,-0.0008060297970997117
WDC,ret60,-1.3800489993080662,-0.03511869761914064
WDC,ema10_dist,0.3493994228712892,0.01308441918601027
WDC,ema20_dist,-0.09807248733475872,-0.009061105907326622
WDC,ema50_dist,-0.5526457965822047,-0.04378225995825747
WDC,ema200_dist,0.27306321208673373,0.008948918287564875
WDC,atr_pct,0.8929034455924644,0.37650641903089604
WDC,rv20,0.10819863150495111,0.002533650191091017
WDC,rv60,1.6566957209042483,0.31554915655734056
WDC,volume_ratio,0.3036949857467715,0.04826279704295765
WDC,range_position,-0.13305190076979856,-0.0006423384905107545
WDC,gap,1.619248311199597,0.029414387416262438
WDC,intraday,-0.6022058390171904,-0.0033831075265030324
WDC,drawdown60,-1.4519948015312767,0.30219541653159243
WDC,high20_dist,-0.10328267157761536,0.011328394760926182
WDC,rsi14,-0.3707369087543899,0.025951507195520803
WDC,QQQ_r1,1.7720271997510297,-0.015245133263308832
WDC,QQQ_r5,1.3849311183845832,-0.03961783532984865
WDC,QQQ_r20,0.47281860790040303,-0.03904654619233081
WDC,SMH_r1,1.8318779649660373,-0.12462769993029305
WDC,SMH_r5,2.2711951190888464,0.04288271169705383
WDC,IWM_r1,0.3059691645531515,0.02052454831604644
WDC,JNK_r20,-0.28295907038111734,-0.0017435907607227896
WDC,TLT_r20,0.05371629338995422,0.0004967130938654524
WDC,BZ=F_r5,-0.16886116280886232,0.008742112091218352
WDC,VIX_level,-0.6755661419776692,-0.12933560495445684
WDC,VIX_r5,-0.7977927859872082,-0.06660979463669951
WDC,rs20,-0.5350859048090392,-0.02629355906853273
WDC,beta60,2.6305288483205946,0.27494538951744024
CIEN,ret1,1.4329853389512115,0.03498781264698572
CIEN,ret3,1.2228813981075073,0.01721546791030705
CIEN,ret5,1.860998120722602,-0.014078431393973802
CIEN,ret20,-0.6091912151481196,-0.001798172317571305
CIEN,ret60,-1.0611618120819835,-0.027003838865265934
CIEN,ema10_dist,1.09510750827775,0.041009929479281684
CIEN,ema20_dist,0.35776930335309587,0.033054994689870755
CIEN,ema50_dist,-0.49444430812408513,-0.039171363225865743
CIEN,ema200_dist,-0.26866880136948784,-0.008804903199885684
CIEN,atr_pct,1.2019449863950582,0.5068185198898751
CIEN,rv20,0.9652960232607245,0.02260400542757344
CIEN,rv60,1.1449571177529847,0.2180788229501073
CIEN,volume_ratio,0.08919076060567985,0.014174075237476026
CIEN,range_position,1.109397514475008,0.005355870308513582
CIEN,gap,2.34438018668005,0.04258674014668555
CIEN,intraday,0.0845736287585433,0.0004751227262486467
CIEN,drawdown60,-1.0027060545123871,0.20868750596252972
CIEN,high20_dist,-0.4390393673487702,0.048155331314958874
CIEN,rsi14,-0.11891643277260239,0.008324125782707937
CIEN,QQQ_r1,1.7720271997510297,-0.015245133263308832
CIEN,QQQ_r5,1.3849311183845832,-0.03961783532984865
CIEN,QQQ_r20,0.47281860790040303,-0.03904654619233081
CIEN,SMH_r1,1.8318779649660373,-0.12462769993029305
CIEN,SMH_r5,2.2711951190888464,0.04288271169705383
CIEN,IWM_r1,0.3059691645531515,0.02052454831604644
CIEN,JNK_r20,-0.28295907038111734,-0.0017435907607227896
CIEN,TLT_r20,0.05371629338995422,0.0004967130938654524
CIEN,BZ=F_r5,-0.16886116280886232,0.008742112091218352
CIEN,VIX_level,-0.6755661419776692,-0.12933560495445684
CIEN,VIX_r5,-0.7977927859872082,-0.06660979463669951
CIEN,rs20,-0.9223757849230815,-0.04532457679466348
CIEN,beta60,2.0273227621591503,0.21189771284024603
PL,ret1,1.1487718610228201,0.028048447918533788
PL,ret3,1.0671591882097848,0.015023243291006185
PL,ret5,0.6576946141532359,-0.004975452903706926
PL,ret20,-1.6527951253435176,-0.004878616708691195
PL,ret60,-1.449509928745411,-0.03688629962347356
PL,ema10_dist,-0.029507392585140072,-0.0011050020932987334
PL,ema20_dist,-0.983955755714231,-0.09090956651499495
PL,ema50_dist,-1.8965383400704638,-0.15024946383251095
PL,ema200_dist,-1.441062370593034,-0.04722697467436742
PL,atr_pct,1.031001520643858,0.43473758833516535
PL,rv20,0.14071300631686096,0.0032950281383863174
PL,rv60,0.7279508628483916,0.1386520637969792
PL,volume_ratio,-0.35813186967584704,-0.05691383312858701
PL,range_position,0.7017394794880873,0.003387807880821326
PL,gap,0.7931391979204109,0.014407736899457466
PL,intraday,0.8329672101777426,0.004679492385330578
PL,drawdown60,-2.781678762300752,0.5789349736955329
PL,high20_dist,-1.8758878138624895,0.20575375673425955
PL,rsi14,-1.314112429421829,0.0919875991911477
PL,QQQ_r1,1.7720271997510297,-0.015245133263308832
PL,QQQ_r5,1.3849311183845832,-0.03961783532984865
PL,QQQ_r20,0.47281860790040303,-0.03904654619233081
PL,SMH_r1,1.8318779649660373,-0.12462769993029305
PL,SMH_r5,2.2711951190888464,0.04288271169705383
PL,IWM_r1,0.3059691645531515,0.02052454831604644
PL,JNK_r20,-0.28295907038111734,-0.0017435907607227896
PL,TLT_r20,0.05371629338995422,0.0004967130938654524
PL,BZ=F_r5,-0.16886116280886232,0.008742112091218352
PL,VIX_level,-0.6755661419776692,-0.12933560495445684
PL,VIX_r5,-0.7977927859872082,-0.06660979463669951
PL,rs20,-2.1248491335783912,-0.1044128535312527
PL,beta60,1.2899701060067288,0.13482890844869697
ABCL,ret1,0.04843972397920271,0.0011827057410764956
ABCL,ret3,1.3926275203594984,0.01960511822721481
ABCL,ret5,1.7090180362243492,-0.012928703638188536
ABCL,ret20,0.6639104987079104,0.0019596892575531573
ABCL,ret60,2.9430480737919487,0.07489300411356029
ABCL,ema10_dist,1.332221994081252,0.04988946712085127
ABCL,ema20_dist,1.5488412246002665,0.1431004224643794
ABCL,ema50_dist,2.4378808687259745,0.19313624495458634
ABCL,ema200_dist,3.539578381432303,0.11600023842760514
ABCL,atr_pct,0.6657105398288435,0.2807070492328245
ABCL,rv20,1.3864482526022968,0.03246598252938968
ABCL,rv60,2.3826912496827912,0.4538287898538101
ABCL,volume_ratio,-0.1543231813280865,-0.024524831587675194
ABCL,range_position,-0.073113681420768,-0.0003529730239687084
ABCL,gap,0.9793586524814739,0.017790498606243644
ABCL,intraday,-0.6271588857262965,-0.003523290225941038
ABCL,drawdown60,0.9129886061271879,-0.19001512390143396
ABCL,high20_dist,0.5136785010902455,-0.056342005407733334
ABCL,rsi14,1.1645401392525438,-0.08151756970953956
ABCL,QQQ_r1,1.7720271997510297,-0.015245133263308832
ABCL,QQQ_r5,1.3849311183845832,-0.03961783532984865
ABCL,QQQ_r20,0.47281860790040303,-0.03904654619233081
ABCL,SMH_r1,1.8318779649660373,-0.12462769993029305
ABCL,SMH_r5,2.2711951190888464,0.04288271169705383
ABCL,IWM_r1,0.3059691645531515,0.02052454831604644
ABCL,JNK_r20,-0.28295907038111734,-0.0017435907607227896
ABCL,TLT_r20,0.05371629338995422,0.0004967130938654524
ABCL,BZ=F_r5,-0.16886116280886232,0.008742112091218352
ABCL,VIX_level,-0.6755661419776692,-0.12933560495445684
ABCL,VIX_r5,-0.7977927859872082,-0.06660979463669951
ABCL,rs20,0.5445321732433877,0.026757738772807314
ABCL,beta60,-0.09964268854658033,-0.010414749046563431
MRVL,ret1,1.5678015202131028,0.0382794885375607
MRVL,ret3,1.9936823937025294,0.0280666427056998
MRVL,ret5,2.273996882573752,-0.017202762724442797
MRVL,ret20,0.44991494563775875,0.0013280306419236674
MRVL,ret60,-0.5010540754316827,-0.012750537535077287
MRVL,ema10_dist,1.9299940615717446,0.07227502301117937
MRVL,ema20_dist,1.6534814684813521,0.15276833604281845
MRVL,ema50_dist,1.2032273627981807,0.09532328575140532
MRVL,ema200_dist,1.6127556545564874,0.05285376400629905
MRVL,atr_pct,0.6461336114918818,0.2724521374389931
MRVL,rv20,0.7708573160425891,0.01805090100428712
MRVL,rv60,1.523687902616553,0.29021529207840885
MRVL,volume_ratio,-0.09804196557830584,-0.01558069677957703
MRVL,range_position,0.8284959211567865,0.003999753602249669
MRVL,gap,1.462269888868213,0.02656280245643115
MRVL,intraday,0.8588643597263176,0.004824978921455409
MRVL,drawdown60,-0.09134099125772373,0.01901028080157475
MRVL,high20_dist,1.0681726975238783,-0.1171608151257049
MRVL,rsi14,0.8129270292508822,-0.05690472448486102
MRVL,QQQ_r1,1.7720271997510297,-0.015245133263308832
MRVL,QQQ_r5,1.3849311183845832,-0.03961783532984865
MRVL,QQQ_r20,0.47281860790040303,-0.03904654619233081
MRVL,SMH_r1,1.8318779649660373,-0.12462769993029305
MRVL,SMH_r5,2.2711951190888464,0.04288271169705383
MRVL,IWM_r1,0.3059691645531515,0.02052454831604644
MRVL,JNK_r20,-0.28295907038111734,-0.0017435907607227896
MRVL,TLT_r20,0.05371629338995422,0.0004967130938654524
MRVL,BZ=F_r5,-0.16886116280886232,0.008742112091218352
MRVL,VIX_level,-0.6755661419776692,-0.12933560495445684
MRVL,VIX_r5,-0.7977927859872082,-0.06660979463669951
MRVL,rs20,0.29795974592330365,0.014641428804362413
MRVL,beta60,3.2965966897019157,0.34456343693423436
RKLB,ret1,2.4145439722276185,0.058953577424622115
RKLB,ret3,1.6008569709128266,0.022536528770812383
RKLB,ret5,1.4973153852051515,-0.011327175288907407
RKLB,ret20,-0.356608871236237,-0.001052615639412066
RKLB,ret60,-0.6728704373703545,-0.017122822043794277
RKLB,ema10_dist,1.3786250918799348,0.05162718488276944
RKLB,ema20_dist,0.7006808915165312,0.06473725647030816
RKLB,ema50_dist,-0.3710082512519792,-0.0293923880420874
RKLB,ema200_dist,-0.5366596490468278,-0.017587588276182252
RKLB,atr_pct,0.6610988943500364,0.27876247825638084
RKLB,rv20,0.3123292528370156,0.007313706838312535
RKLB,rv60,1.2061855696504848,0.22974094418925822
RKLB,volume_ratio,0.623223706449593,0.09904186986418256
RKLB,range_position,1.512622731704085,0.007302532294342112
RKLB,gap,0.5350785222838697,0.009719946498458249
RKLB,intraday,2.5587815020065863,0.014374873834240765
RKLB,drawdown60,-1.4532991777309465,0.302466888928434
RKLB,high20_dist,0.20482277013126246,-0.02246565818477789
RKLB,rsi14,0.1371242510648247,-0.00959866931011913
RKLB,QQQ_r1,1.7720271997510297,-0.015245133263308832
RKLB,QQQ_r5,1.3849311183845832,-0.03961783532984865
RKLB,QQQ_r20,0.47281860790040303,-0.03904654619233081
RKLB,SMH_r1,1.8318779649660373,-0.12462769993029305
RKLB,SMH_r5,2.2711951190888464,0.04288271169705383
RKLB,IWM_r1,0.3059691645531515,0.02052454831604644
RKLB,JNK_r20,-0.28295907038111734,-0.0017435907607227896
RKLB,TLT_r20,0.05371629338995422,0.0004967130938654524
RKLB,BZ=F_r5,-0.16886116280886232,0.008742112091218352
RKLB,VIX_level,-0.6755661419776692,-0.12933560495445684
RKLB,VIX_r5,-0.7977927859872082,-0.06660979463669951
RKLB,rs20,-0.6313424398697257,-0.031023504050457996
RKLB,beta60,2.2752637810929808,0.23781274512420478
RDW,ret1,2.346039588608061,0.057280972357125384
RDW,ret3,1.2278955612984894,0.017286056248346195
RDW,ret5,1.3451894919681207,-0.010176344491532433
RDW,ret20,-0.34354491166623585,-0.0010140542651300435
RDW,ret60,0.05370431978047986,0.0013666368137348224
RDW,ema10_dist,1.1166824540554376,0.041817874816314195
RDW,ema20_dist,0.6890632295753876,0.06366387831803497
RDW,ema50_dist,0.1697965819930459,0.013451795234521998
RDW,ema200_dist,-0.10570034951999835,-0.003464046964045317
RDW,atr_pct,1.0608828899269864,0.4473375255400951
RDW,rv20,0.5803029677464454,0.013588755279720761
RDW,rv60,1.4346181294475562,0.27325026256599483
RDW,volume_ratio,0.22966236736196893,0.0364976332985561
RDW,range_position,1.1326463104624975,0.0054681091899906244
RDW,gap,1.3939896132130225,0.025322459967191152
RDW,intraday,1.8383749949603265,0.010327731614385289
RDW,drawdown60,-0.1734784110614225,0.036105074642594125
RDW,high20_dist,0.30046032308742854,-0.0329555103284868
RDW,rsi14,0.19469953043354976,-0.013628926998358801
RDW,QQQ_r1,1.7720271997510297,-0.015245133263308832
RDW,QQQ_r5,1.3849311183845832,-0.03961783532984865
RDW,QQQ_r20,0.47281860790040303,-0.03904654619233081
RDW,SMH_r1,1.8318779649660373,-0.12462769993029305
RDW,SMH_r5,2.2711951190888464,0.04288271169705383
RDW,IWM_r1,0.3059691645531515,0.02052454831604644
RDW,JNK_r20,-0.28295907038111734,-0.0017435907607227896
RDW,TLT_r20,0.05371629338995422,0.0004967130938654524
RDW,BZ=F_r5,-0.16886116280886232,0.008742112091218352
RDW,VIX_level,-0.6755661419776692,-0.12933560495445684
RDW,VIX_r5,-0.7977927859872082,-0.06660979463669951
RDW,rs20,-0.6162897335149788,-0.030283829878287333
RDW,beta60,2.556561643518572,0.26721426657279285
TER,ret1,0.7798125070025805,0.019039925359425783
TER,ret3,1.958882809456864,0.02757674145542286
TER,ret5,2.046732926540953,-0.015483513264863271
TER,ret20,-0.009943125261886742,-2.934949183684705e-05
TER,ret60,-0.8735519346853582,-0.02222965000823292
TER,ema10_dist,1.2072194457908303,0.04520833248213184
TER,ema20_dist,0.7311710335136522,0.06755429938696542
TER,ema50_dist,0.2629274188008519,0.020829899858616253
TER,ema200_dist,0.5138116305286895,0.016838805424076033
TER,atr_pct,0.5775045391477585,0.24351363754043676
TER,rv20,0.7602133752735107,0.017801655499159796
TER,rv60,1.526164675156608,0.2906870404363826
TER,volume_ratio,0.4856001259700408,0.07717091629319367
TER,range_position,0.7964927173113817,0.0038452508140096723
TER,gap,0.9638697561561839,0.017509135708403175
TER,intraday,0.26565446275814164,0.0014924093294627345
TER,drawdown60,-0.6722549899779078,0.13991260609030445
TER,high20_dist,0.8298171256059891,-0.09101716517061025
TER,rsi14,0.21075845941555002,-0.014753048716989283
TER,QQQ_r1,1.7720271997510297,-0.015245133263308832
TER,QQQ_r5,1.3849311183845832,-0.03961783532984865
TER,QQQ_r20,0.47281860790040303,-0.03904654619233081
TER,SMH_r1,1.8318779649660373,-0.12462769993029305
TER,SMH_r5,2.2711951190888464,0.04288271169705383
TER,IWM_r1,0.3059691645531515,0.02052454831604644
TER,JNK_r20,-0.28295907038111734,-0.0017435907607227896
TER,TLT_r20,0.05371629338995422,0.0004967130938654524
TER,BZ=F_r5,-0.16886116280886232,0.008742112091218352
TER,VIX_level,-0.6755661419776692,-0.12933560495445684
TER,VIX_r5,-0.7977927859872082,-0.06660979463669951
TER,rs20,-0.23190323084278902,-0.011395481068641763
TER,beta60,3.2053261644424498,0.33502375439665405
LRCX,ret1,1.4325534052277575,0.03497726654034992
LRCX,ret3,2.0325098656713125,0.028613247714780302
LRCX,ret5,1.337984178290059,-0.01012183636862833
LRCX,ret20,-0.35920431665122593,-0.0010602767119635894
LRCX,ret60,-1.0708141706956225,-0.027249466566625708
LRCX,ema10_dist,0.9540765082117331,0.03572855635072395
LRCX,ema20_dist,0.30150093332150685,0.027856251658621364
LRCX,ema50_dist,-0.18026776423964008,-0.014281353743834723
LRCX,ema200_dist,0.27340302707768954,0.008960054817321903
LRCX,atr_pct,0.4672455253954832,0.19702123498709864
LRCX,rv20,0.43533350089988615,0.010194055067072137
LRCX,rv60,1.196996360522405,0.22799068483070087
LRCX,volume_ratio,0.46835968163933944,0.07443108816064474
LRCX,range_position,0.8834582224815338,0.0042650966861415545
LRCX,gap,0.7454410051219704,0.01354127737479722
LRCX,intraday,1.2110082237668343,0.006803273517189685
LRCX,drawdown60,-1.3760590628358327,0.2863913432935179
LRCX,high20_dist,0.2671004599065813,-0.029296487052746616
LRCX,rsi14,-0.07103384022949356,0.004972354174378785
LRCX,QQQ_r1,1.7720271997510297,-0.015245133263308832
LRCX,QQQ_r5,1.3849311183845832,-0.03961783532984865
LRCX,QQQ_r20,0.47281860790040303,-0.03904654619233081
LRCX,SMH_r1,1.8318779649660373,-0.12462769993029305
LRCX,SMH_r5,2.2711951190888464,0.04288271169705383
LRCX,IWM_r1,0.3059691645531515,0.02052454831604644
LRCX,JNK_r20,-0.28295907038111734,-0.0017435907607227896
LRCX,TLT_r20,0.05371629338995422,0.0004967130938654524
LRCX,BZ=F_r5,-0.16886116280886232,0.008742112091218352
LRCX,VIX_level,-0.6755661419776692,-0.12933560495445684
LRCX,VIX_r5,-0.7977927859872082,-0.06660979463669951
LRCX,rs20,-0.6343329939572716,-0.031170456735703164
LRCX,beta60,3.2129958679659905,0.33582539913972903
IOVA,ret1,-0.19489450801470695,-0.004758550103056696
IOVA,ret3,0.5083152458937757,0.007155955448784099
IOVA,ret5,1.2741697816361155,-0.009639081122808127
IOVA,ret20,1.392100085264813,0.004109113484184437
IOVA,ret60,4.758531825756501,0.12109239627258722
IOVA,ema10_dist,1.5860627233107387,0.05939537437286366
IOVA,ema20_dist,2.187930440279841,0.20214710543201475
IOVA,ema50_dist,3.2637117238505593,0.2585610458021151
IOVA,ema200_dist,3.9952802820586437,0.13093465248151223
IOVA,atr_pct,0.5395732986777955,0.22751934880827768
IOVA,rv20,0.21611574054970875,0.005060708067425881
IOVA,rv60,2.8131660099146005,0.5358208815797606
IOVA,volume_ratio,-0.12471530647080313,-0.019819588096095592
IOVA,range_position,-0.8150713872804752,-0.00393494359370391
IOVA,gap,0.8655921653539445,0.015723878246530393
IOVA,intraday,-0.8427794053916557,-0.004734615915075627
IOVA,drawdown60,0.9102526213892573,-0.18944569896504226
IOVA,high20_dist,0.15597726607901385,-0.017108117139913805
IOVA,rsi14,1.7665719144260275,-0.1236596698792784
IOVA,QQQ_r1,1.7720271997510297,-0.015245133263308832
IOVA,QQQ_r5,1.3849311183845832,-0.03961783532984865
IOVA,QQQ_r20,0.47281860790040303,-0.03904654619233081
IOVA,SMH_r1,1.8318779649660373,-0.12462769993029305
IOVA,SMH_r5,2.2711951190888464,0.04288271169705383
IOVA,IWM_r1,0.3059691645531515,0.02052454831604644
IOVA,JNK_r20,-0.28295907038111734,-0.0017435907607227896
IOVA,TLT_r20,0.05371629338995422,0.0004967130938654524
IOVA,BZ=F_r5,-0.16886116280886232,0.008742112091218352
IOVA,VIX_level,-0.6755661419776692,-0.12933560495445684
IOVA,VIX_r5,-0.7977927859872082,-0.06660979463669951
IOVA,rs20,1.3835751875983808,0.06798743079180383
IOVA,beta60,-2.113845620274471,-0.22094116467004316
TSEM,ret1,1.3297657532184672,0.03246760017240457
TSEM,ret3,2.5998045614990377,0.036599503492996836
TSEM,ret5,2.896722440238297,-0.021913675080146976
TSEM,ret20,0.21758224453524616,0.0006422455859334427
TSEM,ret60,-0.6720643019642405,-0.017102307971046428
TSEM,ema10_dist,1.8092738010293432,0.06775425282730008
TSEM,ema20_dist,1.1337450877121424,0.10474889126249472
TSEM,ema50_dist,0.31820427451123445,0.025209098400167208
TSEM,ema200_dist,0.6158563462816381,0.020183048744047173
TSEM,atr_pct,0.7291537259057356,0.30745884072789703
TSEM,rv20,0.8197476621128805,0.019195749445903795
TSEM,rv60,1.6555100583683622,0.3153233246146128
TSEM,volume_ratio,0.3544153729316777,0.05632321248454312
TSEM,range_position,0.3277900417014848,0.001582481417948914
TSEM,gap,0.7524364790821677,0.013668353364194535
TSEM,intraday,1.0814406122912406,0.006075380937653289
TSEM,drawdown60,0.03602111407977097,-0.007496869521701191
TSEM,high20_dist,1.1410303640703094,-0.12515209183641288
TSEM,rsi14,0.3669915555941376,-0.025689333246305384
TSEM,QQQ_r1,1.7720271997510297,-0.015245133263308832
TSEM,QQQ_r5,1.3849311183845832,-0.03961783532984865
TSEM,QQQ_r20,0.47281860790040303,-0.03904654619233081
TSEM,SMH_r1,1.8318779649660373,-0.12462769993029305
TSEM,SMH_r5,2.2711951190888464,0.04288271169705383
TSEM,IWM_r1,0.3059691645531515,0.02052454831604644
TSEM,JNK_r20,-0.28295907038111734,-0.0017435907607227896
TSEM,TLT_r20,0.05371629338995422,0.0004967130938654524
TSEM,BZ=F_r5,-0.16886116280886232,0.008742112091218352
TSEM,VIX_level,-0.6755661419776692,-0.12933560495445684
TSEM,VIX_r5,-0.7977927859872082,-0.06660979463669951
TSEM,rs20,0.03025867814504734,0.0014868796467857968
TSEM,beta60,2.7431442982238563,0.2867160639805247
AMD,ret1,2.9203485682999513,0.07130331748289467
AMD,ret3,3.352905440058608,0.04720149975210303
AMD,ret5,3.21416595521033,-0.024315131963542628
AMD,ret20,1.8614837693303306,0.005494610723833616
AMD,ret60,0.3391351839354584,0.008630118193348552
AMD,ema10_dist,3.221681780862091,0.12064654989501852
AMD,ema20_dist,2.828548209997192,0.2613350144498683
AMD,ema50_dist,2.016695457668095,0.15976867159818853
AMD,ema200_dist,2.107862828016966,0.06907958075043706
AMD,atr_pct,0.05346113324565749,0.022542705972312983
AMD,rv20,0.4238037739459002,0.0099240674110928
AMD,rv60,0.9196201792572267,0.1751591244283174
AMD,volume_ratio,1.9585065040085272,0.31124320896457514
AMD,range_position,1.484365998314202,0.007166116449341705
AMD,gap,2.1604590397908,0.0392457282517058
AMD,intraday,1.9643531461129853,0.011035459111739115
AMD,drawdown60,0.9553795912995534,-0.19883771845055886
AMD,high20_dist,2.041268308937677,-0.22389325201795027
AMD,rsi14,1.6559374219595053,-0.1159152782109003
AMD,QQQ_r1,1.7720271997510297,-0.015245133263308832
AMD,QQQ_r5,1.3849311183845832,-0.03961783532984865
AMD,QQQ_r20,0.47281860790040303,-0.03904654619233081
AMD,SMH_r1,1.8318779649660373,-0.12462769993029305
AMD,SMH_r5,2.2711951190888464,0.04288271169705383
AMD,IWM_r1,0.3059691645531515,0.02052454831604644
AMD,JNK_r20,-0.28295907038111734,-0.0017435907607227896
AMD,TLT_r20,0.05371629338995422,0.0004967130938654524
AMD,BZ=F_r5,-0.16886116280886232,0.008742112091218352
AMD,VIX_level,-0.6755661419776692,-0.12933560495445684
AMD,VIX_r5,-0.7977927859872082,-0.06660979463669951
AMD,rs20,1.924413876365607,0.09456367561874217
AMD,beta60,2.631312243544822,0.27502727073505506
TEM,ret1,0.05038132203235111,0.0012301118568773923
TEM,ret3,1.904865056083051,0.026816290849801652
TEM,ret5,3.3041157143037903,-0.024995600953919707
TEM,ret20,0.36878987200337193,0.0010885707514280054
TEM,ret60,1.2698398506650883,0.03231415823829531
TEM,ema10_dist,2.1444842366810555,0.08030731836916229
TEM,ema20_dist,2.3800411140423687,0.21989658041931007
TEM,ema50_dist,2.4031815885634518,0.1903872637557146
TEM,ema200_dist,1.1654548434803553,0.038194673249649036
TEM,atr_pct,0.8389334969657711,0.3537491632570259
TEM,rv20,1.4794099572592116,0.03464283483789011
TEM,rv60,1.7702618628367648,0.3371799846255854
TEM,volume_ratio,-0.4438551948548821,-0.07053686821028234
TEM,range_position,-0.7310643379237758,-0.00352938034384545
TEM,gap,0.7825104230157648,0.014214660333841724
TEM,intraday,-0.4888733833733771,-0.0027464217641872822
TEM,drawdown60,0.7318566610747823,-0.15231716277611643
TEM,high20_dist,0.4367997758375593,-0.04790968529946875
TEM,rsi14,1.2574330599507433,-0.08802005501107543
TEM,QQQ_r1,1.7720271997510297,-0.015245133263308832
TEM,QQQ_r5,1.3849311183845832,-0.03961783532984865
TEM,QQQ_r20,0.47281860790040303,-0.03904654619233081
TEM,SMH_r1,1.8318779649660373,-0.12462769993029305
TEM,SMH_r5,2.2711951190888464,0.04288271169705383
TEM,IWM_r1,0.3059691645531515,0.02052454831604644
TEM,JNK_r20,-0.28295907038111734,-0.0017435907607227896
TEM,TLT_r20,0.05371629338995422,0.0004967130938654524
TEM,BZ=F_r5,-0.16886116280886232,0.008742112091218352
TEM,VIX_level,-0.6755661419776692,-0.12933560495445684
TEM,VIX_r5,-0.7977927859872082,-0.06660979463669951
TEM,rs20,0.2044848767703269,0.010048171962034832
TEM,beta60,0.5304125339722486,0.055439225025430666
AMAT,ret1,1.2865438109007736,0.03141229194353108
AMAT,ret3,1.9459497419095784,0.02739467244228169
AMAT,ret5,1.1941127106673985,-0.009033450215025187
AMAT,ret20,-0.4887287912502298,-0.0014425989104464862
AMAT,ret60,-1.2684765812726093,-0.0322794665385137
AMAT,ema10_dist,0.9677400339020984,0.03624023234670125
AMAT,ema20_dist,0.2216510025563423,0.020478762833583453
AMAT,ema50_dist,-0.42031909834855347,-0.033298941461467224
AMAT,ema200_dist,0.1377165070885516,0.00451329111441362
AMAT,atr_pct,0.22594995034645274,0.09527525860167836
AMAT,rv20,0.13237810321974883,0.0030998525753408927
AMAT,rv60,0.9982672584689347,0.19013895397565717
AMAT,volume_ratio,0.6586722958393166,0.1046753118222988
AMAT,range_position,0.7151452922254564,0.0034525275087858302
AMAT,gap,1.2750234678929253,0.02316138543423561
AMAT,intraday,0.6550534783599502,0.0036799981157909006
AMAT,drawdown60,-1.7984093474985217,0.37429270496594025
AMAT,high20_dist,0.08965303082289704,-0.009833449398256837
AMAT,rsi14,-0.2002850831829801,0.014019914539509805
AMAT,QQQ_r1,1.7720271997510297,-0.015245133263308832
AMAT,QQQ_r5,1.3849311183845832,-0.03961783532984865
AMAT,QQQ_r20,0.47281860790040303,-0.03904654619233081
AMAT,SMH_r1,1.8318779649660373,-0.12462769993029305
AMAT,SMH_r5,2.2711951190888464,0.04288271169705383
AMAT,IWM_r1,0.3059691645531515,0.02052454831604644
AMAT,JNK_r20,-0.28295907038111734,-0.0017435907607227896
AMAT,TLT_r20,0.05371629338995422,0.0004967130938654524
AMAT,BZ=F_r5,-0.16886116280886232,0.008742112091218352
AMAT,VIX_level,-0.6755661419776692,-0.12933560495445684
AMAT,VIX_r5,-0.7977927859872082,-0.06660979463669951
AMAT,rs20,-0.7835751797926257,-0.03850406091684722
AMAT,beta60,2.6613204197048743,0.27816375398947785
FN,ret1,0.9690844023612484,0.023661193584679007
FN,ret3,0.34326650506087164,0.004832433882553152
FN,ret5,0.6051268124277537,-0.004577778031344961
FN,ret20,-0.642130673220131,-0.001895400938385363
FN,ret60,-1.228157950992834,-0.031253461095284304
FN,ema10_dist,0.2187680264597496,0.008192493677214837
FN,ema20_dist,-0.4572503699187138,-0.04224624194403719
FN,ema50_dist,-1.1646691752421316,-0.09226859031802194
FN,ema200_dist,-1.0276649650810472,-0.03367897758626819
FN,atr_pct,0.8108905545238836,0.3419244268983495
FN,rv20,0.11369833606907935,0.0026624348838919605
FN,rv60,1.3364361192588041,0.25454963449456186
FN,volume_ratio,-0.38589596286777883,-0.061326065327643696
FN,range_position,0.5218405396247146,0.0025193045914451402
FN,gap,1.7514954372629312,0.031816717048974784
FN,intraday,-0.05670676796739889,-0.00031857062998137404
FN,drawdown60,-1.581920466529592,0.3292361059410196
FN,high20_dist,-0.3219667530561986,0.03531440872705654
FN,rsi14,-0.6854881158181849,0.04798402681262303
FN,QQQ_r1,1.7720271997510297,-0.015245133263308832
FN,QQQ_r5,1.3849311183845832,-0.03961783532984865
FN,QQQ_r20,0.47281860790040303,-0.03904654619233081
FN,SMH_r1,1.8318779649660373,-0.12462769993029305
FN,SMH_r5,2.2711951190888464,0.04288271169705383
FN,IWM_r1,0.3059691645531515,0.02052454831604644
FN,JNK_r20,-0.28295907038111734,-0.0017435907607227896
FN,TLT_r20,0.05371629338995422,0.0004967130938654524
FN,BZ=F_r5,-0.16886116280886232,0.008742112091218352
FN,VIX_level,-0.6755661419776692,-0.12933560495445684
FN,VIX_r5,-0.7977927859872082,-0.06660979463669951
FN,rs20,-0.9603296676785864,-0.04718959070951922
FN,beta60,2.3175115907531527,0.24222852657084834
MTSI,ret1,0.32658093986081604,0.007973809938829927
MTSI,ret3,1.7949744028742103,0.025269273275663067
MTSI,ret5,2.123397291404227,-0.01606347838630633
MTSI,ret20,0.1941458801917493,0.0005730675995490779
MTSI,ret60,-1.1999672305913194,-0.030536079766111997
MTSI,ema10_dist,1.0208687395647076,0.03822981278157168
MTSI,ema20_dist,0.5406434270992561,0.04995108703957733
MTSI,ema50_dist,-0.13556830948365486,-0.010740128676672183
MTSI,ema200_dist,-0.02782392152883183,-0.0009118547983755667
MTSI,atr_pct,0.5653745139673083,0.2383988265650848
MTSI,rv20,0.6876553179669067,0.016102588392644147
MTSI,rv60,1.1272049512460909,0.21469758576959574
MTSI,volume_ratio,0.18590709948995338,0.02954410521288608
MTSI,range_position,-0.9559648525521962,-0.004615139030836737
MTSI,gap,1.834337774935169,0.03332158606622563
MTSI,intraday,-0.8758593914893438,-0.0049204546145580974
MTSI,drawdown60,-1.0969044360320446,0.22829247914143788
MTSI,high20_dist,0.6141176864516728,-0.06735851692762596
MTSI,rsi14,0.07211757318374236,-0.0050482152577942556
MTSI,QQQ_r1,1.7720271997510297,-0.015245133263308832
MTSI,QQQ_r5,1.3849311183845832,-0.03961783532984865
MTSI,QQQ_r20,0.47281860790040303,-0.03904654619233081
MTSI,SMH_r1,1.8318779649660373,-0.12462769993029305
MTSI,SMH_r5,2.2711951190888464,0.04288271169705383
MTSI,IWM_r1,0.3059691645531515,0.02052454831604644
MTSI,JNK_r20,-0.28295907038111734,-0.0017435907607227896
MTSI,TLT_r20,0.05371629338995422,0.0004967130938654524
MTSI,BZ=F_r5,-0.16886116280886232,0.008742112091218352
MTSI,VIX_level,-0.6755661419776692,-0.12933560495445684
MTSI,VIX_r5,-0.7977927859872082,-0.06660979463669951
MTSI,rs20,0.0032545597845153058,0.0001599256477644723
MTSI,beta60,2.1081737047778466,0.22034833064105125
STX,ret1,0.6165845618947747,0.015054546997938711
STX,ret3,1.989613372624325,0.028009359880148115
STX,ret5,1.124761212954783,-0.008508806857385857
STX,ret20,0.09734056168104616,0.00028732374833924856
STX,ret60,-0.7096435956642748,-0.01805860434375064
STX,ema10_dist,1.0789187488782006,0.04040368773925684
STX,ema20_dist,0.6554987289773796,0.060562789491696106
STX,ema50_dist,0.2993895892498758,0.023718542521085136
STX,ema200_dist,1.0776314408175032,0.03531649552603779
STX,atr_pct,0.7550810579227152,0.31839149753521945
STX,rv20,0.415161726006229,0.009721699542763858
STX,rv60,1.3423748034875054,0.2556807696666888
STX,volume_ratio,0.20461667804157113,0.03251740617199024
STX,range_position,-0.7220321800513779,-0.003485775535344076
STX,gap,2.0756817000560948,0.03770570903548732
STX,intraday,-0.6948669490327636,-0.0039036645825744577
STX,drawdown60,0.0451222255824261,-0.009391032075551142
STX,high20_dist,0.37572526176719423,-0.04121082483572773
STX,rsi14,0.22338230450419674,-0.01563671527113373
STX,QQQ_r1,1.7720271997510297,-0.015245133263308832
STX,QQQ_r5,1.3849311183845832,-0.03961783532984865
STX,QQQ_r20,0.47281860790040303,-0.03904654619233081
STX,SMH_r1,1.8318779649660373,-0.12462769993029305
STX,SMH_r5,2.2711951190888464,0.04288271169705383
STX,IWM_r1,0.3059691645531515,0.02052454831604644
STX,JNK_r20,-0.28295907038111734,-0.0017435907607227896
STX,TLT_r20,0.05371629338995422,0.0004967130938654524
STX,BZ=F_r5,-0.16886116280886232,0.008742112091218352
STX,VIX_level,-0.6755661419776692,-0.12933560495445684
STX,VIX_r5,-0.7977927859872082,-0.06660979463669951
STX,rs20,-0.10828758219099142,-0.0053211379951104395
STX,beta60,1.7962588394253567,0.18774669078244577
KLAC,ret1,1.1443772092471494,0.02794114797009995
KLAC,ret3,1.6358320499267045,0.023028900599638698
KLAC,ret5,1.110165322444464,-0.008398389097746374
KLAC,ret20,-0.11465386357478187,-0.0003384280640564423
KLAC,ret60,-1.212746096837959,-0.030861269045518884
KLAC,ema10_dist,0.9192352596465461,0.034423810345580085
KLAC,ema20_dist,0.3401167370968584,0.03142404010993957
KLAC,ema50_dist,-0.3241774535736667,-0.025682311586815824
KLAC,ema200_dist,-0.023490257466414095,-0.0007698305202460967
KLAC,atr_pct,0.20525646719392146,0.08654953436184631
KLAC,rv20,0.11553194723469516,0.0027053719267688525
KLAC,rv60,0.9138606153592065,0.174062106124216
KLAC,volume_ratio,-0.024898756874555575,-0.003956876820681577
KLAC,range_position,0.7517761466678556,0.0036293713389943115
KLAC,gap,0.635860212456939,0.011550692072631636
KLAC,intraday,0.941001665675902,0.005286414729547581
KLAC,drawdown60,-2.0477382022462796,0.42618410088167186
KLAC,high20_dist,0.5500430312904874,-0.060330590783300296
KLAC,rsi14,-0.061980187873261025,0.004338600375605625
KLAC,QQQ_r1,1.7720271997510297,-0.015245133263308832
KLAC,QQQ_r5,1.3849311183845832,-0.03961783532984865
KLAC,QQQ_r20,0.47281860790040303,-0.03904654619233081
KLAC,SMH_r1,1.8318779649660373,-0.12462769993029305
KLAC,SMH_r5,2.2711951190888464,0.04288271169705383
KLAC,IWM_r1,0.3059691645531515,0.02052454831604644
KLAC,JNK_r20,-0.28295907038111734,-0.0017435907607227896
KLAC,TLT_r20,0.05371629338995422,0.0004967130938654524
KLAC,BZ=F_r5,-0.16886116280886232,0.008742112091218352
KLAC,VIX_level,-0.6755661419776692,-0.12933560495445684
KLAC,VIX_r5,-0.7977927859872082,-0.06660979463669951
KLAC,rs20,-0.35255424691238374,-0.01732414521246092
KLAC,beta60,2.435117034198106,0.2545207599284059
ONDS,ret1,-0.06181127644740442,-0.001509185963755668
ONDS,ret3,0.3830975339393547,0.005393166755383846
ONDS,ret5,0.2229039927220482,-0.0016862663825591032
ONDS,ret20,-1.1173318967248018,-0.0032980700250929756
ONDS,ret60,-0.3394635524678823,-0.008638474327952192
ONDS,ema10_dist,-0.07529583818027276,-0.0028197021666965132
ONDS,ema20_dist,-0.4819598732861398,-0.04452920052920543
ONDS,ema50_dist,-0.7915329129699828,-0.0627076148511223
ONDS,ema200_dist,-0.7280234599740527,-0.023859026651560346
ONDS,atr_pct,0.7421448781502794,0.31293675912413854
ONDS,rv20,0.6079640248442617,0.014236484753068627
ONDS,rv60,1.2262447048023428,0.2335615873517719
ONDS,volume_ratio,-0.26801618267758154,-0.04259276983776769
ONDS,range_position,-1.2760689464585993,-0.00616051477741776
ONDS,gap,0.7637331697648216,0.013873562925917095
ONDS,intraday,-0.6116976939377529,-0.0034364314296299716
ONDS,drawdown60,-0.9304790252389955,0.19365530531477695
ONDS,high20_dist,-0.8700530752844845,0.09543038100417071
ONDS,rsi14,-0.7577658243811943,0.053043451513958444
ONDS,QQQ_r1,1.7720271997510297,-0.015245133263308832
ONDS,QQQ_r5,1.3849311183845832,-0.03961783532984865
ONDS,QQQ_r20,0.47281860790040303,-0.03904654619233081
ONDS,SMH_r1,1.8318779649660373,-0.12462769993029305
ONDS,SMH_r5,2.2711951190888464,0.04288271169705383
ONDS,IWM_r1,0.3059691645531515,0.02052454831604644
ONDS,JNK_r20,-0.28295907038111734,-0.0017435907607227896
ONDS,TLT_r20,0.05371629338995422,0.0004967130938654524
ONDS,BZ=F_r5,-0.16886116280886232,0.008742112091218352
ONDS,VIX_level,-0.6755661419776692,-0.12933560495445684
ONDS,VIX_r5,-0.7977927859872082,-0.06660979463669951
ONDS,rs20,-1.5078715089177337,-0.07409522140493552
ONDS,beta60,1.96184026881087,0.20505342004653254
HIMS,ret1,1.41499304059113,0.034548512155208225
HIMS,ret3,0.7747802149529586,0.010907193411156013
HIMS,ret5,0.1964738984856132,-0.0014863229950292794
HIMS,ret20,-0.9756894776618962,-0.002879978840224488
HIMS,ret60,-0.564105019977945,-0.01435502191007527
HIMS,ema10_dist,0.7191928146001197,0.026932558114902905
HIMS,ema20_dist,0.27206722958474466,0.025136815106621593
HIMS,ema50_dist,-0.11897657337389758,-0.009425681506335031
HIMS,ema200_dist,-0.42224900381153996,-0.01383808460773146
HIMS,atr_pct,0.598172607058215,0.2522286450540319
HIMS,rv20,0.5718058993158314,0.013389782346759464
HIMS,rv60,1.441628286918557,0.2745854801617167
HIMS,volume_ratio,-0.2527669059939051,-0.04016937537892781
HIMS,range_position,1.1702880142791727,0.005649833126815016
HIMS,gap,0.899205301218249,0.016334476259046243
HIMS,intraday,1.07840786022243,0.006058343363977891
HIMS,drawdown60,-0.8430159487776894,0.17545211285535162
HIMS,high20_dist,-0.6832577510125033,0.07494203440618395
HIMS,rsi14,-0.0654404551019735,0.004580818368375933
HIMS,QQQ_r1,1.7720271997510297,-0.015245133263308832
HIMS,QQQ_r5,1.3849311183845832,-0.03961783532984865
HIMS,QQQ_r20,0.47281860790040303,-0.03904654619233081
HIMS,SMH_r1,1.8318779649660373,-0.12462769993029305
HIMS,SMH_r5,2.2711951190888464,0.04288271169705383
HIMS,IWM_r1,0.3059691645531515,0.02052454831604644
HIMS,JNK_r20,-0.28295907038111734,-0.0017435907607227896
HIMS,TLT_r20,0.05371629338995422,0.0004967130938654524
HIMS,BZ=F_r5,-0.16886116280886232,0.008742112091218352
HIMS,VIX_level,-0.6755661419776692,-0.12933560495445684
HIMS,VIX_r5,-0.7977927859872082,-0.06660979463669951
HIMS,rs20,-1.344666645177504,-0.0660755059041936
HIMS,beta60,0.8792550729435086,0.09190058062658261
CLS,ret1,1.024540050274813,0.025015200333161913
CLS,ret3,1.0330427584720798,0.014542959346649325
CLS,ret5,1.1312354075387694,-0.008557784071960636
CLS,ret20,0.9463427676914646,0.002793355067313066
CLS,ret60,-0.36952601472012014,-0.00940348667320407
CLS,ema10_dist,1.0711655756261378,0.04011334447532671
CLS,ema20_dist,0.9187450405766899,0.08488462300421333
CLS,ema50_dist,0.3775449520888502,0.029910245116327668
CLS,ema200_dist,0.1054379566081669,0.0034554477363819805
CLS,atr_pct,0.6319543191378574,0.26647322156073305
CLS,rv20,0.8482176814359523,0.019862422109827135
CLS,rv60,1.3471392749913682,0.2565882537300054
CLS,volume_ratio,-0.10739705330235275,-0.017067394688120092
CLS,range_position,0.8059528354570967,0.003890921698639013
CLS,gap,1.321800468560338,0.02401111108180026
CLS,intraday,0.30808113202329496,0.0017307563776242814
CLS,drawdown60,0.3997567643811138,-0.08319910084806881
CLS,high20_dist,0.6506712162514839,-0.07136783242220392
CLS,rsi14,0.41045478893614856,-0.028731750621487865
CLS,QQQ_r1,1.7720271997510297,-0.015245133263308832
CLS,QQQ_r5,1.3849311183845832,-0.03961783532984865
CLS,QQQ_r20,0.47281860790040303,-0.03904654619233081
CLS,SMH_r1,1.8318779649660373,-0.12462769993029305
CLS,SMH_r5,2.2711951190888464,0.04288271169705383
CLS,IWM_r1,0.3059691645531515,0.02052454831604644
CLS,JNK_r20,-0.28295907038111734,-0.0017435907607227896
CLS,TLT_r20,0.05371629338995422,0.0004967130938654524
CLS,BZ=F_r5,-0.16886116280886232,0.008742112091218352
CLS,VIX_level,-0.6755661419776692,-0.12933560495445684
CLS,VIX_r5,-0.7977927859872082,-0.06660979463669951
CLS,rs20,0.8699595436615225,0.04274889778055616
CLS,beta60,2.0846286719958536,0.21788738131005309
VRT,ret1,0.15250131849259924,0.003723476727083963
VRT,ret3,0.7682268076093056,0.010814935916682367
VRT,ret5,0.6977800557328669,-0.005278698851616242
VRT,ret20,-0.39059258456206697,-0.0011529266272123882
VRT,ret60,-1.0063850175218279,-0.025609910326736943
VRT,ema10_dist,0.056031351729794364,0.0020982796352857235
VRT,ema20_dist,-0.3239670937852254,-0.02993194347418521
VRT,ema50_dist,-0.687779910322607,-0.054487990343978346
VRT,ema200_dist,-0.3468104279667477,-0.011365786542363065
VRT,atr_pct,0.6411599620140416,0.2703549219296791
VRT,rv20,0.5737779490581824,0.013435961158238424
VRT,rv60,0.9291150047502496,0.17696759422646907
VRT,volume_ratio,-0.17624495575702473,-0.028008610378041976
VRT,range_position,-0.2095974864151535,-0.0010118798172729171
VRT,gap,1.0495356983347721,0.019065296795119622
VRT,intraday,-0.5500630204670164,-0.003090176521087889
VRT,drawdown60,-0.9763600242925154,0.2032042565956231
VRT,high20_dist,-0.707571744197322,0.07760887588893073
VRT,rsi14,-0.507050014618002,0.03549339650875048
VRT,QQQ_r1,1.7720271997510297,-0.015245133263308832
VRT,QQQ_r5,1.3849311183845832,-0.03961783532984865
VRT,QQQ_r20,0.47281860790040303,-0.03904654619233081
VRT,SMH_r1,1.8318779649660373,-0.12462769993029305
VRT,SMH_r5,2.2711951190888464,0.04288271169705383
VRT,IWM_r1,0.3059691645531515,0.02052454831604644
VRT,JNK_r20,-0.28295907038111734,-0.0017435907607227896
VRT,TLT_r20,0.05371629338995422,0.0004967130938654524
VRT,BZ=F_r5,-0.16886116280886232,0.008742112091218352
VRT,VIX_level,-0.6755661419776692,-0.12933560495445684
VRT,VIX_r5,-0.7977927859872082,-0.06660979463669951
VRT,rs20,-0.670499546472557,-0.03294764312076637
VRT,beta60,1.5754582111780826,0.16466839807415629
PATH,ret1,0.4198805206543919,0.010251815277835757
PATH,ret3,-0.08823158935344046,-0.0012421058146278286
PATH,ret5,-1.0137150849414331,0.007668744055927817
PATH,ret20,-1.2365169805044658,-0.003649873059987199
PATH,ret60,1.0828544099549806,0.027555859688915937
PATH,ema10_dist,-0.9613116884107848,-0.03599950164832277
PATH,ema20_dist,-1.195976572877037,-0.11049857798069304
PATH,ema50_dist,-0.5450609268037184,-0.0431813637921327
PATH,ema200_dist,-0.08158797251902286,-0.0026738281357684794
PATH,atr_pct,0.9382101986502537,0.39561070565439177
PATH,rv20,1.2289922359498282,0.028778889068677087
PATH,rv60,0.893870262227142,0.17025456380337065
PATH,volume_ratio,-0.39363898381425755,-0.06255657576073617
PATH,range_position,-0.27174570794752745,-0.0013119145749582019
PATH,gap,0.5797004442508731,0.010530524154101011
PATH,intraday,0.10127127477732982,0.0005689277481548317
PATH,drawdown60,-1.142232304017464,0.23772631040026676
PATH,high20_dist,-2.1152661811720903,0.23200959036721594
PATH,rsi14,-0.9196834317585851,0.06437765065548406
PATH,QQQ_r1,1.7720271997510297,-0.015245133263308832
PATH,QQQ_r5,1.3849311183845832,-0.03961783532984865
PATH,QQQ_r20,0.47281860790040303,-0.03904654619233081
PATH,SMH_r1,1.8318779649660373,-0.12462769993029305
PATH,SMH_r5,2.2711951190888464,0.04288271169705383
PATH,IWM_r1,0.3059691645531515,0.02052454831604644
PATH,JNK_r20,-0.28295907038111734,-0.0017435907607227896
PATH,TLT_r20,0.05371629338995422,0.0004967130938654524
PATH,BZ=F_r5,-0.16886116280886232,0.008742112091218352
PATH,VIX_level,-0.6755661419776692,-0.12933560495445684
PATH,VIX_r5,-0.7977927859872082,-0.06660979463669951
PATH,rs20,-1.645200322466796,-0.08084341499107087
PATH,beta60,-1.3469429757022136,-0.1407837672446201
APP,ret1,2.1005234635150907,0.0512864433462049
APP,ret3,0.147804289852181,0.0020807578011193587
APP,ret5,-0.2114509614503921,0.0015996243203154083
APP,ret20,0.41042447446916036,0.00121146515263644
APP,ret60,-1.1122917260200365,-0.028304963671547063
APP,ema10_dist,0.5641416091215387,0.021126151936248987
APP,ema20_dist,0.2575231100043513,0.02379305589924132
APP,ema50_dist,-0.7312812321782346,-0.05793429572400599
APP,ema200_dist,-1.2241763817838536,-0.040119115007959574
APP,atr_pct,0.45999098176622344,0.19396224551064561
APP,rv20,-0.05225503406611014,-0.0012236381847492144
APP,rv60,0.8583203218202805,0.16348340264836625
APP,volume_ratio,0.32673310627711966,0.05192398404831211
APP,range_position,0.861479605428681,0.004158989884062346
APP,gap,0.24050983608372067,0.004368971359770837
APP,intraday,2.398566454877678,0.013474808280765825
APP,drawdown60,-2.245643870473364,0.4673730815727702
APP,high20_dist,0.682169360372033,-0.0748226560182994
APP,rsi14,-0.1644087491113549,0.01150857854942229
APP,QQQ_r1,1.7720271997510297,-0.015245133263308832
APP,QQQ_r5,1.3849311183845832,-0.03961783532984865
APP,QQQ_r20,0.47281860790040303,-0.03904654619233081
APP,SMH_r1,1.8318779649660373,-0.12462769993029305
APP,SMH_r5,2.2711951190888464,0.04288271169705383
APP,IWM_r1,0.3059691645531515,0.02052454831604644
APP,JNK_r20,-0.28295907038111734,-0.0017435907607227896
APP,TLT_r20,0.05371629338995422,0.0004967130938654524
APP,BZ=F_r5,-0.16886116280886232,0.008742112091218352
APP,VIX_level,-0.6755661419776692,-0.12933560495445684
APP,VIX_r5,-0.7977927859872082,-0.06660979463669951
APP,rs20,0.2524575792083577,0.012405500147836446
APP,beta60,-0.04666735838454487,-0.004877716903572578
MU,ret1,0.7979519462842413,0.019482818448319925
MU,ret3,2.0993236724395827,0.029553838477028114
MU,ret5,1.6614856014867214,-0.012569121264627411
MU,ret20,0.41064343938566134,0.0012121114795065272
MU,ret60,-0.6930555032109158,-0.017636480054511676
MU,ema10_dist,1.3200359880072114,0.04943312174292902
MU,ema20_dist,1.0936698078247897,0.10104625900350478
MU,ema50_dist,0.8818306851085607,0.06986127558259346
MU,ema200_dist,1.7520999691446708,0.057420402168785425
MU,atr_pct,0.23390481158047352,0.09862954772654735
MU,rv20,0.19364252738117424,0.004534460553507176
MU,rv60,1.2862747189283232,0.2449954433619989
MU,volume_ratio,0.1564402779502682,0.024861277724069042
MU,range_position,-0.38869674776406826,-0.0018765224756705225
MU,gap,1.4348979873084735,0.026065579324420277
MU,intraday,-0.041911297923348106,-0.0002354517646016089
MU,drawdown60,0.21959228234533018,-0.045702492295762315
MU,high20_dist,0.964450602217277,-0.1057842228753719
MU,rsi14,0.719189628091313,-0.050343125725095854
MU,QQQ_r1,1.7720271997510297,-0.015245133263308832
MU,QQQ_r5,1.3849311183845832,-0.03961783532984865
MU,QQQ_r20,0.47281860790040303,-0.03904654619233081
MU,SMH_r1,1.8318779649660373,-0.12462769993029305
MU,SMH_r5,2.2711951190888464,0.04288271169705383
MU,IWM_r1,0.3059691645531515,0.02052454831604644
MU,JNK_r20,-0.28295907038111734,-0.0017435907607227896
MU,TLT_r20,0.05371629338995422,0.0004967130938654524
MU,BZ=F_r5,-0.16886116280886232,0.008742112091218352
MU,VIX_level,-0.6755661419776692,-0.12933560495445684
MU,VIX_r5,-0.7977927859872082,-0.06660979463669951
MU,rs20,0.25270987749299484,0.012417897820416447
MU,beta60,2.642610888062868,0.2762082158594609
CRWD,ret1,1.4340160650026343,0.035012978884906856
CRWD,ret3,0.5198332771481526,0.00731810387769675
CRWD,ret5,0.7321969009092567,-0.005539061926794782
CRWD,ret20,1.8510545918066004,0.005463826533497501
CRWD,ret60,1.4361564530809203,0.03654648801224749
CRWD,ema10_dist,1.4860356885646009,0.055649530599577834
CRWD,ema20_dist,1.610303635773116,0.14877905295588384
CRWD,ema50_dist,1.6380681660072898,0.12977268029000433
CRWD,ema200_dist,1.9013912780635702,0.06231302653348557
CRWD,atr_pct,0.49615403575126343,0.20921095131902567
CRWD,rv20,1.8524009428167052,0.043377036635902
CRWD,rv60,1.029867555839852,0.19615783062061615
CRWD,volume_ratio,0.03801146905042999,0.006040731333033118
CRWD,range_position,1.43424089757414,0.006924126057924619
CRWD,gap,-1.321691923617819,-0.024009139313190566
CRWD,intraday,2.7773541007799882,0.015602783887727503
CRWD,drawdown60,0.9553795912995534,-0.19883771845055886
CRWD,high20_dist,0.9053218612452109,-0.0992987814240947
CRWD,rsi14,0.9907564410972589,-0.06935274665943184
CRWD,QQQ_r1,1.7720271997510297,-0.015245133263308832
CRWD,QQQ_r5,1.3849311183845832,-0.03961783532984865
CRWD,QQQ_r20,0.47281860790040303,-0.03904654619233081
CRWD,SMH_r1,1.8318779649660373,-0.12462769993029305
CRWD,SMH_r5,2.2711951190888464,0.04288271169705383
CRWD,IWM_r1,0.3059691645531515,0.02052454831604644
CRWD,JNK_r20,-0.28295907038111734,-0.0017435907607227896
CRWD,TLT_r20,0.05371629338995422,0.0004967130938654524
CRWD,BZ=F_r5,-0.16886116280886232,0.008742112091218352
CRWD,VIX_level,-0.6755661419776692,-0.12933560495445684
CRWD,VIX_r5,-0.7977927859872082,-0.06660979463669951
CRWD,rs20,1.91239704900595,0.09397318135014382
CRWD,beta60,0.20131565963409848,0.021041705164874046
COIN,ret1,1.0133571875672518,0.02474215922476127
COIN,ret3,3.7089076300382424,0.052213223936539946
COIN,ret5,0.6107288544122493,-0.004620157420591339
COIN,ret20,0.39909100021873484,0.0011780117160926
COIN,ret60,1.2299697509800616,0.03129956674510523
COIN,ema10_dist,2.07667396777924,0.07776793814885129
COIN,ema20_dist,1.7492862390735706,0.16161992323464805
COIN,ema50_dist,1.3604773972898143,0.10778110580746282
COIN,ema200_dist,-0.10443165460827719,-0.0034224688729869147
COIN,atr_pct,0.8980730619713027,0.37868626698664937
COIN,rv20,1.6307665232326125,0.03818709955702234
COIN,rv60,1.2212383086891376,0.23260802415306236
COIN,volume_ratio,0.4282346681577324,0.06805447520061556
COIN,range_position,-1.50194833824771,-0.0072509992178492865
COIN,gap,2.8401175077004934,0.051592035700393835
COIN,intraday,-0.7397226631153151,-0.004155657662161679
COIN,drawdown60,0.9553795912995534,-0.19883771845055886
COIN,high20_dist,1.219511756124774,-0.13376019789137553
COIN,rsi14,0.6552775222977014,-0.04586929149327779
COIN,QQQ_r1,1.7720271997510297,-0.015245133263308832
COIN,QQQ_r5,1.3849311183845832,-0.03961783532984865
COIN,QQQ_r20,0.47281860790040303,-0.03904654619233081
COIN,SMH_r1,1.8318779649660373,-0.12462769993029305
COIN,SMH_r5,2.2711951190888464,0.04288271169705383
COIN,IWM_r1,0.3059691645531515,0.02052454831604644
COIN,JNK_r20,-0.28295907038111734,-0.0017435907607227896
COIN,TLT_r20,0.05371629338995422,0.0004967130938654524
COIN,BZ=F_r5,-0.16886116280886232,0.008742112091218352
COIN,VIX_level,-0.6755661419776692,-0.12933560495445684
COIN,VIX_r5,-0.7977927859872082,-0.06660979463669951
COIN,rs20,0.23939879263169925,0.011763805098255071
COIN,beta60,-0.12330687694600242,-0.012888152636585659
HOOD,ret1,0.8370330090368362,0.020437022838599064
HOOD,ret3,3.0119737092440078,0.04240193433183632
HOOD,ret5,0.9842614836552055,-0.007445927869067505
HOOD,ret20,0.8079459715951205,0.0023848441082039494
HOOD,ret60,0.9100858311810838,0.023159343710793957
HOOD,ema10_dist,1.638036954364144,0.06134172168043727
HOOD,ema20_dist,1.5168002419062159,0.14014009439016
HOOD,ema50_dist,1.421654660889823,0.11262775238477377
HOOD,ema200_dist,0.8706147234849057,0.028532074902651538
HOOD,atr_pct,0.596712852991825,0.2516131173853739
HOOD,rv20,1.3681813624171026,0.032038233036030914
HOOD,rv60,1.048288822098968,0.19966651055347037
HOOD,volume_ratio,0.17311789213372408,0.02751166164963058
HOOD,range_position,-0.47635718659430454,-0.002299723299033022
HOOD,gap,2.192501722466698,0.03982779826256596
HOOD,intraday,-0.5134978577844893,-0.0028847585907653406
HOOD,drawdown60,0.8676073013525433,-0.18057017114770643
HOOD,high20_dist,0.7765989012165605,-0.08518000928424316
HOOD,rsi14,0.8046404874801069,-0.05632466826895098
HOOD,QQQ_r1,1.7720271997510297,-0.015245133263308832
HOOD,QQQ_r5,1.3849311183845832,-0.03961783532984865
HOOD,QQQ_r20,0.47281860790040303,-0.03904654619233081
HOOD,SMH_r1,1.8318779649660373,-0.12462769993029305
HOOD,SMH_r5,2.2711951190888464,0.04288271169705383
HOOD,IWM_r1,0.3059691645531515,0.02052454831604644
HOOD,JNK_r20,-0.28295907038111734,-0.0017435907607227896
HOOD,TLT_r20,0.05371629338995422,0.0004967130938654524
HOOD,BZ=F_r5,-0.16886116280886232,0.008742112091218352
HOOD,VIX_level,-0.6755661419776692,-0.12933560495445684
HOOD,VIX_r5,-0.7977927859872082,-0.06660979463669951
HOOD,rs20,0.7104943890953827,0.0349129476587643
HOOD,beta60,0.4216067934117882,0.04406674502422165
SMMT,ret1,-1.5955751167232584,-0.038957609495826405
SMMT,ret3,-0.4288312383270189,-0.006036996256367134
SMMT,ret5,-1.1394596520635059,0.008620000396103836
SMMT,ret20,1.7535281575406572,0.005175954138151457
SMMT,ret60,0.4651649729104491,0.011837252180790975
SMMT,ema10_dist,-0.32395762342029194,-0.01213166669967922
SMMT,ema20_dist,0.4324263241172222,0.039952700562876343
SMMT,ema50_dist,0.7374474927115816,0.0584228054047291
SMMT,ema200_dist,-0.16895346595128713,-0.005536999105975133
SMMT,atr_pct,0.7208660368615528,0.303964209657237
SMMT,rv20,1.1702229812916567,0.027402709617755483
SMMT,rv60,0.8839177252451432,0.16835891416134627
SMMT,volume_ratio,-0.2351528496764317,-0.03737017333394482
SMMT,range_position,-1.1948519218378812,-0.005768421010272657
SMMT,gap,1.5406749015502148,0.02798706543231582
SMMT,intraday,-2.9703543982042366,-0.016687032356488465
SMMT,drawdown60,0.31922913617227827,-0.06643934377235032
SMMT,high20_dist,-0.18027845660671357,0.019773554383676263
SMMT,rsi14,0.3241372511193766,-0.02268954076631635
SMMT,QQQ_r1,1.7720271997510297,-0.015245133263308832
SMMT,QQQ_r5,1.3849311183845832,-0.03961783532984865
SMMT,QQQ_r20,0.47281860790040303,-0.03904654619233081
SMMT,SMH_r1,1.8318779649660373,-0.12462769993029305
SMMT,SMH_r5,2.2711951190888464,0.04288271169705383
SMMT,IWM_r1,0.3059691645531515,0.02052454831604644
SMMT,JNK_r20,-0.28295907038111734,-0.0017435907607227896
SMMT,TLT_r20,0.05371629338995422,0.0004967130938654524
SMMT,BZ=F_r5,-0.16886116280886232,0.008742112091218352
SMMT,VIX_level,-0.6755661419776692,-0.12933560495445684
SMMT,VIX_r5,-0.7977927859872082,-0.06660979463669951
SMMT,rs20,1.8000240147076951,0.08845128853167034
SMMT,beta60,-0.49981800120664754,-0.052241455218149276
RBRK,ret1,1.7101398873822111,0.041754826342925495
RBRK,ret3,1.2438381874954743,0.017510493197117317
RBRK,ret5,1.6292326337712482,-0.012325127899895783
RBRK,ret20,0.7309995566112156,0.0021577185195219627
RBRK,ret60,1.8584856098051024,0.047293678842558265
RBRK,ema10_dist,2.1938914006589068,0.0821575333436624
RBRK,ema20_dist,2.093602256358967,0.19343194292537466
RBRK,ema50_dist,2.0007545410205707,0.15850578430048154
RBRK,ema200_dist,1.6695539205930854,0.054715175647041925
RBRK,atr_pct,0.5325147734278948,0.2245430134849036
RBRK,rv20,1.6881137639429684,0.039529980195745454
RBRK,rv60,1.0256901168989363,0.19536215805519402
RBRK,volume_ratio,-0.2584613287234752,-0.041074325349696204
RBRK,range_position,1.5041603039998748,0.007261677988570234
RBRK,gap,0.3815268356102488,0.006930609761776804
RBRK,intraday,1.8159115562562547,0.0102015351818251
RBRK,drawdown60,0.9553795912995534,-0.19883771845055886
RBRK,high20_dist,1.3478939696204213,-0.14784159579235126
RBRK,rsi14,1.2135708783097825,-0.08494971133719877
RBRK,QQQ_r1,1.7720271997510297,-0.015245133263308832
RBRK,QQQ_r5,1.3849311183845832,-0.03961783532984865
RBRK,QQQ_r20,0.47281860790040303,-0.03904654619233081
RBRK,SMH_r1,1.8318779649660373,-0.12462769993029305
RBRK,SMH_r5,2.2711951190888464,0.04288271169705383
RBRK,IWM_r1,0.3059691645531515,0.02052454831604644
RBRK,JNK_r20,-0.28295907038111734,-0.0017435907607227896
RBRK,TLT_r20,0.05371629338995422,0.0004967130938654524
RBRK,BZ=F_r5,-0.16886116280886232,0.008742112091218352
RBRK,VIX_level,-0.6755661419776692,-0.12933560495445684
RBRK,VIX_r5,-0.7977927859872082,-0.06660979463669951
RBRK,rs20,0.6218343022666611,0.030556284160247776
RBRK,beta60,0.01524513783869462,0.0015934363783856563
CAMT,ret1,0.07933649966289176,0.0019370823349138325
CAMT,ret3,1.3053394007188461,0.018376294381378055
CAMT,ret5,1.505635124534434,-0.011390114030252063
CAMT,ret20,0.01228168364624546,3.625230140667264e-05
CAMT,ret60,-0.5883649697188188,-0.014972375235669117
CAMT,ema10_dist,0.8349612522642691,0.031267890882367824
CAMT,ema20_dist,0.5102623188673473,0.04714411796239241
CAMT,ema50_dist,-0.01424562299437851,-0.0011285810424406899
CAMT,ema200_dist,-0.18357119203956818,-0.006016056080784622
CAMT,atr_pct,0.431498334886036,0.1819478843851231
CAMT,rv20,0.5109691925435564,0.011965190079787314
CAMT,rv60,1.0011824926240998,0.19069421567351882
CAMT,volume_ratio,-0.7246179104772121,-0.11515529985145802
CAMT,range_position,-0.5738661776414333,-0.002770470261369216
CAMT,gap,0.9616984653766385,0.017469693216636367
CAMT,intraday,-0.5777374510360874,-0.0032456475714893736
CAMT,drawdown60,-0.13195354757772457,0.02746274107250158
CAMT,high20_dist,0.8495510903961697,-0.09318165355890089
CAMT,rsi14,0.11615062637182727,-0.008130519904749115
CAMT,QQQ_r1,1.7720271997510297,-0.015245133263308832
CAMT,QQQ_r5,1.3849311183845832,-0.03961783532984865
CAMT,QQQ_r20,0.47281860790040303,-0.03904654619233081
CAMT,SMH_r1,1.8318779649660373,-0.12462769993029305
CAMT,SMH_r5,2.2711951190888464,0.04288271169705383
CAMT,IWM_r1,0.3059691645531515,0.02052454831604644
CAMT,JNK_r20,-0.28295907038111734,-0.0017435907607227896
CAMT,TLT_r20,0.05371629338995422,0.0004967130938654524
CAMT,BZ=F_r5,-0.16886116280886232,0.008742112091218352
CAMT,VIX_level,-0.6755661419776692,-0.12933560495445684
CAMT,VIX_r5,-0.7977927859872082,-0.06660979463669951
CAMT,rs20,-0.2062951048767007,-0.010137124668908029
CAMT,beta60,2.3775633488736005,0.248505193727787
RBLX,ret1,2.099208547688713,0.05125433832228782
RBLX,ret3,1.320191339489357,0.01858537686125326
RBLX,ret5,-0.061094108101951795,0.00046217629126641877
RBLX,ret20,2.0918370069421446,0.006174552923978074
RBLX,ret60,0.16095001515682172,0.004095763930789793
RBLX,ema10_dist,1.7388832285086604,0.06511824458768958
RBLX,ema20_dist,1.8912785265199288,0.17473886402569105
RBLX,ema50_dist,1.218117964517501,0.09650296394572447
RBLX,ema200_dist,-0.7058985109773838,-0.02313394047398751
RBLX,atr_pct,0.2310184685858106,0.09741247697787937
RBLX,rv20,0.5844716691981188,0.01368637232979547
RBLX,rv60,1.3660488997361162,0.26018995080915536
RBLX,volume_ratio,-0.11860303922048772,-0.018848234838323128
RBLX,range_position,1.0813403057580198,0.005220417714518727
RBLX,gap,3.252211865306775,0.0590779185034501
RBLX,intraday,0.24396154303653678,0.0013705415639462789
RBLX,drawdown60,0.06407291975163464,-0.013335132227967172
RBLX,high20_dist,0.9372488978436319,-0.10280064740615011
RBLX,rsi14,1.286911745928034,-0.09008355695325992
RBLX,QQQ_r1,1.7720271997510297,-0.015245133263308832
RBLX,QQQ_r5,1.3849311183845832,-0.03961783532984865
RBLX,QQQ_r20,0.47281860790040303,-0.03904654619233081
RBLX,SMH_r1,1.8318779649660373,-0.12462769993029305
RBLX,SMH_r5,2.2711951190888464,0.04288271169705383
RBLX,IWM_r1,0.3059691645531515,0.02052454831604644
RBLX,JNK_r20,-0.28295907038111734,-0.0017435907607227896
RBLX,TLT_r20,0.05371629338995422,0.0004967130938654524
RBLX,BZ=F_r5,-0.16886116280886232,0.008742112091218352
RBLX,VIX_level,-0.6755661419776692,-0.12933560495445684
RBLX,VIX_r5,-0.7977927859872082,-0.06660979463669951
RBLX,rs20,2.189834143862312,0.10760614864725705
RBLX,beta60,-0.9395689673182586,-0.09820464651537393
NET,ret1,2.5432259848238625,0.06209548127065143
NET,ret3,1.365551683387501,0.019223950271550848
NET,ret5,0.8002008162648307,-0.00605351083794323
NET,ret20,1.198081586762809,0.003536421881896267
NET,ret60,1.7224152994692292,0.043831039410172835
NET,ema10_dist,1.8780510090875508,0.07032984328844558
NET,ema20_dist,1.8097636883564001,0.16720755120095204
NET,ema50_dist,1.6847356958028437,0.13346982217320463
NET,ema200_dist,1.573798571247804,0.0515770495320676
NET,atr_pct,0.449656961344198,0.18960474746033038
NET,rv20,0.9811141908075403,0.022974414023969273
NET,rv60,0.4821330985917353,0.09183140312933312
NET,volume_ratio,0.3283393906556077,0.0521792525927091
NET,range_position,1.5121444070014505,0.007300223072409267
NET,gap,0.5062165031930725,0.009195654698812445
NET,intraday,2.7371968786545082,0.015377186273732453
NET,drawdown60,0.9553795912995534,-0.19883771845055886
NET,high20_dist,1.3931752222425164,-0.15280819761564773
NET,rsi14,1.0523153758967767,-0.07366185940670524
NET,QQQ_r1,1.7720271997510297,-0.015245133263308832
NET,QQQ_r5,1.3849311183845832,-0.03961783532984865
NET,QQQ_r20,0.47281860790040303,-0.03904654619233081
NET,SMH_r1,1.8318779649660373,-0.12462769993029305
NET,SMH_r5,2.2711951190888464,0.04288271169705383
NET,IWM_r1,0.3059691645531515,0.02052454831604644
NET,JNK_r20,-0.28295907038111734,-0.0017435907607227896
NET,TLT_r20,0.05371629338995422,0.0004967130938654524
NET,BZ=F_r5,-0.16886116280886232,0.008742112091218352
NET,VIX_level,-0.6755661419776692,-0.12933560495445684
NET,VIX_r5,-0.7977927859872082,-0.06660979463669951
NET,rs20,1.1600209527823213,0.057002210614392416
NET,beta60,-0.2883885963834982,-0.030142651739276875
RDDT,ret1,1.5228791422168662,0.037182662420595855
RDDT,ret3,0.08225976468441655,0.0011580357191020784
RDDT,ret5,-0.34735474785192855,0.002627735048494105
RDDT,ret20,0.1192574210468481,0.00035201655549029414
RDDT,ret60,-0.18944641376251828,-0.004820923984070307
RDDT,ema10_dist,0.42584722321884216,0.01594726039329035
RDDT,ema20_dist,0.22421516444874243,0.020715670687172012
RDDT,ema50_dist,-0.1619633650117382,-0.012831224257042327
RDDT,ema200_dist,-0.4640807454138495,-0.015209008338412145
RDDT,atr_pct,0.4163621664243056,0.17556548703465355
RDDT,rv20,0.43263175353689565,0.01013078917703907
RDDT,rv60,1.353842923813613,0.25786509093373844
RDDT,volume_ratio,0.21620506169522113,0.034359016453953825
RDDT,range_position,0.980626680312796,0.00473419964647114
RDDT,gap,0.5855951564590048,0.010637604301968454
RDDT,intraday,1.4372584667118988,0.008074315493517547
RDDT,drawdown60,-0.7338269357943946,0.15272722484310658
RDDT,high20_dist,0.4544880275728777,-0.0498497929208885
RDDT,rsi14,-0.0686304901788496,0.0048041201662186684
RDDT,QQQ_r1,1.7720271997510297,-0.015245133263308832
RDDT,QQQ_r5,1.3849311183845832,-0.03961783532984865
RDDT,QQQ_r20,0.47281860790040303,-0.03904654619233081
RDDT,SMH_r1,1.8318779649660373,-0.12462769993029305
RDDT,SMH_r5,2.2711951190888464,0.04288271169705383
RDDT,IWM_r1,0.3059691645531515,0.02052454831604644
RDDT,JNK_r20,-0.28295907038111734,-0.0017435907607227896
RDDT,TLT_r20,0.05371629338995422,0.0004967130938654524
RDDT,BZ=F_r5,-0.16886116280886232,0.008742112091218352
RDDT,VIX_level,-0.6755661419776692,-0.12933560495445684
RDDT,VIX_r5,-0.7977927859872082,-0.06660979463669951
RDDT,rs20,-0.0830342854026832,-0.0040802175283014
RDDT,beta60,-1.0688262258955685,-0.11171473872750987
MDB,ret1,1.8084276718925523,0.04415462381220874
MDB,ret3,1.3493179806482845,0.018995415608250753
MDB,ret5,0.8122854857420369,-0.006144931236631024
MDB,ret20,-0.4728228154138283,-0.0013956486512802884
MDB,ret60,1.1398950477671297,0.029007397215722708
MDB,ema10_dist,1.072822566644895,0.04017539599475598
MDB,ema20_dist,0.5896015284570143,0.054474420274820495
MDB,ema50_dist,0.5232629423507732,0.04145446199031479
MDB,ema200_dist,0.5370624813990066,0.017600790031833208
MDB,atr_pct,0.4975089491705125,0.2097822713224331
MDB,rv20,1.0975318292951761,0.025700525878600874
MDB,rv60,0.772708272542169,0.14717696230450605
MDB,volume_ratio,-0.5958016038568984,-0.09468398634935257
MDB,range_position,1.560030235166472,0.007531402863170732
MDB,gap,0.4212157728326258,0.007651577489533052
MDB,intraday,1.9062274918898368,0.010708917378755962
MDB,drawdown60,-0.10544522001701102,0.02194571368347951
MDB,high20_dist,-0.2673649599004587,0.02932549831183914
MDB,rsi14,0.19736695629210116,-0.013815646258640424
MDB,QQQ_r1,1.7720271997510297,-0.015245133263308832
MDB,QQQ_r5,1.3849311183845832,-0.03961783532984865
MDB,QQQ_r20,0.47281860790040303,-0.03904654619233081
MDB,SMH_r1,1.8318779649660373,-0.12462769993029305
MDB,SMH_r5,2.2711951190888464,0.04288271169705383
MDB,IWM_r1,0.3059691645531515,0.02052454831604644
MDB,JNK_r20,-0.28295907038111734,-0.0017435907607227896
MDB,TLT_r20,0.05371629338995422,0.0004967130938654524
MDB,BZ=F_r5,-0.16886116280886232,0.008742112091218352
MDB,VIX_level,-0.6755661419776692,-0.12933560495445684
MDB,VIX_r5,-0.7977927859872082,-0.06660979463669951
MDB,rs20,-0.7652478126365876,-0.037603473354070834
MDB,beta60,-0.46217565800389565,-0.048307041527595275
VKTX,ret1,1.1206265458159959,0.02736125106551682
VKTX,ret3,0.298505734323635,0.004202301137497065
VKTX,ret5,-0.6449609692007228,0.004879123012309954
VKTX,ret20,-0.8468609514471199,-0.0024997108984147975
VKTX,ret60,-0.8551106145143681,-0.021760365839984204
VKTX,ema10_dist,-0.47394869507248977,-0.017748579399558567
VKTX,ema20_dist,-0.8100038220544087,-0.07483781248375737
VKTX,ema50_dist,-0.8509776676262907,-0.06741700686606758
VKTX,ema200_dist,-0.64658423228515,-0.02119007323077186
VKTX,atr_pct,0.38437927444329484,0.16207941058432437
VKTX,rv20,-0.2183125519749526,-0.0051121500460345045
VKTX,rv60,0.013077232508479298,0.0024908072352010234
VKTX,volume_ratio,2.3692829443080217,0.3765232461685278
VKTX,range_position,0.7535715465288667,0.0036380390425739873
VKTX,gap,0.9901974350886409,0.017987390057988724
VKTX,intraday,0.6579629174196668,0.003696342934361396
VKTX,drawdown60,-1.244094067728171,0.2589262197117443
VKTX,high20_dist,-0.5883455916536685,0.06453174589984127
VKTX,rsi14,-1.0978722206967622,0.07685082915240513
VKTX,QQQ_r1,1.7720271997510297,-0.015245133263308832
VKTX,QQQ_r5,1.3849311183845832,-0.03961783532984865
VKTX,QQQ_r20,0.47281860790040303,-0.03904654619233081
VKTX,SMH_r1,1.8318779649660373,-0.12462769993029305
VKTX,SMH_r5,2.2711951190888464,0.04288271169705383
VKTX,IWM_r1,0.3059691645531515,0.02052454831604644
VKTX,JNK_r20,-0.28295907038111734,-0.0017435907607227896
VKTX,TLT_r20,0.05371629338995422,0.0004967130938654524
VKTX,BZ=F_r5,-0.16886116280886232,0.008742112091218352
VKTX,VIX_level,-0.6755661419776692,-0.12933560495445684
VKTX,VIX_r5,-0.7977927859872082,-0.06660979463669951
VKTX,rs20,-1.1962263530260444,-0.058781305936008
VKTX,beta60,-1.1254107307207484,-0.11762900525598494
TEAM,ret1,0.5402882809991989,0.013191694734851399
TEAM,ret3,0.4392261257282208,0.006183333301614195
TEAM,ret5,0.14766432485093164,-0.0011170790790181444
TEAM,ret20,0.7986163113329892,0.0023573054037733044
TEAM,ret60,5.456330473464382,0.13884957715542914
TEAM,ema10_dist,0.7247746084087014,0.027141586880323233
TEAM,ema20_dist,1.085166634606682,0.10026063446015428
TEAM,ema50_dist,2.1905808032434804,0.17354439096490687
TEAM,ema200_dist,1.8934644810960002,0.06205324691028839
TEAM,atr_pct,0.12172528422137809,0.051327331184503916
TEAM,rv20,0.40635750152390143,0.009515534042038126
TEAM,rv60,1.8674486477139653,0.3556910531395922
TEAM,volume_ratio,-0.26476378236956666,-0.04207590277266883
TEAM,range_position,-0.38063510446810783,-0.0018376030483207195
TEAM,gap,0.6183072799111222,0.011231835011226597
TEAM,intraday,0.22018514020945185,0.0012369690839969722
TEAM,drawdown60,0.9553795912995534,-0.19883771845055886
TEAM,high20_dist,0.7855760444448114,-0.08616465289155514
TEAM,rsi14,1.2373193210968165,-0.08661209743719839
TEAM,QQQ_r1,1.7720271997510297,-0.015245133263308832
TEAM,QQQ_r5,1.3849311183845832,-0.03961783532984865
TEAM,QQQ_r20,0.47281860790040303,-0.03904654619233081
TEAM,SMH_r1,1.8318779649660373,-0.12462769993029305
TEAM,SMH_r5,2.2711951190888464,0.04288271169705383
TEAM,IWM_r1,0.3059691645531515,0.02052454831604644
TEAM,JNK_r20,-0.28295907038111734,-0.0017435907607227896
TEAM,TLT_r20,0.05371629338995422,0.0004967130938654524
TEAM,BZ=F_r5,-0.16886116280886232,0.008742112091218352
TEAM,VIX_level,-0.6755661419776692,-0.12933560495445684
TEAM,VIX_r5,-0.7977927859872082,-0.06660979463669951
TEAM,rs20,0.6997444602118075,0.03438470744996328
TEAM,beta60,-2.1016359432085565,-0.21966499755295826
TWLO,ret1,2.6728160029925943,0.065259555007739
TWLO,ret3,1.8810538427419532,0.026481081581091276
TWLO,ret5,1.8938592918891897,-0.014327025811476383
TWLO,ret20,1.0748646898391063,0.00317271799451935
TWLO,ret60,1.1711950616596367,0.02980390206730188
TWLO,ema10_dist,2.046463941117644,0.07663662359425777
TWLO,ema20_dist,1.7630507324124565,0.16289165127269212
TWLO,ema50_dist,1.5507592178888876,0.12285580317478448
TWLO,ema200_dist,1.6719896506611287,0.054795000201887344
TWLO,atr_pct,0.10691063396737112,0.04508050691266981
TWLO,rv20,0.2151593493898209,0.005038312584125367
TWLO,rv60,0.775194370442908,0.14765048685448737
TWLO,volume_ratio,1.0376451251000447,0.16490116210570407
TWLO,range_position,1.5340018653963012,0.007405744953348356
TWLO,gap,0.6562313878668355,0.011920743806814037
TWLO,intraday,2.7808119367306636,0.01562220952273834
TWLO,drawdown60,0.9553795912995534,-0.19883771845055886
TWLO,high20_dist,1.6811366883420802,-0.18439279079166246
TWLO,rsi14,1.2914339944406297,-0.09040011341700362
TWLO,QQQ_r1,1.7720271997510297,-0.015245133263308832
TWLO,QQQ_r5,1.3849311183845832,-0.03961783532984865
TWLO,QQQ_r20,0.47281860790040303,-0.03904654619233081
TWLO,SMH_r1,1.8318779649660373,-0.12462769993029305
TWLO,SMH_r5,2.2711951190888464,0.04288271169705383
TWLO,IWM_r1,0.3059691645531515,0.02052454831604644
TWLO,JNK_r20,-0.28295907038111734,-0.0017435907607227896
TWLO,TLT_r20,0.05371629338995422,0.0004967130938654524
TWLO,BZ=F_r5,-0.16886116280886232,0.008742112091218352
TWLO,VIX_level,-0.6755661419776692,-0.12933560495445684
TWLO,VIX_r5,-0.7977927859872082,-0.06660979463669951
TWLO,rs20,1.0180465569341688,0.05002573799587917
TWLO,beta60,-0.7453635481618598,-0.07790611048128206
SHOP,ret1,2.145931615639618,0.052395130138731025
SHOP,ret3,0.9947174997842819,0.014003424390835075
SHOP,ret5,0.34628838949686097,-0.002619668058648151
SHOP,ret20,-0.6127699467690212,-0.0018087357925077544
SHOP,ret60,0.6182288207497723,0.015732333436156896
SHOP,ema10_dist,0.72223738615303,0.0270465721854263
SHOP,ema20_dist,0.15161298150056413,0.014007815235815575
SHOP,ema50_dist,0.1253720809470874,0.009932352826131726
SHOP,ema200_dist,0.019342946194176164,0.0006339134576556025
SHOP,atr_pct,0.12489954710209669,0.05266580776467778
SHOP,rv20,0.3093365885788943,0.007243628647267084
SHOP,rv60,0.6194442762026365,0.11798492410140744
SHOP,volume_ratio,1.601139341730543,0.2544509021030404
SHOP,range_position,1.5645560457469945,0.007553252249160791
SHOP,gap,0.08790553082469334,0.001596844240519331
SHOP,intraday,2.570134311715405,0.014438652319078347
SHOP,drawdown60,-0.04686171904856221,0.009753062953346719
SHOP,high20_dist,-0.3582717358039371,0.039296462735467115
SHOP,rsi14,-0.07853163906395211,0.005497198547324467
SHOP,QQQ_r1,1.7720271997510297,-0.015245133263308832
SHOP,QQQ_r5,1.3849311183845832,-0.03961783532984865
SHOP,QQQ_r20,0.47281860790040303,-0.03904654619233081
SHOP,SMH_r1,1.8318779649660373,-0.12462769993029305
SHOP,SMH_r5,2.2711951190888464,0.04288271169705383
SHOP,IWM_r1,0.3059691645531515,0.02052454831604644
SHOP,JNK_r20,-0.28295907038111734,-0.0017435907607227896
SHOP,TLT_r20,0.05371629338995422,0.0004967130938654524
SHOP,BZ=F_r5,-0.16886116280886232,0.008742112091218352
SHOP,VIX_level,-0.6755661419776692,-0.12933560495445684
SHOP,VIX_r5,-0.7977927859872082,-0.06660979463669951
SHOP,rs20,-0.9264993123975219,-0.04552720260155818
SHOP,beta60,-1.8517863694987948,-0.19355048129959965
UPST,ret1,0.66423542179145,0.01621799181011861
UPST,ret3,0.45693492135216945,0.006432634013249904
UPST,ret5,-0.31364979890598943,0.0023727574608818475
UPST,ret20,-1.1375545561344906,-0.003357761999359764
UPST,ret60,-0.9884150314725862,-0.02515262039964022
UPST,ema10_dist,-0.19840722175283568,-0.007430015875847969
UPST,ema20_dist,-0.6949747072750387,-0.06421005112307969
UPST,ema50_dist,-0.9474133690077813,-0.07505693278833644
UPST,ema200_dist,-1.2693227600711807,-0.04159866711307602
UPST,atr_pct,0.3346547036842724,0.1411122834366565
UPST,rv20,-0.25645136040835886,-0.006005233423626593
UPST,rv60,0.01172304455259233,0.002232876426357618
UPST,volume_ratio,0.21959954559679723,0.03489846325188008
UPST,range_position,-0.16403026969940057,-0.0007918936537335155
UPST,gap,1.0509811767620476,0.01909155457298337
UPST,intraday,0.06514296168896032,0.00036596397728107927
UPST,drawdown60,-1.2361380224897454,0.2572703732843089
UPST,high20_dist,-1.2051206043666516,0.13218172741137935
UPST,rsi14,-0.9877711729287969,0.06914377850297097
UPST,QQQ_r1,1.7720271997510297,-0.015245133263308832
UPST,QQQ_r5,1.3849311183845832,-0.03961783532984865
UPST,QQQ_r20,0.47281860790040303,-0.03904654619233081
UPST,SMH_r1,1.8318779649660373,-0.12462769993029305
UPST,SMH_r5,2.2711951190888464,0.04288271169705383
UPST,IWM_r1,0.3059691645531515,0.02052454831604644
UPST,JNK_r20,-0.28295907038111734,-0.0017435907607227896
UPST,TLT_r20,0.05371629338995422,0.0004967130938654524
UPST,BZ=F_r5,-0.16886116280886232,0.008742112091218352
UPST,VIX_level,-0.6755661419776692,-0.12933560495445684
UPST,VIX_r5,-0.7977927859872082,-0.06660979463669951
UPST,rs20,-1.5311726950684557,-0.07524021720638452
UPST,beta60,0.3233145654115421,0.03379314740474743
DDOG,ret1,1.924098501390845,0.04697884622481884
DDOG,ret3,1.0037994669118009,0.014131278419760716
DDOG,ret5,0.8094059387015277,-0.006123147493270882
DDOG,ret20,0.1490494020555485,0.0004399546514499179
DDOG,ret60,0.17618839241662257,0.004483541439749004
DDOG,ema10_dist,1.258483016375215,0.04712806675354421
DDOG,ema20_dist,0.8312437135957351,0.07680020695285207
DDOG,ema50_dist,0.3317944326575551,0.026285751548559583
DDOG,ema200_dist,0.7351007915820461,0.02409096731383387
DDOG,atr_pct,0.38074002306119337,0.16054486447792077
DDOG,rv20,0.4689618752431596,0.01098151915876923
DDOG,rv60,0.844617205847454,0.1608733840234176
DDOG,volume_ratio,-0.346359166187096,-0.05504293098732388
DDOG,range_position,1.5494565147855335,0.00748035580898151
DDOG,gap,-0.07114854434786426,-0.0012924459041126276
DDOG,intraday,2.4187957280535675,0.013588453486280154
DDOG,drawdown60,-0.1977133519709573,0.04114895500294515
DDOG,high20_dist,0.644814083554879,-0.07072540218351277
DDOG,rsi14,0.3765767955955529,-0.026360298070669065
DDOG,QQQ_r1,1.7720271997510297,-0.015245133263308832
DDOG,QQQ_r5,1.3849311183845832,-0.03961783532984865
DDOG,QQQ_r20,0.47281860790040303,-0.03904654619233081
DDOG,SMH_r1,1.8318779649660373,-0.12462769993029305
DDOG,SMH_r5,2.2711951190888464,0.04288271169705383
DDOG,IWM_r1,0.3059691645531515,0.02052454831604644
DDOG,JNK_r20,-0.28295907038111734,-0.0017435907607227896
DDOG,TLT_r20,0.05371629338995422,0.0004967130938654524
DDOG,BZ=F_r5,-0.16886116280886232,0.008742112091218352
DDOG,VIX_level,-0.6755661419776692,-0.12933560495445684
DDOG,VIX_r5,-0.7977927859872082,-0.06660979463669951
DDOG,rs20,-0.04870702501526295,-0.0023934120255856223
DDOG,beta60,-0.7378597543933498,-0.07712180678438146
S,ret1,1.6728179419933518,0.04084357261450831
S,ret3,0.42005259052073757,0.005913412293246258
S,ret5,0.6435504017288086,-0.004868452084081288
S,ret20,0.6954298328122879,0.0020527260457494415
S,ret60,1.8597824067860238,0.04732667899042926
S,ema10_dist,1.4618275070712339,0.05474297502548087
S,ema20_dist,1.3952366520964194,0.12890860030169526
S,ema50_dist,1.3319142605785972,0.10551824832361378
S,ema200_dist,1.0947065751510237,0.03587608750011643
S,atr_pct,0.3820796408928922,0.1611097348624764
S,rv20,1.1256611936164822,0.026359221541352257
S,rv60,0.6358396510845269,0.12110773455485518
S,volume_ratio,-0.23984859970235523,-0.03811641558719881
S,range_position,1.5841264494782472,0.007647732850480186
S,gap,0.15200760773093244,0.0027612878352823254
S,intraday,1.941599374558628,0.010907631630146596
S,drawdown60,0.9424445020762403,-0.19614561192814567
S,high20_dist,0.7414820496017822,-0.08132827354022609
S,rsi14,0.8905262667439001,-0.062336655114409216
S,QQQ_r1,1.7720271997510297,-0.015245133263308832
S,QQQ_r5,1.3849311183845832,-0.03961783532984865
S,QQQ_r20,0.47281860790040303,-0.03904654619233081
S,SMH_r1,1.8318779649660373,-0.12462769993029305
S,SMH_r5,2.2711951190888464,0.04288271169705383
S,IWM_r1,0.3059691645531515,0.02052454831604644
S,JNK_r20,-0.28295907038111734,-0.0017435907607227896
S,TLT_r20,0.05371629338995422,0.0004967130938654524
S,BZ=F_r5,-0.16886116280886232,0.008742112091218352
S,VIX_level,-0.6755661419776692,-0.12933560495445684
S,VIX_r5,-0.7977927859872082,-0.06660979463669951
S,rs20,0.5808497443617058,0.028542346053325996
S,beta60,-0.9454104832369061,-0.09881520734258185
PANW,ret1,0.6434933985894751,0.01571155395483582
PANW,ret3,-0.21343641490280638,-0.0030047130959197205
PANW,ret5,-0.12771622168559812,0.0009661718864068948
PANW,ret20,0.1411043917723496,0.00041650306974811346
PANW,ret60,0.7328311399855588,0.018648667709586116
PANW,ema10_dist,0.514379612502197,0.019262649077687755
PANW,ema20_dist,0.48748270424070866,0.04503946551327578
PANW,ema50_dist,0.5858918383157586,0.04641611124377072
PANW,ema200_dist,1.2586291422196239,0.041248212316837736
PANW,atr_pct,0.3878022126651543,0.1635227449323301
PANW,rv20,1.155155528321478,0.02704988024675368
PANW,rv60,0.6083588675215589,0.11587349753389137
PANW,volume_ratio,-0.39400886328114165,-0.06261535650614983
PANW,range_position,1.0562977344586582,0.005099518972344641
PANW,gap,0.04241385699862843,0.0007704671438881172
PANW,intraday,0.759938889025859,0.004269229569978226
PANW,drawdown60,0.4834871664979012,-0.10062543303421422
PANW,high20_dist,0.5054835174912732,-0.05544315172927568
PANW,rsi14,0.29387627741200134,-0.020571278844273188
PANW,QQQ_r1,1.7720271997510297,-0.015245133263308832
PANW,QQQ_r5,1.3849311183845832,-0.03961783532984865
PANW,QQQ_r20,0.47281860790040303,-0.03904654619233081
PANW,SMH_r1,1.8318779649660373,-0.12462769993029305
PANW,SMH_r5,2.2711951190888464,0.04288271169705383
PANW,IWM_r1,0.3059691645531515,0.02052454831604644
PANW,JNK_r20,-0.28295907038111734,-0.0017435907607227896
PANW,TLT_r20,0.05371629338995422,0.0004967130938654524
PANW,BZ=F_r5,-0.16886116280886232,0.008742112091218352
PANW,VIX_level,-0.6755661419776692,-0.12933560495445684
PANW,VIX_r5,-0.7977927859872082,-0.06660979463669951
PANW,rs20,-0.057861516510556696,-0.002843254117688177
PANW,beta60,-0.16604732177473144,-0.01735542478191337
RNG,ret1,2.216764887446753,0.054124597409467304
RNG,ret3,0.8239528823644078,0.011599435912510657
RNG,ret5,0.8576578408459198,-0.0064881726302682225
RNG,ret20,0.8951116796657133,0.0026421343635401693
RNG,ret60,4.112042290267726,0.1046409003313907
RNG,ema10_dist,1.2800885735853398,0.0479371584371007
RNG,ema20_dist,1.3406295592634991,0.1238633458690085
RNG,ema50_dist,1.925036413953713,0.15250716684370258
RNG,ema200_dist,2.4731279635746337,0.08105017109991124
RNG,atr_pct,0.08770477215034435,0.03698206100250431
RNG,rv20,0.07902412393074043,0.0018504807677605305
RNG,rv60,1.0068185048051133,0.19176770120717795
RNG,volume_ratio,-0.06720790590268301,-0.010680589652435075
RNG,range_position,1.3296234571103223,0.006419061429762004
RNG,gap,0.5451945274174775,0.009903708366262455
RNG,intraday,2.3106456203935215,0.012980881424518113
RNG,drawdown60,0.9553795912995534,-0.19883771845055886
RNG,high20_dist,0.8561879211333961,-0.09390960373102875
RNG,rsi14,1.2427504920629648,-0.08699227828534123
RNG,QQQ_r1,1.7720271997510297,-0.015245133263308832
RNG,QQQ_r5,1.3849311183845832,-0.03961783532984865
RNG,QQQ_r20,0.47281860790040303,-0.03904654619233081
RNG,SMH_r1,1.8318779649660373,-0.12462769993029305
RNG,SMH_r5,2.2711951190888464,0.04288271169705383
RNG,IWM_r1,0.3059691645531515,0.02052454831604644
RNG,JNK_r20,-0.28295907038111734,-0.0017435907607227896
RNG,TLT_r20,0.05371629338995422,0.0004967130938654524
RNG,BZ=F_r5,-0.16886116280886232,0.008742112091218352
RNG,VIX_level,-0.6755661419776692,-0.12933560495445684
RNG,VIX_r5,-0.7977927859872082,-0.06660979463669951
RNG,rs20,0.8109294678140241,0.03984822188502855
RNG,beta60,-2.5313843630517416,-0.26458271315365356
VERA,ret1,0.19563136829694353,0.0047765413056190115
VERA,ret3,1.2783696701331984,0.01799662016917287
VERA,ret5,0.0266857646856344,-0.00020187753181424796
VERA,ret20,0.2881640947087844,0.0008505846524680164
VERA,ret60,-0.7444215603507945,-0.018943614097931404
VERA,ema10_dist,0.14829586776769538,0.005553430173067176
VERA,ema20_dist,0.07747042992404558,0.007157642161474086
VERA,ema50_dist,-0.13984041218001936,-0.011078577484167603
VERA,ema200_dist,-0.44333941893614365,-0.014529266697616757
VERA,atr_pct,0.7979010643778545,0.33644720935141365
VERA,rv20,0.42154657921560923,0.009871211457369673
VERA,rv60,0.3738759467127657,0.0712117730212385
VERA,volume_ratio,-0.8656317756195898,-0.13756503288302133
VERA,range_position,-0.19804640789629596,-0.0009561143430734059
VERA,gap,0.7201386825375087,0.013081649093030332
VERA,intraday,-0.26956193025699476,-0.0015143609311385174
VERA,drawdown60,-0.6346859165528732,0.13209356859760052
VERA,high20_dist,0.09142019374482406,-0.010027277838988224
VERA,rsi14,-0.10989797198337906,0.007692835386371642
VERA,QQQ_r1,1.7720271997510297,-0.015245133263308832
VERA,QQQ_r5,1.3849311183845832,-0.03961783532984865
VERA,QQQ_r20,0.47281860790040303,-0.03904654619233081
VERA,SMH_r1,1.8318779649660373,-0.12462769993029305
VERA,SMH_r5,2.2711951190888464,0.04288271169705383
VERA,IWM_r1,0.3059691645531515,0.02052454831604644
VERA,JNK_r20,-0.28295907038111734,-0.0017435907607227896
VERA,TLT_r20,0.05371629338995422,0.0004967130938654524
VERA,BZ=F_r5,-0.16886116280886232,0.008742112091218352
VERA,VIX_level,-0.6755661419776692,-0.12933560495445684
VERA,VIX_r5,-0.7977927859872082,-0.06660979463669951
VERA,rs20,0.11158531261173006,0.005483185002573163
VERA,beta60,-1.880582541689824,-0.19656028474073226
AMPL,ret1,0.4934450681792564,0.012047969457713146
AMPL,ret3,-0.0888197490696328,-0.0012503858037877867
AMPL,ret5,-0.26343517824126395,0.001992884378727278
AMPL,ret20,-0.04471784446539274,-0.00013199532104148502
AMPL,ret60,3.2428250473615714,0.08252155708033984
AMPL,ema10_dist,0.19829580931707264,0.007425843668006073
AMPL,ema20_dist,0.37283993088190953,0.0344473989802028
AMPL,ema50_dist,1.1213282129192506,0.08883498910184194
AMPL,ema200_dist,1.2556115120308222,0.04114931753795006
AMPL,atr_pct,0.2470484224065915,0.10417175261970223
AMPL,rv20,0.4219280968578989,0.009880145324959741
AMPL,rv60,0.7396942510248813,0.1408888150527826
AMPL,volume_ratio,-0.1284462046397686,-0.020412497395121246
AMPL,range_position,0.4015157510465036,0.0019384091467413728
AMPL,gap,0.27970709295243396,0.005081007488644073
AMPL,intraday,0.4046456833393303,0.0022732424167563963
AMPL,drawdown60,0.486362246864421,-0.10122380715236255
AMPL,high20_dist,-0.04391777829390259,0.004817051320775397
AMPL,rsi14,0.3778250089368126,-0.026447672747272163
AMPL,QQQ_r1,1.7720271997510297,-0.015245133263308832
AMPL,QQQ_r5,1.3849311183845832,-0.03961783532984865
AMPL,QQQ_r20,0.47281860790040303,-0.03904654619233081
AMPL,SMH_r1,1.8318779649660373,-0.12462769993029305
AMPL,SMH_r5,2.2711951190888464,0.04288271169705383
AMPL,IWM_r1,0.3059691645531515,0.02052454831604644
AMPL,JNK_r20,-0.28295907038111734,-0.0017435907607227896
AMPL,TLT_r20,0.05371629338995422,0.0004967130938654524
AMPL,BZ=F_r5,-0.16886116280886232,0.008742112091218352
AMPL,VIX_level,-0.6755661419776692,-0.12933560495445684
AMPL,VIX_r5,-0.7977927859872082,-0.06660979463669951
AMPL,rs20,-0.2719717593723138,-0.013364406454662232
AMPL,beta60,-1.7363093925282402,-0.18148071729235998
MPWR,ret1,1.4321981059260216,0.03496859154203357
MPWR,ret3,1.873613300447275,0.02637633518679045
MPWR,ret5,1.5006074434942154,-0.011352079675565011
MPWR,ret20,-0.30663693990588525,-0.0009051116351857996
MPWR,ret60,-0.5906534150654061,-0.015030610283979014
MPWR,ema10_dist,1.1931404070059342,0.044681096221453935
MPWR,ema20_dist,0.5101974247112758,0.047138122266383156
MPWR,ema50_dist,-0.16937158531701016,-0.01341812572130636
MPWR,ema200_dist,-0.15384322887839583,-0.00504180139758486
MPWR,atr_pct,-0.017335734297283967,-0.007309877987099301
MPWR,rv20,-0.03666554056038813,-0.0008585843698312567
MPWR,rv60,0.31215388769988234,0.05945563493459741
MPWR,volume_ratio,0.8258043256431333,0.13123570831341835
MPWR,range_position,1.2936592812310574,0.006245436142839429
MPWR,gap,1.0356097685392047,0.018812325900349917
MPWR,intraday,1.0009211698473839,0.005623034058708691
MPWR,drawdown60,0.15339770497605268,-0.03192579153957118
MPWR,high20_dist,0.4540797235450898,-0.04980500874617065
MPWR,rsi14,0.12314559836577749,-0.008620166502503232
MPWR,QQQ_r1,1.7720271997510297,-0.015245133263308832
MPWR,QQQ_r5,1.3849311183845832,-0.03961783532984865
MPWR,QQQ_r20,0.47281860790040303,-0.03904654619233081
MPWR,SMH_r1,1.8318779649660373,-0.12462769993029305
MPWR,SMH_r5,2.2711951190888464,0.04288271169705383
MPWR,IWM_r1,0.3059691645531515,0.02052454831604644
MPWR,JNK_r20,-0.28295907038111734,-0.0017435907607227896
MPWR,TLT_r20,0.05371629338995422,0.0004967130938654524
MPWR,BZ=F_r5,-0.16886116280886232,0.008742112091218352
MPWR,VIX_level,-0.6755661419776692,-0.12933560495445684
MPWR,VIX_r5,-0.7977927859872082,-0.06660979463669951
MPWR,rs20,-0.5737632040901948,-0.02819412091125837
MPWR,beta60,0.6435209416710576,0.06726142390848064
ORCL,ret1,0.1685128249607016,0.0041144141451261995
ORCL,ret3,0.597714915377947,0.008414505250570766
ORCL,ret5,0.2927048213065207,-0.0022143089235625605
ORCL,ret20,-0.020175834922489592,-5.9553760690209726e-05
ORCL,ret60,-0.28269221865980143,-0.007193789895413264
ORCL,ema10_dist,-0.016445992764217494,-0.0006158746957529554
ORCL,ema20_dist,-0.023905495060963934,-0.0022086747099122153
ORCL,ema50_dist,-0.10779864307774499,-0.008540132293714468
ORCL,ema200_dist,-0.7041535331717513,-0.023076753481727056
ORCL,atr_pct,0.3378512215781587,0.14246014418412709
ORCL,rv20,0.14706961194178322,0.003443878589009046
ORCL,rv60,0.2680591412873467,0.05105695323130253
ORCL,volume_ratio,-0.4375779103967071,-0.0695392906406664
ORCL,range_position,0.38078664168449206,0.00183833462890142
ORCL,gap,0.42652112532152037,0.007747951648090961
ORCL,intraday,-0.09640586190508818,-0.00054159454438768
ORCL,drawdown60,0.2931866405612098,-0.06101926733653295
ORCL,high20_dist,-0.4797478601598042,0.052620377286771894
ORCL,rsi14,-0.14101142282868795,0.009870770532355284
ORCL,QQQ_r1,1.7720271997510297,-0.015245133263308832
ORCL,QQQ_r5,1.3849311183845832,-0.03961783532984865
ORCL,QQQ_r20,0.47281860790040303,-0.03904654619233081
ORCL,SMH_r1,1.8318779649660373,-0.12462769993029305
ORCL,SMH_r5,2.2711951190888464,0.04288271169705383
ORCL,IWM_r1,0.3059691645531515,0.02052454831604644
ORCL,JNK_r20,-0.28295907038111734,-0.0017435907607227896
ORCL,TLT_r20,0.05371629338995422,0.0004967130938654524
ORCL,BZ=F_r5,-0.16886116280886232,0.008742112091218352
ORCL,VIX_level,-0.6755661419776692,-0.12933560495445684
ORCL,VIX_r5,-0.7977927859872082,-0.06660979463669951
ORCL,rs20,-0.24369368173243625,-0.011974851435391025
ORCL,beta60,0.8005451966788362,0.08367374912755683
SOFI,ret1,-0.004362383683937696,-0.00010651208974656231
SOFI,ret3,0.09153425079885286,0.0012885999899584005
SOFI,ret5,-0.5590820464113316,0.004229449856160091
SOFI,ret20,-0.788075709221114,-0.002326192317345262
SOFI,ret60,-0.2718053754919831,-0.0069167477371788
SOFI,ema10_dist,-0.32022437114780483,-0.011991862697546277
SOFI,ema20_dist,-0.46834107861354757,-0.04327093387142935
SOFI,ema50_dist,-0.41251008580354204,-0.03268028803213253
SOFI,ema200_dist,-0.63406538004923,-0.020779801247016814
SOFI,atr_pct,0.023022995384569978,0.009707998765597378
SOFI,rv20,-0.03594444305777508,-0.0008416986772871029
SOFI,rv60,0.22891879711560056,0.043601931506481915
SOFI,volume_ratio,0.8926563349709226,0.1418597393627532
SOFI,range_position,-1.0091556490912337,-0.0048719297700916655
SOFI,gap,1.4728599279887635,0.026755175368782358
SOFI,intraday,-1.0265349215090072,-0.005766928505447763
SOFI,drawdown60,0.06710015151604341,-0.013965172750852248
SOFI,high20_dist,-0.47775801905309706,0.052402124745237304
SOFI,rsi14,-0.6697007290023075,0.04687891298965015
SOFI,QQQ_r1,1.7720271997510297,-0.015245133263308832
SOFI,QQQ_r5,1.3849311183845832,-0.03961783532984865
SOFI,QQQ_r20,0.47281860790040303,-0.03904654619233081
SOFI,SMH_r1,1.8318779649660373,-0.12462769993029305
SOFI,SMH_r5,2.2711951190888464,0.04288271169705383
SOFI,IWM_r1,0.3059691645531515,0.02052454831604644
SOFI,JNK_r20,-0.28295907038111734,-0.0017435907607227896
SOFI,TLT_r20,0.05371629338995422,0.0004967130938654524
SOFI,BZ=F_r5,-0.16886116280886232,0.008742112091218352
SOFI,VIX_level,-0.6755661419776692,-0.12933560495445684
SOFI,VIX_r5,-0.7977927859872082,-0.06660979463669951
SOFI,rs20,-1.1284921423926406,-0.055452918003820864
SOFI,beta60,0.6736310607289042,0.07040856233201911
ZS,ret1,1.4499048285181386,0.035400919407368586
ZS,ret3,1.330777415926383,0.018734405425658376
ZS,ret5,1.0088558072411486,-0.007631983670752812
ZS,ret20,0.8038694551195233,0.0023728113032385006
ZS,ret60,2.147004675446325,0.054635747007305537
ZS,ema10_dist,1.9457510807001905,0.07286509680610523
ZS,ema20_dist,1.8558043880086397,0.17146134007623942
ZS,ema50_dist,1.7293102585773132,0.13700115292246007
ZS,ema200_dist,0.4305160033589887,0.014109013462878581
ZS,atr_pct,0.2831010881661817,0.1193739115414369
ZS,rv20,1.2380271677304564,0.02899045696296636
ZS,rv60,0.5803829161832338,0.1105449464081123
ZS,volume_ratio,-0.48619513180271307,-0.07726547381666092
ZS,range_position,1.4454812081163133,0.0069783912286193505
ZS,gap,-0.11425386907225192,-0.00207547387602857
ZS,intraday,1.8675897955896894,0.010491856246680097
ZS,drawdown60,0.9553795912995534,-0.19883771845055886
ZS,high20_dist,1.3541030222041377,-0.14852262580140588
ZS,rsi14,1.2285932093898035,-0.08600127141635704
ZS,QQQ_r1,1.7720271997510297,-0.015245133263308832
ZS,QQQ_r5,1.3849311183845832,-0.03961783532984865
ZS,QQQ_r20,0.47281860790040303,-0.03904654619233081
ZS,SMH_r1,1.8318779649660373,-0.12462769993029305
ZS,SMH_r5,2.2711951190888464,0.04288271169705383
ZS,IWM_r1,0.3059691645531515,0.02052454831604644
ZS,JNK_r20,-0.28295907038111734,-0.0017435907607227896
ZS,TLT_r20,0.05371629338995422,0.0004967130938654524
ZS,BZ=F_r5,-0.16886116280886232,0.008742112091218352
ZS,VIX_level,-0.6755661419776692,-0.12933560495445684
ZS,VIX_r5,-0.7977927859872082,-0.06660979463669951
ZS,rs20,0.7057972982073827,0.03468213754845506
ZS,beta60,-1.1225390352512883,-0.11732885290071604
KGS,ret1,-1.2755062709631653,-0.031142799040202906
KGS,ret3,-0.6655487067428406,-0.009369455142100743
KGS,ret5,-0.13934655062892884,0.0010541552036895862
KGS,ret20,-0.6720434007319018,-0.0019836954462791475
KGS,ret60,-1.0223153137968792,-0.02601529539505506
KGS,ema10_dist,-1.0290481411488728,-0.03853611757778011
KGS,ema20_dist,-0.913497505831317,-0.08439979316689208
KGS,ema50_dist,-0.8128395068335812,-0.06439558721448818
KGS,ema200_dist,-0.2937467185452075,-0.009626765031484411
KGS,atr_pct,0.2963207993545617,0.1249482053183604
KGS,rv20,0.24209509988164712,0.005669057801800995
KGS,rv60,0.1762173148354444,0.03356393353679557
KGS,volume_ratio,-0.0653633684288367,-0.010387458247846775
KGS,range_position,-1.6721381789676821,-0.00807262960986806
KGS,gap,0.22250973069341778,0.004041991198777692
KGS,intraday,-1.7188114909540713,-0.009656040700596107
KGS,drawdown60,-1.0262455304371345,0.21358664315263018
KGS,high20_dist,-0.5603795704494972,0.06146433756062914
KGS,rsi14,-1.0017543890151148,0.0701226007467552
KGS,QQQ_r1,1.7720271997510297,-0.015245133263308832
KGS,QQQ_r5,1.3849311183845832,-0.03961783532984865
KGS,QQQ_r20,0.47281860790040303,-0.03904654619233081
KGS,SMH_r1,1.8318779649660373,-0.12462769993029305
KGS,SMH_r5,2.2711951190888464,0.04288271169705383
KGS,IWM_r1,0.3059691645531515,0.02052454831604644
KGS,JNK_r20,-0.28295907038111734,-0.0017435907607227896
KGS,TLT_r20,0.05371629338995422,0.0004967130938654524
KGS,BZ=F_r5,-0.16886116280886232,0.008742112091218352
KGS,VIX_level,-0.6755661419776692,-0.12933560495445684
KGS,VIX_r5,-0.7977927859872082,-0.06660979463669951
KGS,rs20,-0.9947960559961219,-0.04888323281251859
KGS,beta60,-0.5574364628032092,-0.05826379189663744
AFRM,ret1,-0.08823756925037038,-0.0021544111146433002
AFRM,ret3,-0.163644699629184,-0.0023037557685625883
AFRM,ret5,-0.46970779576596744,0.0035533345811967743
AFRM,ret20,-0.6240664845239808,-0.0018420802022271702
AFRM,ret60,-0.4688827637769407,-0.011931860396381135
AFRM,ema10_dist,-0.1621071205492065,-0.006070638299492194
AFRM,ema20_dist,-0.3277466117143982,-0.0302811404117318
AFRM,ema50_dist,-0.36604019105556335,-0.02899880339102709
AFRM,ema200_dist,-0.13645877538541795,-0.0044720723132686034
AFRM,atr_pct,0.3564751401071279,0.15031320479026314
AFRM,rv20,0.035076383070423135,0.0008213716147148551
AFRM,rv60,0.0007632220650488948,0.00014537013396804076
AFRM,volume_ratio,-0.522417977451476,-0.08302195953395337
AFRM,range_position,-0.6143646727892241,-0.0029659860119198005
AFRM,gap,0.8222975573042994,0.014937411856292784
AFRM,intraday,-0.6840878375278137,-0.0038431090533870855
AFRM,drawdown60,-0.3684202854006172,0.0766772177751006
AFRM,high20_dist,-1.4120541265251072,0.15487890005875998
AFRM,rsi14,-0.5496024875405124,0.038472060842296305
AFRM,QQQ_r1,1.7720271997510297,-0.015245133263308832
AFRM,QQQ_r5,1.3849311183845832,-0.03961783532984865
AFRM,QQQ_r20,0.47281860790040303,-0.03904654619233081
AFRM,SMH_r1,1.8318779649660373,-0.12462769993029305
AFRM,SMH_r5,2.2711951190888464,0.04288271169705383
AFRM,IWM_r1,0.3059691645531515,0.02052454831604644
AFRM,JNK_r20,-0.28295907038111734,-0.0017435907607227896
AFRM,TLT_r20,0.05371629338995422,0.0004967130938654524
AFRM,BZ=F_r5,-0.16886116280886232,0.008742112091218352
AFRM,VIX_level,-0.6755661419776692,-0.12933560495445684
AFRM,VIX_r5,-0.7977927859872082,-0.06660979463669951
AFRM,rs20,-0.9395155395788422,-0.04616680632717608
AFRM,beta60,-0.48669512874072945,-0.05086984004501288
QCOM,ret1,2.725261390020877,0.06654006313693396
QCOM,ret3,0.8184191104814436,0.011521532632256692
QCOM,ret5,0.9803036107584128,-0.007415986601839397
QCOM,ret20,1.297857386875736,0.003830933813889525
QCOM,ret60,-0.369092000477945,-0.009392442127002455
QCOM,ema10_dist,1.3899088538137445,0.052049742739115695
QCOM,ema20_dist,1.3923899573397516,0.128645588692864
QCOM,ema50_dist,0.9337717579025422,0.07397620338199201
QCOM,ema200_dist,0.3249406650507046,0.010649063407787464
QCOM,atr_pct,0.1835442888711834,0.07739426169490057
QCOM,rv20,0.05196435650013745,0.0012168314880255237
QCOM,rv60,0.011672907079405735,0.0022233267926039246
QCOM,volume_ratio,0.4295161633507495,0.0682581286862338
QCOM,range_position,1.3759711091620954,0.006642815323433633
QCOM,gap,0.7993908118634361,0.014521300330850405
QCOM,intraday,2.7360192398194934,0.015370570464738068
QCOM,drawdown60,0.9553795912995534,-0.19883771845055886
QCOM,high20_dist,1.0688732217092953,-0.11723765100137276
QCOM,rsi14,1.0888109998762645,-0.07621654556269344
QCOM,QQQ_r1,1.7720271997510297,-0.015245133263308832
QCOM,QQQ_r5,1.3849311183845832,-0.03961783532984865
QCOM,QQQ_r20,0.47281860790040303,-0.03904654619233081
QCOM,SMH_r1,1.8318779649660373,-0.12462769993029305
QCOM,SMH_r5,2.2711951190888464,0.04288271169705383
QCOM,IWM_r1,0.3059691645531515,0.02052454831604644
QCOM,JNK_r20,-0.28295907038111734,-0.0017435907607227896
QCOM,TLT_r20,0.05371629338995422,0.0004967130938654524
QCOM,BZ=F_r5,-0.16886116280886232,0.008742112091218352
QCOM,VIX_level,-0.6755661419776692,-0.12933560495445684
QCOM,VIX_r5,-0.7977927859872082,-0.06660979463669951
QCOM,rs20,1.274985777371844,0.06265146128420197
QCOM,beta60,0.02663279614802198,0.002783685309336722
CDNA,ret1,0.25286666595888374,0.006174000035277797
CDNA,ret3,0.20704696947831386,0.0029147638229646837
CDNA,ret5,0.4429483484655611,-0.003350899641169458
CDNA,ret20,0.6592891153443289,0.0019460481487737795
CDNA,ret60,3.117447987133066,0.07933103336071154
CDNA,ema10_dist,0.6917813679970569,0.02590604566418963
CDNA,ema20_dist,0.933687314611481,0.08626516846813523
CDNA,ema50_dist,1.684001621192006,0.1334116665776329
CDNA,ema200_dist,2.8838442182417525,0.09451030062194764
CDNA,atr_pct,-0.1147583662300786,-0.04838962346533882
CDNA,rv20,-0.25655198513107685,-0.006007589718197021
CDNA,rv60,1.5768314977241027,0.3003374988306899
CDNA,volume_ratio,-0.5121911759731165,-0.08139673005268613
CDNA,range_position,0.32204622911175973,0.001554751848605564
CDNA,gap,-0.03851460512082458,-0.0006996354471223865
CDNA,intraday,0.33849784289316326,0.0019016331722486203
CDNA,drawdown60,0.9553795912995534,-0.19883771845055886
CDNA,high20_dist,0.7823420922831722,-0.08580994201735521
CDNA,rsi14,1.5266160465046978,-0.10686280858513272
CDNA,QQQ_r1,1.7720271997510297,-0.015245133263308832
CDNA,QQQ_r5,1.3849311183845832,-0.03961783532984865
CDNA,QQQ_r20,0.47281860790040303,-0.03904654619233081
CDNA,SMH_r1,1.8318779649660373,-0.12462769993029305
CDNA,SMH_r5,2.2711951190888464,0.04288271169705383
CDNA,IWM_r1,0.3059691645531515,0.02052454831604644
CDNA,JNK_r20,-0.28295907038111734,-0.0017435907607227896
CDNA,TLT_r20,0.05371629338995422,0.0004967130938654524
CDNA,BZ=F_r5,-0.16886116280886232,0.008742112091218352
CDNA,VIX_level,-0.6755661419776692,-0.12933560495445684
CDNA,VIX_r5,-0.7977927859872082,-0.06660979463669951
CDNA,rs20,0.5392072695377419,0.026496078600374607
CDNA,beta60,-1.7115952977982105,-0.17889757648914958
GEV,ret1,0.16342231890972603,0.003990124198014644
GEV,ret3,0.34666838378465514,0.004880324817924877
GEV,ret5,1.0269245969804655,-0.007768673876876361
GEV,ret20,-0.18694011815058112,-0.0005517980843176668
GEV,ret60,-0.6534404443576763,-0.016628378694539012
GEV,ema10_dist,0.3506461043500902,0.01313110530508287
GEV,ema20_dist,0.06616247843175617,0.0061128787538039745
GEV,ema50_dist,-0.2796276935874335,-0.022152945788943324
GEV,ema200_dist,-0.021493575272105225,-0.0007043945881534561
GEV,atr_pct,0.0538979568911969,0.022726899355530284
GEV,rv20,0.07538429910176106,0.001765248239906799
GEV,rv60,0.2525005389151609,0.048093521990546624
GEV,volume_ratio,0.19174763866313094,0.030472275811565475
GEV,range_position,-1.522165715730392,-0.007348603232968024
GEV,gap,0.7657344869840382,0.013909917770088747
GEV,intraday,-0.340372021680444,-0.001912162044521944
GEV,drawdown60,-0.5448988826412288,0.11340670409681108
GEV,high20_dist,0.532444589614219,-0.05840033383466893
GEV,rsi14,-0.20512037321855844,0.014358383845337332
GEV,QQQ_r1,1.7720271997510297,-0.015245133263308832
GEV,QQQ_r5,1.3849311183845832,-0.03961783532984865
GEV,QQQ_r20,0.47281860790040303,-0.03904654619233081
GEV,SMH_r1,1.8318779649660373,-0.12462769993029305
GEV,SMH_r5,2.2711951190888464,0.04288271169705383
GEV,IWM_r1,0.3059691645531515,0.02052454831604644
GEV,JNK_r20,-0.28295907038111734,-0.0017435907607227896
GEV,TLT_r20,0.05371629338995422,0.0004967130938654524
GEV,BZ=F_r5,-0.16886116280886232,0.008742112091218352
GEV,VIX_level,-0.6755661419776692,-0.12933560495445684
GEV,VIX_r5,-0.7977927859872082,-0.06660979463669951
GEV,rs20,-0.4358447499014313,-0.021416953003710607
GEV,beta60,0.5423789064218617,0.0566899617114663
PLTR,ret1,0.8854225282069951,0.021618502777565055
PLTR,ret3,0.8081031955183959,0.011376307344435125
PLTR,ret5,0.6936717190556545,-0.005247619327456904
PLTR,ret20,0.0010927619166925225,3.22554590321019e-06
PLTR,ret60,2.264814032772673,0.0576336921518067
PLTR,ema10_dist,0.8640446395310447,0.03235701469150401
PLTR,ema20_dist,0.7466240700320845,0.06898203518003605
PLTR,ema50_dist,0.9806398670141871,0.07768923576108257
PLTR,ema200_dist,0.6240626377368537,0.020451988053430743
PLTR,atr_pct,-0.12706833493275632,-0.0535803103839589
PLTR,rv20,0.1531558232573173,0.0035863973089608563
PLTR,rv60,1.1899284698040706,0.22664447084181424
PLTR,volume_ratio,-0.4013245616958303,-0.06377795741952154
PLTR,range_position,1.4522899180749411,0.007011261833637744
PLTR,gap,0.28211657701201476,0.005124776870468726
PLTR,intraday,0.8819942482025015,0.004954919374903453
PLTR,drawdown60,0.8192967218387125,-0.17051556510940083
PLTR,high20_dist,0.6394296083624994,-0.07013481462774981
PLTR,rsi14,0.7101711498830119,-0.0497118341094277
PLTR,QQQ_r1,1.7720271997510297,-0.015245133263308832
PLTR,QQQ_r5,1.3849311183845832,-0.03961783532984865
PLTR,QQQ_r20,0.47281860790040303,-0.03904654619233081
PLTR,SMH_r1,1.8318779649660373,-0.12462769993029305
PLTR,SMH_r5,2.2711951190888464,0.04288271169705383
PLTR,IWM_r1,0.3059691645531515,0.02052454831604644
PLTR,JNK_r20,-0.28295907038111734,-0.0017435907607227896
PLTR,TLT_r20,0.05371629338995422,0.0004967130938654524
PLTR,BZ=F_r5,-0.16886116280886232,0.008742112091218352
PLTR,VIX_level,-0.6755661419776692,-0.12933560495445684
PLTR,VIX_r5,-0.7977927859872082,-0.06660979463669951
PLTR,rs20,-0.21918733347850666,-0.010770635234632215
PLTR,beta60,0.22644074356079444,0.023667802951748376
SNOW,ret1,0.5973118948045063,0.014583984985172023
SNOW,ret3,0.38791491237278025,0.005460984798867694
SNOW,ret5,0.22865092913573665,-0.0017297418966527053
SNOW,ret20,0.016582259978978813,4.8946472167561216e-05
SNOW,ret60,1.5236331196594013,0.03877254419129645
SNOW,ema10_dist,0.40312048047751514,0.015096182202272034
SNOW,ema20_dist,0.4090098567674939,0.03778920806464801
SNOW,ema50_dist,0.7889142537606436,0.06250015680302998
SNOW,ema200_dist,1.2937073253407143,0.04239780618570048
SNOW,atr_pct,0.1829377616174686,0.07713851018507269
SNOW,rv20,0.8520401947589138,0.01995193259139664
SNOW,rv60,0.16605871821013107,0.03162903592314432
SNOW,volume_ratio,-0.5441705078721276,-0.08647884229506045
SNOW,range_position,1.5514537433648605,0.007489997886873127
SNOW,gap,0.46135172635973387,0.008380665473261039
SNOW,intraday,0.4012864818295318,0.0022543708961325066
SNOW,drawdown60,0.5860022181511154,-0.12196130744810996
SNOW,high20_dist,-0.3449864010027609,0.03783928202102659
SNOW,rsi14,0.37711418381430384,-0.02639791513521373
SNOW,QQQ_r1,1.7720271997510297,-0.015245133263308832
SNOW,QQQ_r5,1.3849311183845832,-0.03961783532984865
SNOW,QQQ_r20,0.47281860790040303,-0.03904654619233081
SNOW,SMH_r1,1.8318779649660373,-0.12462769993029305
SNOW,SMH_r5,2.2711951190888464,0.04288271169705383
SNOW,IWM_r1,0.3059691645531515,0.02052454831604644
SNOW,JNK_r20,-0.28295907038111734,-0.0017435907607227896
SNOW,TLT_r20,0.05371629338995422,0.0004967130938654524
SNOW,BZ=F_r5,-0.16886116280886232,0.008742112091218352
SNOW,VIX_level,-0.6755661419776692,-0.12933560495445684
SNOW,VIX_r5,-0.7977927859872082,-0.06660979463669951
SNOW,rs20,-0.20133984515272993,-0.009893628413295307
SNOW,beta60,-0.9773230074058697,-0.10215073487109465
DUOL,ret1,1.5452890354549282,0.03772982304027542
DUOL,ret3,0.10362493172380521,0.0014588100608609429
DUOL,ret5,-0.20094127861050182,0.0015201186791295009
DUOL,ret20,0.03400309008753849,0.00010036818290695224
DUOL,ret60,0.653763349811415,0.016636595807840864
DUOL,ema10_dist,0.2372699087219749,0.008885357967773046
DUOL,ema20_dist,0.23628424246268523,0.021830756039446585
DUOL,ema50_dist,0.4953897719291943,0.039246265708346224
DUOL,ema200_dist,-0.3776065468232132,-0.012375047178809063
DUOL,atr_pct,0.39098730450265706,0.16486578770805485
DUOL,rv20,0.3032759689628491,0.007101709199352253
DUOL,rv60,0.6178049366972655,0.1176726807656496
DUOL,volume_ratio,0.1181659066717608,0.018778766323957637
DUOL,range_position,0.9164070429332307,0.0044241646548861015
DUOL,gap,0.006855469278022851,0.00012453274020379244
DUOL,intraday,1.8939662262676922,0.010640035316638418
DUOL,drawdown60,0.4991023406170116,-0.10387533037693295
DUOL,high20_dist,-0.23316826083726305,0.02557468802981274
DUOL,rsi14,0.10090803173939347,-0.007063541422323258
DUOL,QQQ_r1,1.7720271997510297,-0.015245133263308832
DUOL,QQQ_r5,1.3849311183845832,-0.03961783532984865
DUOL,QQQ_r20,0.47281860790040303,-0.03904654619233081
DUOL,SMH_r1,1.8318779649660373,-0.12462769993029305
DUOL,SMH_r5,2.2711951190888464,0.04288271169705383
DUOL,IWM_r1,0.3059691645531515,0.02052454831604644
DUOL,JNK_r20,-0.28295907038111734,-0.0017435907607227896
DUOL,TLT_r20,0.05371629338995422,0.0004967130938654524
DUOL,BZ=F_r5,-0.16886116280886232,0.008742112091218352
DUOL,VIX_level,-0.6755661419776692,-0.12933560495445684
DUOL,VIX_r5,-0.7977927859872082,-0.06660979463669951
DUOL,rs20,-0.18126701511410656,-0.008907270638684298
DUOL,beta60,-3.4151186376511506,-0.3569514642185854
CRM,ret1,-0.20822901535897329,-0.005084125830888292
CRM,ret3,-0.9616097611002798,-0.013537340587631157
CRM,ret5,-1.1997796391776965,0.009076320470163225
CRM,ret20,0.7551875028005174,0.0022291149779326957
CRM,ret60,1.8108584523378461,0.046081690179553984
CRM,ema10_dist,-0.7142861577457326,-0.026748812089917737
CRM,ema20_dist,-0.1758090651118745,-0.016243337981315567
CRM,ema50_dist,0.6889541762268026,0.05458101921598925
CRM,ema200_dist,0.3353097921704152,0.010988883885978384
CRM,atr_pct,-0.08920258378957907,-0.03761363622987604
CRM,rv20,1.3620255588708008,0.03189408469871398
CRM,rv60,0.561414525569354,0.10693205625336921
CRM,volume_ratio,-0.599635969115794,-0.09529333849859402
CRM,range_position,-1.563006171802552,-0.0075457698781146425
CRM,gap,0.37350836843269997,0.006784950631911617
CRM,intraday,-0.5185944145813679,-0.0029133903285228314
CRM,drawdown60,0.1509078785285477,-0.03140759812758262
CRM,high20_dist,-0.34184228466421707,0.037494424645503184
CRM,rsi14,0.016191343421968332,-0.0011333907021346282
CRM,QQQ_r1,1.7720271997510297,-0.015245133263308832
CRM,QQQ_r5,1.3849311183845832,-0.03961783532984865
CRM,QQQ_r20,0.47281860790040303,-0.03904654619233081
CRM,SMH_r1,1.8318779649660373,-0.12462769993029305
CRM,SMH_r5,2.2711951190888464,0.04288271169705383
CRM,IWM_r1,0.3059691645531515,0.02052454831604644
CRM,JNK_r20,-0.28295907038111734,-0.0017435907607227896
CRM,TLT_r20,0.05371629338995422,0.0004967130938654524
CRM,BZ=F_r5,-0.16886116280886232,0.008742112091218352
CRM,VIX_level,-0.6755661419776692,-0.12933560495445684
CRM,VIX_r5,-0.7977927859872082,-0.06660979463669951
CRM,rs20,0.6497044169406262,0.03192579230808098
CRM,beta60,-2.6987949803108338,-0.28208063088264645
NOW,ret1,0.4605991798128018,0.011246003270654727
NOW,ret3,-0.2969579300949395,-0.004180511474107156
NOW,ret5,-0.4836144607431805,0.0036585383568591865
NOW,ret20,0.35659299413408446,0.001052568774380424
NOW,ret60,1.6748231602249886,0.04261994187087928
NOW,ema10_dist,0.014304882289493505,0.0005356937190798306
NOW,ema20_dist,0.22294366395860202,0.020598194309081858
NOW,ema50_dist,0.6978426980168981,0.05528519461018446
NOW,ema200_dist,0.1463716860746884,0.004796941515063653
NOW,atr_pct,0.14568702840045167,0.06143116776294969
NOW,rv20,0.5481148122617273,0.01283501629836413
NOW,rv60,0.4958102569849269,0.09443647764037076
NOW,volume_ratio,-0.5013363594397472,-0.0796716972669115
NOW,range_position,-0.18949923113802075,-0.0009148508918541856
NOW,gap,0.47863357131113304,0.008694598104317261
NOW,intraday,0.22248350817961496,0.0012498809913129526
NOW,drawdown60,0.418307518558113,-0.0870599637654714
NOW,high20_dist,0.07088438981514515,-0.0077748410062175085
NOW,rsi14,0.2188497022039778,-0.015319434044390552
NOW,QQQ_r1,1.7720271997510297,-0.015245133263308832
NOW,QQQ_r5,1.3849311183845832,-0.03961783532984865
NOW,QQQ_r20,0.47281860790040303,-0.03904654619233081
NOW,SMH_r1,1.8318779649660373,-0.12462769993029305
NOW,SMH_r5,2.2711951190888464,0.04288271169705383
NOW,IWM_r1,0.3059691645531515,0.02052454831604644
NOW,JNK_r20,-0.28295907038111734,-0.0017435907607227896
NOW,TLT_r20,0.05371629338995422,0.0004967130938654524
NOW,BZ=F_r5,-0.16886116280886232,0.008742112091218352
NOW,VIX_level,-0.6755661419776692,-0.12933560495445684
NOW,VIX_r5,-0.7977927859872082,-0.06660979463669951
NOW,rs20,0.1904312493055966,0.00935759147663985
NOW,beta60,-2.6501751462707555,-0.27699883935735786
SE,ret1,0.22803557239641256,0.00556772331648082
SE,ret3,-0.17728207156448658,-0.002495739831200594
SE,ret5,-0.7827924846924637,0.005921816990971501
SE,ret20,-0.9458784528923174,-0.0027919845320891427
SE,ret60,0.33035352866150214,0.008406647652580632
SE,ema10_dist,-0.5845221400027684,-0.021889368449579266
SE,ema20_dist,-0.8272737864718533,-0.07643341774324351
SE,ema50_dist,-0.5694152989464645,-0.045110790305223435
SE,ema200_dist,-0.5206457656643836,-0.017062775970778887
SE,atr_pct,-0.06926555474484819,-0.029206882455098206
SE,rv20,-0.143876573039131,-0.003369108293735065
SE,rv60,0.13559961309574314,0.02582752101183008
SE,volume_ratio,-0.48994369628634443,-0.07786119062255772
SE,range_position,0.8453364548188831,0.0040810551312719595
SE,gap,0.12610166072150072,0.002290694439291029
SE,intraday,0.18980806934908995,0.0010663149813590323
SE,drawdown60,-0.736397783836846,0.1532622808186574
SE,high20_dist,-0.9274324178709011,0.10172394248948602
SE,rsi14,-1.1171232417063912,0.07819839665500705
SE,QQQ_r1,1.7720271997510297,-0.015245133263308832
SE,QQQ_r5,1.3849311183845832,-0.03961783532984865
SE,QQQ_r20,0.47281860790040303,-0.03904654619233081
SE,SMH_r1,1.8318779649660373,-0.12462769993029305
SE,SMH_r5,2.2711951190888464,0.04288271169705383
SE,IWM_r1,0.3059691645531515,0.02052454831604644
SE,JNK_r20,-0.28295907038111734,-0.0017435907607227896
SE,TLT_r20,0.05371629338995422,0.0004967130938654524
SE,BZ=F_r5,-0.16886116280886232,0.008742112091218352
SE,VIX_level,-0.6755661419776692,-0.12933560495445684
SE,VIX_r5,-0.7977927859872082,-0.06660979463669951
SE,rs20,-1.3103174419680124,-0.0643876221542598
SE,beta60,-1.7304312634529524,-0.18086632962302474
ASML,ret1,0.5309115969425473,0.012962753338099764
ASML,ret3,1.1101838303652696,0.01562893518191765
ASML,ret5,1.0896948236329003,-0.008243529987514106
ASML,ret20,-0.3093108721280326,-0.0009130043801587522
ASML,ret60,-0.44741663967510453,-0.011385602747728582
ASML,ema10_dist,0.5533364580922214,0.020721517251183073
ASML,ema20_dist,0.19347887402163333,0.017875885643199977
ASML,ema50_dist,-0.04414377931176168,-0.0034972027894181433
ASML,ema200_dist,0.2868253049718343,0.009399934166831412
ASML,atr_pct,-0.3898533040928765,-0.1643876190599512
ASML,rv20,-0.2225870376340149,-0.005212244208560058
ASML,rv60,-0.023640821516105286,-0.004502843337856854
ASML,volume_ratio,0.029893708782889536,0.004750667833063541
ASML,range_position,0.8002093502206956,0.003863193709668726
ASML,gap,0.3697312772750053,0.00671633804059345
ASML,intraday,0.38588337302552195,0.0021678384018421226
ASML,drawdown60,-0.11376708288683825,0.02367769565312161
ASML,high20_dist,0.46412593710677397,-0.05090691162436841
ASML,rsi14,-0.03134703570776491,0.002194286038208425
ASML,QQQ_r1,1.7720271997510297,-0.015245133263308832
ASML,QQQ_r5,1.3849311183845832,-0.03961783532984865
ASML,QQQ_r20,0.47281860790040303,-0.03904654619233081
ASML,SMH_r1,1.8318779649660373,-0.12462769993029305
ASML,SMH_r5,2.2711951190888464,0.04288271169705383
ASML,IWM_r1,0.3059691645531515,0.02052454831604644
ASML,JNK_r20,-0.28295907038111734,-0.0017435907607227896
ASML,TLT_r20,0.05371629338995422,0.0004967130938654524
ASML,BZ=F_r5,-0.16886116280886232,0.008742112091218352
ASML,VIX_level,-0.6755661419776692,-0.12933560495445684
ASML,VIX_r5,-0.7977927859872082,-0.06660979463669951
ASML,rs20,-0.5768441931530288,-0.028345517476155817
ASML,beta60,0.7310370711274261,0.07640869340822475
MLKN,ret1,-0.5084364335076443,-0.012413999079353269
MLKN,ret3,-0.561706922385368,-0.007907592275332422
MLKN,ret5,-0.6341170042220677,0.004797088530227096
MLKN,ret20,-0.8403999080514223,-0.002480639596846626
MLKN,ret60,0.0072989780625621285,0.00018574021910553923
MLKN,ema10_dist,-0.8512916242659494,-0.031879435775537784
MLKN,ema20_dist,-0.9232122958561586,-0.08529736131953883
MLKN,ema50_dist,-0.5603719719666651,-0.044394350778919706
MLKN,ema200_dist,-0.04390291940378011,-0.0014388010575557945
MLKN,atr_pct,-0.01759117099830106,-0.007417586785921549
MLKN,rv20,-0.6104326970059961,-0.014294292801167955
MLKN,rv60,-0.4584569771755423,-0.08732183625524768
MLKN,volume_ratio,1.6176935304317985,0.2570816714176372
MLKN,range_position,0.3895437058230253,0.0018806113594667614
MLKN,gap,0.43946674979395456,0.007983114847548323
MLKN,intraday,-0.9303781541116595,-0.005226733338896277
MLKN,drawdown60,-0.3056762803607662,0.06361866500488281
MLKN,high20_dist,-0.6338430555888653,0.06952206251545658
MLKN,rsi14,-1.4521517415939744,0.10165032259016443
MLKN,QQQ_r1,1.7720271997510297,-0.015245133263308832
MLKN,QQQ_r5,1.3849311183845832,-0.03961783532984865
MLKN,QQQ_r20,0.47281860790040303,-0.03904654619233081
MLKN,SMH_r1,1.8318779649660373,-0.12462769993029305
MLKN,SMH_r5,2.2711951190888464,0.04288271169705383
MLKN,IWM_r1,0.3059691645531515,0.02052454831604644
MLKN,JNK_r20,-0.28295907038111734,-0.0017435907607227896
MLKN,TLT_r20,0.05371629338995422,0.0004967130938654524
MLKN,BZ=F_r5,-0.16886116280886232,0.008742112091218352
MLKN,VIX_level,-0.6755661419776692,-0.12933560495445684
MLKN,VIX_r5,-0.7977927859872082,-0.06660979463669951
MLKN,rs20,-1.1887817349943075,-0.058415485229088064
MLKN,beta60,-1.8113145755873263,-0.18932033071654772
ETN,ret1,0.7202993538727608,0.0175868504429291
ETN,ret3,1.557343749349619,0.021923958761443717
ETN,ret5,1.3675951577787546,-0.010345843119950624
ETN,ret20,0.14047052538186008,0.00041463206279976155
ETN,ret60,-0.06672797078700819,-0.001698055235707379
ETN,ema10_dist,1.093048709282042,0.04093283092869392
ETN,ema20_dist,0.7337536488309443,0.06779291218800501
ETN,ema50_dist,0.38449725598599493,0.03046102751332781
ETN,ema200_dist,0.20775490675916508,0.006808612812471757
ETN,atr_pct,-0.2541418012710092,-0.10716278450366956
ETN,rv20,-0.025067934387852157,-0.0005870072095055319
ETN,rv60,-0.007381846952511224,-0.0014060129149297896
ETN,volume_ratio,0.06122731341208133,0.009730161969670432
ETN,range_position,0.8374616060021415,0.004043037497005329
ETN,gap,0.6233974112927051,0.01132429957976867
ETN,intraday,0.4351310614803915,0.00244450497443208
ETN,drawdown60,0.5442457551524111,-0.11327077238870625
ETN,high20_dist,1.0805059619198414,-0.11851356951939185
ETN,rsi14,0.48807428437457195,-0.034165099303038814
ETN,QQQ_r1,1.7720271997510297,-0.015245133263308832
ETN,QQQ_r5,1.3849311183845832,-0.03961783532984865
ETN,QQQ_r20,0.47281860790040303,-0.03904654619233081
ETN,SMH_r1,1.8318779649660373,-0.12462769993029305
ETN,SMH_r5,2.2711951190888464,0.04288271169705383
ETN,IWM_r1,0.3059691645531515,0.02052454831604644
ETN,JNK_r20,-0.28295907038111734,-0.0017435907607227896
ETN,TLT_r20,0.05371629338995422,0.0004967130938654524
ETN,BZ=F_r5,-0.16886116280886232,0.008742112091218352
ETN,VIX_level,-0.6755661419776692,-0.12933560495445684
ETN,VIX_r5,-0.7977927859872082,-0.06660979463669951
ETN,rs20,-0.05859187736272066,-0.0028791432824655044
ETN,beta60,0.5620863459573839,0.05874980212832577
WDAY,ret1,-0.31922544272406855,-0.0077942179020165465
WDAY,ret3,0.3351107913266156,0.004717619454682206
WDAY,ret5,-0.2063663834319495,0.0015611595405808877
WDAY,ret20,-0.3797265896438246,-0.0011208530667620737
WDAY,ret60,2.195265248322441,0.055863854463354255
WDAY,ema10_dist,-0.08659118228195724,-0.0032426937556983984
WDAY,ema20_dist,0.013789994988815965,0.0012740841845751707
WDAY,ema50_dist,0.5652210784678694,0.04477851156095041
WDAY,ema200_dist,0.2788581526684607,0.0091388320051648
WDAY,atr_pct,0.1454302681845917,0.06132290088381487
WDAY,rv20,0.1232363884400751,0.0028857841802396107
WDAY,rv60,0.8054026448146803,0.15340422628822156
WDAY,volume_ratio,-0.7378842743005793,-0.11726357247614694
WDAY,range_position,-1.4894759680081304,-0.00719078599709535
WDAY,gap,0.03664587424442098,0.0006656890946111123
WDAY,intraday,-0.4181658292125959,-0.0023491966906935475
WDAY,drawdown60,0.39653050615658064,-0.08252763808045209
WDAY,high20_dist,-0.08665101238803334,0.00950417780419125
WDAY,rsi14,0.007403251569614691,-0.0005182260838949485
WDAY,QQQ_r1,1.7720271997510297,-0.015245133263308832
WDAY,QQQ_r5,1.3849311183845832,-0.03961783532984865
WDAY,QQQ_r20,0.47281860790040303,-0.03904654619233081
WDAY,SMH_r1,1.8318779649660373,-0.12462769993029305
WDAY,SMH_r5,2.2711951190888464,0.04288271169705383
WDAY,IWM_r1,0.3059691645531515,0.02052454831604644
WDAY,JNK_r20,-0.28295907038111734,-0.0017435907607227896
WDAY,TLT_r20,0.05371629338995422,0.0004967130938654524
WDAY,BZ=F_r5,-0.16886116280886232,0.008742112091218352
WDAY,VIX_level,-0.6755661419776692,-0.12933560495445684
WDAY,VIX_r5,-0.7977927859872082,-0.06660979463669951
WDAY,rs20,-0.657979404330349,-0.03233241649266062
WDAY,beta60,-3.001873466953676,-0.313758683992603
CEG,ret1,0.8372982567521622,0.02044349913470385
CEG,ret3,0.12901366368250958,0.0018162273058978465
CEG,ret5,-0.17347397994639194,0.0013123288509107008
CEG,ret20,-0.3732869774522218,-0.001101845024474367
CEG,ret60,-0.28548454590032385,-0.00726484744196615
CEG,ema10_dist,-0.507948617639489,-0.019021819164818245
CEG,ema20_dist,-0.5887844283016731,-0.054398926818442994
CEG,ema50_dist,-0.4137120238953275,-0.03277550917796179
CEG,ema200_dist,-0.5741921356850769,-0.018817615395134206
CEG,atr_pct,-0.09719178457416074,-0.040982405152394645
CEG,rv20,-0.15546299082224302,-0.003640423459388512
CEG,rv60,-0.35317827360137005,-0.06726950818009092
CEG,volume_ratio,0.27972080668090427,0.044452852879137104
CEG,range_position,0.7966908814117563,0.00384620749654011
CEG,gap,0.30496896959311254,0.005539901051312213
CEG,intraday,0.8066022332779302,0.004531377661083795
CEG,drawdown60,0.0031122679894193,-0.0006477386285602677
CEG,high20_dist,-0.6247199775894715,0.06852141228601137
CEG,rsi14,-0.7825744917251002,0.05478005311440277
CEG,QQQ_r1,1.7720271997510297,-0.015245133263308832
CEG,QQQ_r5,1.3849311183845832,-0.03961783532984865
CEG,QQQ_r20,0.47281860790040303,-0.03904654619233081
CEG,SMH_r1,1.8318779649660373,-0.12462769993029305
CEG,SMH_r5,2.2711951190888464,0.04288271169705383
CEG,IWM_r1,0.3059691645531515,0.02052454831604644
CEG,JNK_r20,-0.28295907038111734,-0.0017435907607227896
CEG,TLT_r20,0.05371629338995422,0.0004967130938654524
CEG,BZ=F_r5,-0.16886116280886232,0.008742112091218352
CEG,VIX_level,-0.6755661419776692,-0.12933560495445684
CEG,VIX_r5,-0.7977927859872082,-0.06660979463669951
CEG,rs20,-0.6505594800080758,-0.031967809208674404
CEG,beta60,-1.1888629180651897,-0.1242610885255864
KBH,ret1,0.4425939975019558,0.010806388203952254
KBH,ret3,-0.3195189941625022,-0.0044981214034744525
KBH,ret5,-0.5059115254626583,0.0038272154191542718
KBH,ret20,-1.0051959119217524,-0.002967074077248565
KBH,ret60,-0.9335245169474703,-0.023755797980484737
KBH,ema10_dist,-0.5683554443755213,-0.02128395296062048
KBH,ema20_dist,-0.8655010064213644,-0.07996530418681722
KBH,ema50_dist,-0.9258704080826752,-0.07335023471639467
KBH,ema200_dist,-0.7892143200353718,-0.025864393842731558
KBH,atr_pct,-0.24023891499918842,-0.10130041948510497
KBH,rv20,-0.51715872525048,-0.012110128241273612
KBH,rv60,-0.5082374661508764,-0.09680347558766832
KBH,volume_ratio,0.2582443098257432,0.04103983699951824
KBH,range_position,0.031472903458403166,0.0001519426417999004
KBH,gap,0.45747878898787747,0.008310311791551585
KBH,intraday,0.2156029334429252,0.0012112268922156218
KBH,drawdown60,-0.8385210161196465,0.17451660809634958
KBH,high20_dist,-0.8462286159256903,0.0928172332567362
KBH,rsi14,-1.4276348884837176,0.099934147925926
KBH,QQQ_r1,1.7720271997510297,-0.015245133263308832
KBH,QQQ_r5,1.3849311183845832,-0.03961783532984865
KBH,QQQ_r20,0.47281860790040303,-0.03904654619233081
KBH,SMH_r1,1.8318779649660373,-0.12462769993029305
KBH,SMH_r5,2.2711951190888464,0.04288271169705383
KBH,IWM_r1,0.3059691645531515,0.02052454831604644
KBH,JNK_r20,-0.28295907038111734,-0.0017435907607227896
KBH,TLT_r20,0.05371629338995422,0.0004967130938654524
KBH,BZ=F_r5,-0.16886116280886232,0.008742112091218352
KBH,VIX_level,-0.6755661419776692,-0.12933560495445684
KBH,VIX_r5,-0.7977927859872082,-0.06660979463669951
KBH,rs20,-1.378664889592556,-0.06774614390777287
KBH,beta60,-1.4375769120650124,-0.15025691290226148
AVGO,ret1,0.45038847173216406,0.010996698318532967
AVGO,ret3,1.1445793852997148,0.016113148592267593
AVGO,ret5,0.6610502713559016,-0.0050008384154833045
AVGO,ret20,-0.20542325465708253,-0.0006063554442753304
AVGO,ret60,-0.3489225578244434,-0.008879181686213714
AVGO,ema10_dist,0.46191788401836964,0.017298045813423302
AVGO,ema20_dist,0.052317955954069226,0.004833756669559409
AVGO,ema50_dist,-0.314222638023416,-0.024893661198170828
AVGO,ema200_dist,-0.2606936217869314,-0.00854353796555934
AVGO,atr_pct,-0.34398410974812704,-0.14504617045000132
AVGO,rv20,-0.4176805451218347,-0.009780681864858072
AVGO,rv60,-0.27816158846911243,-0.05298115611729254
AVGO,volume_ratio,-0.06367754035215871,-0.010119548726344595
AVGO,range_position,1.1865993570212565,0.005728579865602921
AVGO,gap,0.21357432337568466,0.003879675431178593
AVGO,intraday,0.39946046004222385,0.002244112563097606
AVGO,drawdown60,-0.2059579583415615,0.04286485801697539
AVGO,high20_dist,0.5601040256858504,-0.06143411487361672
AVGO,rsi14,-0.25955902083536603,0.01816907795747373
AVGO,QQQ_r1,1.7720271997510297,-0.015245133263308832
AVGO,QQQ_r5,1.3849311183845832,-0.03961783532984865
AVGO,QQQ_r20,0.47281860790040303,-0.03904654619233081
AVGO,SMH_r1,1.8318779649660373,-0.12462769993029305
AVGO,SMH_r5,2.2711951190888464,0.04288271169705383
AVGO,IWM_r1,0.3059691645531515,0.02052454831604644
AVGO,JNK_r20,-0.28295907038111734,-0.0017435907607227896
AVGO,TLT_r20,0.05371629338995422,0.0004967130938654524
AVGO,BZ=F_r5,-0.16886116280886232,0.008742112091218352
AVGO,VIX_level,-0.6755661419776692,-0.12933560495445684
AVGO,VIX_r5,-0.7977927859872082,-0.06660979463669951
AVGO,rs20,-0.45714160288511224,-0.02246345797958007
AVGO,beta60,0.25796100734662114,0.02696233105008854
THO,ret1,0.9250511774290148,0.022586077055364664
THO,ret3,0.009672146939160027,0.00013616245656575564
THO,ret5,-0.6863850823016655,0.005192495996330696
THO,ret20,-0.903395656280162,-0.0026665864847413723
THO,ret60,-0.5423917229712798,-0.013802474346710496
THO,ema10_dist,-0.38652286177492634,-0.014474629370817484
THO,ema20_dist,-0.6627710396119333,-0.06123469227137931
THO,ema50_dist,-0.6922842886307827,-0.05484484072311545
THO,ema200_dist,-0.8716117324096607,-0.02856474921030149
THO,atr_pct,-0.25809333586283806,-0.10882900961030359
THO,rv20,-0.5847475765143332,-0.01369283315665369
THO,rv60,-0.5620924665847509,-0.10706118299215704
THO,volume_ratio,1.600765571267017,0.2543915030056946
THO,range_position,1.3321132689825181,0.006431081566192893
THO,gap,0.43702603245103794,0.007938778098822642
THO,intraday,0.8180422780360568,0.004595646220133162
THO,drawdown60,-0.12262865072305397,0.025522003346623013
THO,high20_dist,-0.4984020223558745,0.05466642925331717
THO,rsi14,-1.13763803728909,0.07963442811723125
THO,QQQ_r1,1.7720271997510297,-0.015245133263308832
THO,QQQ_r5,1.3849311183845832,-0.03961783532984865
THO,QQQ_r20,0.47281860790040303,-0.03904654619233081
THO,SMH_r1,1.8318779649660373,-0.12462769993029305
THO,SMH_r5,2.2711951190888464,0.04288271169705383
THO,IWM_r1,0.3059691645531515,0.02052454831604644
THO,JNK_r20,-0.28295907038111734,-0.0017435907607227896
THO,TLT_r20,0.05371629338995422,0.0004967130938654524
THO,BZ=F_r5,-0.16886116280886232,0.008742112091218352
THO,VIX_level,-0.6755661419776692,-0.12933560495445684
THO,VIX_r5,-0.7977927859872082,-0.06660979463669951
THO,rs20,-1.2613674234759427,-0.06198226968457303
THO,beta60,-2.0202220476872332,-0.21115553937669335
VST,ret1,0.04978993355772135,0.0012156724982953454
VST,ret3,0.035864016309860185,0.0005048861016878824
VST,ret5,-0.024503530162131616,0.00018536895038012704
VST,ret20,0.11765000119242464,0.00034727187465270857
VST,ret60,-0.7625224101654186,-0.019404234171282404
VST,ema10_dist,-0.2787731748065273,-0.010439585294699263
VST,ema20_dist,-0.2715960831071176,-0.025093284976534538
VST,ema50_dist,-0.38784259873957383,-0.030726055614495814
VST,ema200_dist,-0.6237788183837588,-0.020442686631317288
VST,atr_pct,-0.27183664860745016,-0.11462408800611178
VST,rv20,-0.44133725132996654,-0.010334642828792024
VST,rv60,-0.25394461676051266,-0.04836857403562294
VST,volume_ratio,-0.01454936139004599,-0.0023121648655007425
VST,range_position,0.0412303394523793,0.0001990488963619443
VST,gap,0.5368419003714239,0.00975197906929369
VST,intraday,-0.318475254065023,-0.0017891490902690974
VST,drawdown60,-0.32063073428558303,0.06673105041290671
VST,high20_dist,-0.03906078402227333,0.004284319666760956
VST,rsi14,-0.5343023812592675,0.03740105655630812
VST,QQQ_r1,1.7720271997510297,-0.015245133263308832
VST,QQQ_r5,1.3849311183845832,-0.03961783532984865
VST,QQQ_r20,0.47281860790040303,-0.03904654619233081
VST,SMH_r1,1.8318779649660373,-0.12462769993029305
VST,SMH_r5,2.2711951190888464,0.04288271169705383
VST,IWM_r1,0.3059691645531515,0.02052454831604644
VST,JNK_r20,-0.28295907038111734,-0.0017435907607227896
VST,TLT_r20,0.05371629338995422,0.0004967130938654524
VST,BZ=F_r5,-0.16886116280886232,0.008742112091218352
VST,VIX_level,-0.6755661419776692,-0.12933560495445684
VST,VIX_r5,-0.7977927859872082,-0.06660979463669951
VST,rs20,-0.0848864052693879,-0.004171228752255398
VST,beta60,-1.0680422249754062,-0.11163279420197704
BILI,ret1,0.5338889014644681,0.013035447293839904
BILI,ret3,0.27835216946390484,0.003918583477176196
BILI,ret5,-0.5201789566638856,0.0039351483875426155
BILI,ret20,-0.838068559226299,-0.002473758068000351
BILI,ret60,-0.41299827881931084,-0.01050974398615771
BILI,ema10_dist,-0.15441054589515482,-0.005782414557614029
BILI,ema20_dist,-0.5514087327166723,-0.050945714350203064
BILI,ema50_dist,-0.9056247661038316,-0.07174631414806426
BILI,ema200_dist,-1.2917405393866417,-0.04233335002312324
BILI,atr_pct,-0.24943908481404387,-0.10517981205388263
BILI,rv20,-0.1113615178218123,-0.0026077144136200034
BILI,rv60,-0.270300396473546,-0.051483842837348553
BILI,volume_ratio,-0.6754723081054933,-0.10734514708588712
BILI,range_position,1.298384682635501,0.006268249099194252
BILI,gap,0.6205840970402494,0.011273194437479456
BILI,intraday,0.21080048474454488,0.001184247412302822
BILI,drawdown60,-0.6713923200888833,0.13973306351469186
BILI,high20_dist,-0.3757649604536996,0.04121517912270883
BILI,rsi14,-0.8708105759519018,0.06095656082282043
BILI,QQQ_r1,1.7720271997510297,-0.015245133263308832
BILI,QQQ_r5,1.3849311183845832,-0.03961783532984865
BILI,QQQ_r20,0.47281860790040303,-0.03904654619233081
BILI,SMH_r1,1.8318779649660373,-0.12462769993029305
BILI,SMH_r5,2.2711951190888464,0.04288271169705383
BILI,IWM_r1,0.3059691645531515,0.02052454831604644
BILI,JNK_r20,-0.28295907038111734,-0.0017435907607227896
BILI,TLT_r20,0.05371629338995422,0.0004967130938654524
BILI,BZ=F_r5,-0.16886116280886232,0.008742112091218352
BILI,VIX_level,-0.6755661419776692,-0.12933560495445684
BILI,VIX_r5,-0.7977927859872082,-0.06660979463669951
BILI,rs20,-1.186095481329251,-0.058283485546830625
BILI,beta60,-1.5621132140540155,-0.16327356621944075
NVDA,ret1,0.6580274821010008,0.016066418570037738
NVDA,ret3,1.024592122091386,0.014423993059600841
NVDA,ret5,0.9760495402199035,-0.007383804602537713
NVDA,ret20,0.28128162103162857,0.0008302693994982806
NVDA,ret60,0.36425581753542463,0.009269373709522806
NVDA,ema10_dist,0.681087742124231,0.025505587408166802
NVDA,ema20_dist,0.49871551795155,0.04607728679666777
NVDA,ema50_dist,0.40647765161660293,0.032202380476538985
NVDA,ema200_dist,0.3132773831700733,0.010266830459903393
NVDA,atr_pct,-0.5491753008264414,-0.23156818013753172
NVDA,rv20,-0.003617476420255261,-8.470920284262175e-05
NVDA,rv60,-0.31353006133973127,-0.05971775333440456
NVDA,volume_ratio,-0.3226169576971097,-0.05126985127418286
NVDA,range_position,1.0681060834118437,0.005156526478424067
NVDA,gap,0.12451635365238235,0.0022618966100870315
NVDA,intraday,0.7181018507544992,0.00403419498563506
NVDA,drawdown60,0.8641668988189619,-0.17985413974347858
NVDA,high20_dist,0.6138629719820153,-0.06733057897811784
NVDA,rsi14,0.49099693455961646,-0.03436968421356743
NVDA,QQQ_r1,1.7720271997510297,-0.015245133263308832
NVDA,QQQ_r5,1.3849311183845832,-0.03961783532984865
NVDA,QQQ_r20,0.47281860790040303,-0.03904654619233081
NVDA,SMH_r1,1.8318779649660373,-0.12462769993029305
NVDA,SMH_r5,2.2711951190888464,0.04288271169705383
NVDA,IWM_r1,0.3059691645531515,0.02052454831604644
NVDA,JNK_r20,-0.28295907038111734,-0.0017435907607227896
NVDA,TLT_r20,0.05371629338995422,0.0004967130938654524
NVDA,BZ=F_r5,-0.16886116280886232,0.008742112091218352
NVDA,VIX_level,-0.6755661419776692,-0.12933560495445684
NVDA,VIX_r5,-0.7977927859872082,-0.06660979463669951
NVDA,rs20,0.10365510931453079,0.005093503145984554
NVDA,beta60,-0.06358102977003598,-0.006645550003073747
TSM,ret1,0.6904715886420288,0.016858574840099186
TSM,ret3,1.0688306996350925,0.015046774478371229
TSM,ret5,0.8431318834645883,-0.006378283914020914
TSM,ret20,0.3155721939101914,0.0009314861560283316
TSM,ret60,-0.11401364711248436,-0.002901354081924838
TSM,ema10_dist,0.7988017144711685,0.029913777168700938
TSM,ema20_dist,0.6492678703659064,0.059987108469357786
TSM,ema50_dist,0.43441826699370256,0.03441591995046475
TSM,ema200_dist,0.468647486723775,0.015358671101516203
TSM,atr_pct,-0.712628727932012,-0.3004908221338472
TSM,rv20,-0.5784646210773067,-0.013545707347184372
TSM,rv60,-0.27317144780668057,-0.052030689077833175
TSM,volume_ratio,-0.021606192531675363,-0.0034336269413970753
TSM,range_position,1.3765960925692227,0.006645832573814918
TSM,gap,0.6894042760027773,0.012523344517648836
TSM,intraday,0.3519417515094032,0.0019771591560209596
TSM,drawdown60,0.451157730358404,-0.09389689143743742
TSM,high20_dist,0.9986247614785043,-0.10953256091524353
TSM,rsi14,0.7741008591191002,-0.054186900578590665
TSM,QQQ_r1,1.7720271997510297,-0.015245133263308832
TSM,QQQ_r5,1.3849311183845832,-0.03961783532984865
TSM,QQQ_r20,0.47281860790040303,-0.03904654619233081
TSM,SMH_r1,1.8318779649660373,-0.12462769993029305
TSM,SMH_r5,2.2711951190888464,0.04288271169705383
TSM,IWM_r1,0.3059691645531515,0.02052454831604644
TSM,JNK_r20,-0.28295907038111734,-0.0017435907607227896
TSM,TLT_r20,0.05371629338995422,0.0004967130938654524
TSM,BZ=F_r5,-0.16886116280886232,0.008742112091218352
TSM,VIX_level,-0.6755661419776692,-0.12933560495445684
TSM,VIX_r5,-0.7977927859872082,-0.06660979463669951
TSM,rs20,0.1431657891747415,0.0070350164346089095
TSM,beta60,0.68646869697243,0.07175036434255885
BABA,ret1,0.633639944258818,0.015470971720896863
BABA,ret3,1.2951045418224,0.018232210183866372
BABA,ret5,0.7366783231454681,-0.0055729638393208596
BABA,ret20,-0.3116115183902205,-0.0009197952831106016
BABA,ret60,0.5549893445493899,0.01412305141545503
BABA,ema10_dist,0.7557793247115452,0.02830266122187753
BABA,ema20_dist,0.2637089634747343,0.024364578809953498
BABA,ema50_dist,-0.10624750789089163,-0.00841724670514904
BABA,ema200_dist,-0.5773416296996176,-0.018920831659119067
BABA,atr_pct,-0.5943472322901292,-0.25061561717011843
BABA,rv20,-0.5256228653183588,-0.012308330102074605
BABA,rv60,-0.17788582552724924,-0.03388173307889769
BABA,volume_ratio,-0.2676534621452559,-0.04253512678056707
BABA,range_position,1.0795059101896003,0.005211561750240119
BABA,gap,0.8167333892526799,0.014836336194464068
BABA,intraday,0.19292140367813945,0.0010838052548148946
BABA,drawdown60,-0.010010718624163285,0.0020834739085974817
BABA,high20_dist,0.07099466552814862,-0.007786936421550633
BABA,rsi14,0.03637526616821146,-0.0025462611340073284
BABA,QQQ_r1,1.7720271997510297,-0.015245133263308832
BABA,QQQ_r5,1.3849311183845832,-0.03961783532984865
BABA,QQQ_r20,0.47281860790040303,-0.03904654619233081
BABA,SMH_r1,1.8318779649660373,-0.12462769993029305
BABA,SMH_r5,2.2711951190888464,0.04288271169705383
BABA,IWM_r1,0.3059691645531515,0.02052454831604644
BABA,JNK_r20,-0.28295907038111734,-0.0017435907607227896
BABA,TLT_r20,0.05371629338995422,0.0004967130938654524
BABA,BZ=F_r5,-0.16886116280886232,0.008742112091218352
BABA,VIX_level,-0.6755661419776692,-0.12933560495445684
BABA,VIX_r5,-0.7977927859872082,-0.06660979463669951
BABA,rs20,-0.5794950703564751,-0.028475778796265
BABA,beta60,-1.5273548559274335,-0.1596405894055955
NKE,ret1,0.46951558803360743,0.011463706558911614
NKE,ret3,0.11218401491080547,0.0015793030393096163
NKE,ret5,-0.38908154545668117,0.0029433978376325713
NKE,ret20,-0.8034604584582676,-0.0023716040526151143
NKE,ret60,-0.5825405036923427,-0.014824157555514767
NKE,ema10_dist,-0.3162445961596427,-0.011842826835428396
NKE,ema20_dist,-0.5832298611595135,-0.05388572966690479
NKE,ema50_dist,-0.821774801389243,-0.06510346808766043
NKE,ema200_dist,-1.2404995748304848,-0.040654064112418405
NKE,atr_pct,-0.5916895681701603,-0.2494949723728162
NKE,rv20,-0.6957251281418517,-0.016291556365782348
NKE,rv60,-0.6435057032381961,-0.12256787974669196
NKE,volume_ratio,0.544652936252925,0.08655550916189374
NKE,range_position,0.7542726758306185,0.0036414239046821902
NKE,gap,-0.014698926262789742,-0.0002670127297378278
NKE,intraday,0.5876750187270942,0.0033014754261402788
NKE,drawdown60,-0.44341281720550774,0.09228498672967109
NKE,high20_dist,-0.3453334903518331,0.03787735196154559
NKE,rsi14,-1.179853852259185,0.08258952646350083
NKE,QQQ_r1,1.7720271997510297,-0.015245133263308832
NKE,QQQ_r5,1.3849311183845832,-0.03961783532984865
NKE,QQQ_r20,0.47281860790040303,-0.03904654619233081
NKE,SMH_r1,1.8318779649660373,-0.12462769993029305
NKE,SMH_r5,2.2711951190888464,0.04288271169705383
NKE,IWM_r1,0.3059691645531515,0.02052454831604644
NKE,JNK_r20,-0.28295907038111734,-0.0017435907607227896
NKE,TLT_r20,0.05371629338995422,0.0004967130938654524
NKE,BZ=F_r5,-0.16886116280886232,0.008742112091218352
NKE,VIX_level,-0.6755661419776692,-0.12933560495445684
NKE,VIX_r5,-0.7977927859872082,-0.06660979463669951
NKE,rs20,-1.1462189358175126,-0.056323994004559265
NKE,beta60,-2.467279519788667,-0.25788241366362025
FERG,ret1,0.21401591249260488,0.005225418883381814
FERG,ret3,0.10218302032007487,0.0014385111344574165
FERG,ret5,-0.4169576376096331,0.00315428018433534
FERG,ret20,-0.8219375703949845,-0.002426143629626566
FERG,ret60,-0.5507884343784333,-0.014016149056123611
FERG,ema10_dist,-0.2569719307974264,-0.009623165470512396
FERG,ema20_dist,-0.5025502370326899,-0.04643158387491409
FERG,ema50_dist,-0.592566963267054,-0.04694493469213291
FERG,ema200_dist,-0.5313138347393894,-0.017412393474025723
FERG,atr_pct,-0.6082207255095211,-0.2564655881577617
FERG,rv20,-0.7862916928917097,-0.018412322505735188
FERG,rv60,-0.7036321588350646,-0.13402010486623206
FERG,volume_ratio,-0.21744713877301908,-0.034556405665929345
FERG,range_position,0.6593499502185433,0.0031831627304181763
FERG,gap,0.28218705236207886,0.005126057087490256
FERG,intraday,0.06134696232670111,0.0003446385878859538
FERG,drawdown60,-0.4133622160858401,0.08603072609953268
FERG,high20_dist,-0.29609169322088347,0.03247634414371781
FERG,rsi14,-1.2495746060223945,0.08746996485589664
FERG,QQQ_r1,1.7720271997510297,-0.015245133263308832
FERG,QQQ_r5,1.3849311183845832,-0.03961783532984865
FERG,QQQ_r20,0.47281860790040303,-0.03904654619233081
FERG,SMH_r1,1.8318779649660373,-0.12462769993029305
FERG,SMH_r5,2.2711951190888464,0.04288271169705383
FERG,IWM_r1,0.3059691645531515,0.02052454831604644
FERG,JNK_r20,-0.28295907038111734,-0.0017435907607227896
FERG,TLT_r20,0.05371629338995422,0.0004967130938654524
FERG,BZ=F_r5,-0.16886116280886232,0.008742112091218352
FERG,VIX_level,-0.6755661419776692,-0.12933560495445684
FERG,VIX_r5,-0.7977927859872082,-0.06660979463669951
FERG,rs20,-1.1675088471018265,-0.0573701578726165
FERG,beta60,-1.2778695380705551,-0.13356414552214038
FDX,ret1,-0.787228937501213,-0.01922100514701486
FDX,ret3,-0.3703273962420381,-0.005213391434507611
FDX,ret5,-0.7590453837391947,0.005742170419675366
FDX,ret20,-0.6825281383134623,-0.0020146436352998596
FDX,ret60,-0.5497685478028238,-0.01399019556586884
FDX,ema10_dist,-0.8074055911604229,-0.030235977841792532
FDX,ema20_dist,-0.8061623605390498,-0.07448289245903347
FDX,ema50_dist,-0.634628981888989,-0.050277214146828245
FDX,ema200_dist,-0.187766621693705,-0.006153550094969776
FDX,atr_pct,-0.6659323642323798,-0.2808005848914015
FDX,rv20,-0.7365221732726278,-0.01724688675909522
FDX,rv60,-0.8916227164852943,-0.16982647604155945
FDX,volume_ratio,0.6502206433226766,0.10333218661697086
FDX,range_position,-0.4286494237105974,-0.002069403159154784
FDX,gap,-0.10790281173282383,-0.0019601040097809172
FDX,intraday,-0.8923876273474178,-0.005013307914058688
FDX,drawdown60,-0.007809235662790381,0.0016252917857705372
FDX,high20_dist,-0.4691777788865325,0.05146101481589787
FDX,rsi14,-1.558890957262822,0.1091220456856102
FDX,QQQ_r1,1.7720271997510297,-0.015245133263308832
FDX,QQQ_r5,1.3849311183845832,-0.03961783532984865
FDX,QQQ_r20,0.47281860790040303,-0.03904654619233081
FDX,SMH_r1,1.8318779649660373,-0.12462769993029305
FDX,SMH_r5,2.2711951190888464,0.04288271169705383
FDX,IWM_r1,0.3059691645531515,0.02052454831604644
FDX,JNK_r20,-0.28295907038111734,-0.0017435907607227896
FDX,TLT_r20,0.05371629338995422,0.0004967130938654524
FDX,BZ=F_r5,-0.16886116280886232,0.008742112091218352
FDX,VIX_level,-0.6755661419776692,-0.12933560495445684
FDX,VIX_r5,-0.7977927859872082,-0.06660979463669951
FDX,rs20,-1.0068769014072037,-0.049476872860890746
FDX,beta60,-1.7678439713491623,-0.18477674161185076
AZO,ret1,-0.5609472059440144,-0.013696103660616377
AZO,ret3,-0.30989234768880203,-0.00436259949292096
AZO,ret5,-0.7726990986409148,0.0058454606306521
AZO,ret20,-0.45760555545553894,-0.0013507313003305885
AZO,ret60,-0.49734931228247703,-0.012656260841385455
AZO,ema10_dist,-0.5517209052263563,-0.020661017520701475
AZO,ema20_dist,-0.5918622708273806,-0.05468329461464577
AZO,ema50_dist,-0.6265617420807803,-0.04963810317807947
AZO,ema200_dist,-0.8367105696107475,-0.027420956710236456
AZO,atr_pct,-0.6881315695531366,-0.2901612199543605
AZO,rv20,-0.7674922726993676,-0.0179721029401065
AZO,rv60,-0.6896341534643585,-0.1313539189562446
AZO,volume_ratio,1.3757545895907886,0.21863306163935758
AZO,range_position,-1.389043723490702,-0.006705926359850878
AZO,gap,0.10815614069266428,0.0019647058463966895
AZO,intraday,-0.7649323034095223,-0.004297281868195542
AZO,drawdown60,-0.03852069101540273,0.008017092247305577
AZO,high20_dist,0.06915150115779187,-0.007584771883417203
AZO,rsi14,-1.3076135656964187,0.09153268006993222
AZO,QQQ_r1,1.7720271997510297,-0.015245133263308832
AZO,QQQ_r5,1.3849311183845832,-0.03961783532984865
AZO,QQQ_r20,0.47281860790040303,-0.03904654619233081
AZO,SMH_r1,1.8318779649660373,-0.12462769993029305
AZO,SMH_r5,2.2711951190888464,0.04288271169705383
AZO,IWM_r1,0.3059691645531515,0.02052454831604644
AZO,JNK_r20,-0.28295907038111734,-0.0017435907607227896
AZO,TLT_r20,0.05371629338995422,0.0004967130938654524
AZO,BZ=F_r5,-0.16886116280886232,0.008742112091218352
AZO,VIX_level,-0.6755661419776692,-0.12933560495445684
AZO,VIX_r5,-0.7977927859872082,-0.06660979463669951
AZO,rs20,-0.7477140056427287,-0.036741880503753065
AZO,beta60,-2.7563421707940776,-0.2880955182362488
PDD,ret1,0.12811579379802598,0.0031280790310149868
PDD,ret3,0.07696684283829018,0.0010835230751655802
PDD,ret5,-0.06409995634511449,0.00048491550190873337
PDD,ret20,-0.7890407591195308,-0.0023290408909445812
PDD,ret60,0.08089603054573336,0.0020585959170643844
PDD,ema10_dist,-0.04166532024639012,-0.0015602959820112696
PDD,ema20_dist,-0.3594165887017509,-0.03320719055447447
PDD,ema50_dist,-0.5543021085887302,-0.04391347797039139
PDD,ema200_dist,-0.9087937511843912,-0.029783290680018316
PDD,atr_pct,-0.6757234206070405,-0.28492913383177104
PDD,rv20,-0.83311094783007,-0.019508672917670732
PDD,rv60,-0.5762529318540641,-0.10975831247454167
PDD,volume_ratio,-0.24347726021910762,-0.03869307741659049
PDD,range_position,0.48016023168088784,0.002318083369247177
PDD,gap,0.5778941905920725,0.010497712728870841
PDD,intraday,-0.2520015550038232,-0.0014157092179897738
PDD,drawdown60,-0.18026718651004123,0.037517983850169266
PDD,high20_dist,-0.5612529466861388,0.061560132437275546
PDD,rsi14,-0.9304985901454601,0.06513470951331585
PDD,QQQ_r1,1.7720271997510297,-0.015245133263308832
PDD,QQQ_r5,1.3849311183845832,-0.03961783532984865
PDD,QQQ_r20,0.47281860790040303,-0.03904654619233081
PDD,SMH_r1,1.8318779649660373,-0.12462769993029305
PDD,SMH_r5,2.2711951190888464,0.04288271169705383
PDD,IWM_r1,0.3059691645531515,0.02052454831604644
PDD,JNK_r20,-0.28295907038111734,-0.0017435907607227896
PDD,TLT_r20,0.05371629338995422,0.0004967130938654524
PDD,BZ=F_r5,-0.16886116280886232,0.008742112091218352
PDD,VIX_level,-0.6755661419776692,-0.12933560495445684
PDD,VIX_r5,-0.7977927859872082,-0.06660979463669951
PDD,rs20,-1.1296041033307245,-0.05550755859581673
PDD,beta60,-2.4690518960714227,-0.2580676641267523
COST,ret1,0.0829004448368656,0.0020240997262588045
COST,ret3,0.05076824993683038,0.0007147047775872008
COST,ret5,-0.3441180615699521,0.0026032495504932107
COST,ret20,-0.45548028300443866,-0.0013444580547652591
COST,ret60,-0.3621426271616758,-0.0092155984495251
COST,ema10_dist,-0.16272148350023735,-0.006093645155993509
COST,ema20_dist,-0.3126184501703325,-0.028883420442970067
COST,ema50_dist,-0.40896370346586985,-0.03239933297126066
COST,ema200_dist,-0.4848109831618185,-0.015888386575673347
COST,atr_pct,-1.0690651196411518,-0.45078768806839004
COST,rv20,-0.972929126146454,-0.02278274717611543
COST,rv60,-1.0709246327725306,-0.20397793049372095
COST,volume_ratio,0.006960587086158758,0.0011061671005632775
COST,range_position,1.3704036544619278,0.006615937162149188
COST,gap,-0.2703115774110725,-0.0049103336443685275
COST,intraday,0.29630873788712936,0.0016646207266116297
COST,drawdown60,0.3574250698730426,-0.07438884612755343
COST,high20_dist,0.08937139716148709,-0.009802558860224816
COST,rsi14,-1.142441001570836,0.07997063462695357
COST,QQQ_r1,1.7720271997510297,-0.015245133263308832
COST,QQQ_r5,1.3849311183845832,-0.03961783532984865
COST,QQQ_r20,0.47281860790040303,-0.03904654619233081
COST,SMH_r1,1.8318779649660373,-0.12462769993029305
COST,SMH_r5,2.2711951190888464,0.04288271169705383
COST,IWM_r1,0.3059691645531515,0.02052454831604644
COST,JNK_r20,-0.28295907038111734,-0.0017435907607227896
COST,TLT_r20,0.05371629338995422,0.0004967130938654524
COST,BZ=F_r5,-0.16886116280886232,0.008742112091218352
COST,VIX_level,-0.6755661419776692,-0.12933560495445684
COST,VIX_r5,-0.7977927859872082,-0.06660979463669951
COST,rs20,-0.7452651996770621,-0.036621548751922285
COST,beta60,-2.756354427016299,-0.28809679926831006
