symbol,eligible,a_hit5,a_hit10,a_close3,a_down3,b_hit5,b_hit10,b_close3,b_down3,p_hit5,p_hit10,p_close3,p_down3,close,daily_pct,volume_ratio,atr,atr_pct,rsi,ema20,ema50,rs20_qqq_pp,ret20_pct,range_position,high,low,prior_high20,adv20,history_sessions,high_close_pct,max_feature_abs,last,last_at,age_minutes,session,after_hours_change_pct,after_hours_volume,after_hours_high,after_hours_low,regular_quote_at,quote_note,evaluation_score_neighbors,evaluation_score_dates,empirical_hit5,empirical_hit5_dateblock95,model_disagreement,extension_atr,change_from_previous_close_pct,is_current_premarket
ALAB,True,0.2938343402189385,0.04588249356401,0.2193592209912493,0.5489148747768288,0.4267492220599767,0.0775217226838637,0.1991411808671711,0.5088862170751207,0.3602917811394576,0.0617021081239368,0.2092502009292102,0.5289005459259748,340.739990234375,12.362733795342118,1.6883815344560342,23.26525033935761,6.827860247150566,60.63096102622154,293.7185134266798,302.7135574250469,15.533338330147073,19.570477164183764,0.9347948780485658,343.0,308.3399963378906,321.6499938964844,1038104700.0294496,628,0.6632651964538994,,334.75,2026-09-22 08:45:18-04:00,0.5064091833333333,premarket,-1.7579357885920133,,343.86,320.7098,2026-09-21 16:00:01-04:00,"Vendor latest observation, no executable bid/ask or overnight-session venue feed; after-hours bar volumes and extremes may include late regular-session batches and are not reliable liquidity/support measures",1006,367,0.3290258449304175,"[0.2943860226368499, 0.36660458364305765]",0.1329148818410381,2.0211034105293675,-1.7579357885920133,True
AAOI,True,0.2802516894964026,0.0434357954602127,0.2150896102806459,0.5481130072736057,0.3724317063396392,0.0621698916762864,0.1926162679137479,0.4671204604347157,0.3263416979180209,0.0528028435682496,0.2038529390971969,0.5076167338541607,108.66999816894533,3.327945289470846,1.1391100093193482,8.881755186800039,8.173143771468455,49.70140684278833,106.72994424768136,115.78591256621895,-16.975771717680722,-12.93863288364403,0.7796249387349177,109.7300033569336,104.91999816894533,133.72000122070312,753307027.4206543,2512,0.9754349920392258,,107.05,2026-09-22 08:45:19-04:00,0.4907573333333334,premarket,-1.4907501575796125,,111.8,108.4001,2026-09-21 16:00:01-04:00,"Vendor latest observation, no executable bid/ask or overnight-session venue feed; after-hours bar volumes and extremes may include late regular-session batches and are not reliable liquidity/support measures",1284,392,0.3130841121495327,"[0.2801591607734348, 0.3468053799188266]",0.0921800168432366,0.2184313663753368,-1.4907501575796123,True
CIFR,True,0.2716557332781225,0.0417163928270912,0.1987710206994807,0.5441532854733739,0.3236167360782302,0.0326439302223396,0.2242823502901794,0.4778291976223312,0.2976362346781763,0.0371801615247154,0.21152668549483,0.5109912415478526,18.899999618530273,3.053432177116777,1.2025840540936927,1.6590860511657837,8.778233252127439,56.1384494472052,17.04095556184688,18.137649110126528,15.84867916111068,19.88581799514737,0.6354159216078964,19.25,18.290000915527344,19.489999771118164,578638706.3752556,1486,1.851853907587242,,18.6253,2026-09-22 08:45:08-04:00,0.6833604,premarket,-1.4534371644163824,,18.95,18.74,2026-09-21 16:00:01-04:00,"Vendor latest observation, no executable bid/ask or overnight-session venue feed; after-hours bar volumes and extremes may include late regular-session batches and are not reliable liquidity/support measures",1475,392,0.32,"[0.2865797252779575, 0.3531954171692828]",0.0519610028001076,1.1205229863617423,-1.4534371644163824,True
CRDO,True,0.2328274253416162,0.0393688295528674,0.1873902871927614,0.4696098961229023,0.3413216456071127,0.0452091916195487,0.2261023629566435,0.4564660987883076,0.2870745354743644,0.0422890105862081,0.2067463250747024,0.4630379974556049,187.27000427246097,6.46995560992778,1.3331148981215772,14.203968531040386,7.584753674899742,48.12443495481039,184.68825542718716,204.033602387715,-22.816685902737177,-18.779547068700488,0.8785662943369571,188.7599945068359,176.49000549316406,244.4600067138672,1469162274.1197205,1166,0.7956374221080198,,183.8,2026-09-22 08:45:16-04:00,0.5403207666666667,premarket,-1.8529418450871529,,189.22,185.8,2026-09-21 16:00:01-04:00,"Vendor latest observation, no executable bid/ask or overnight-session venue feed; after-hours bar volumes and extremes may include late regular-session batches and are not reliable liquidity/support measures",1519,395,0.3094140882159315,"[0.27557078377755084, 0.34559177804970936]",0.1084942202654965,0.1817625010666421,-1.8529418450871527,True
UMAC,True,0.2434056448497433,0.0366752690465723,0.1942611014678719,0.5237513421424765,0.3134209756471169,0.0368929508973621,0.207315531306005,0.5024714133901035,0.2784133102484301,0.0367841099719672,0.2007883163869385,0.51311137776629,24.25,4.61604694019484,0.752262824922774,2.0384128525655956,8.405826196146785,50.69993717945578,23.960739260622827,23.58362807461844,-15.630286007920413,-11.593147173883722,0.4757276159824598,24.790000915527344,23.760000228881836,28.010000228881836,71715067.51542091,652,2.2268078990818285,,24.4,2026-09-22 08:34:14-04:00,11.579441266666668,premarket,0.6185567010309256,,24.52,24.04,2026-09-21 16:00:00-04:00,"Vendor latest observation, no executable bid/ask or overnight-session venue feed; after-hours bar volumes and extremes may include late regular-session batches and are not reliable liquidity/support measures",1598,401,0.295369211514393,"[0.2623236057753785, 0.3290301238055973]",0.0700153307973736,0.1419048839949683,0.6185567010309256,True
NBIS,True,0.2428754730670013,0.0327670019815385,0.1959019126077999,0.5326155928490048,0.3093433440985016,0.0465723688280643,0.1653442233136101,0.433879385396722,0.2761094085827514,0.0396696854048014,0.180623067960705,0.4832474891228634,232.8000030517578,4.142439851365709,1.1609687863922027,17.237577221074847,7.4044574721257455,55.37009466197296,220.31614795748803,217.16668704749648,2.2011662197398696,6.2383050537765605,0.690275958711521,237.9600067138672,221.3000030517578,254.7400054931641,3297494005.3660583,480,2.216496389375977,,231.5,2026-09-22 08:45:16-04:00,0.5439021833333333,premarket,-0.5584205475584914,,235.0,231.58,2026-09-21 16:00:00-04:00,"Vendor latest observation, no executable bid/ask or overnight-session venue feed; after-hours bar volumes and extremes may include late regular-session batches and are not reliable liquidity/support measures",1617,404,0.2956091527520099,"[0.2618838238813113, 0.3305452946265315]",0.0664678710315003,0.724223302043102,-0.5584205475584914,True
ACMR,True,0.2311780876857459,0.0349041353387822,0.1818785714911806,0.4673839377098718,0.3005604290602702,0.0449340378603228,0.1825395212151342,0.444716462733592,0.265869258373008,0.0399190865995525,0.1822090463531574,0.4560502002217319,72.7699966430664,6.218062142758418,1.849555168031212,4.823165268387304,6.627958624273016,48.587813492273554,72.19090595133483,76.86844375748635,-12.398814583727235,-8.361675749690544,0.7741918723731238,73.4000015258789,70.61000061035156,83.5,60751873.52008819,2231,0.8657481268037559,,72.04,2026-09-22 08:42:36-04:00,3.20972455,premarket,-1.0031560763249736,,74.0,71.5,2026-09-21 16:00:01-04:00,"Vendor latest observation, no executable bid/ask or overnight-session venue feed; after-hours bar volumes and extremes may include late regular-session batches and are not reliable liquidity/support measures",1681,414,0.2778108268887567,"[0.24645453404718087, 0.30882814708314865]",0.0693823413745242,0.1200644513525465,-1.0031560763249736,True
ARM,True,0.2261416340157888,0.0321106090953222,0.1701008029215382,0.4570917627180254,0.2953446102987023,0.0432739507505776,0.1771799318532517,0.4114211473366194,0.2607431221572455,0.0376922799229499,0.1736403673873949,0.4342564550273224,322.8999938964844,17.158307412048114,3.173687530837226,18.8335264705409,5.832619023392912,69.48875557912615,261.3480198208133,265.60090310538055,28.668756356171382,32.70589519020808,0.9594591675421972,324.1600036621094,293.0799865722656,275.7799987792969,1024038053.7949373,757,0.3902167201740303,,318.604,2026-09-22 08:45:20-04:00,0.47566515,premarket,-1.3304409964967734,,327.46,321.02,2026-09-21 16:00:01-04:00,"Vendor latest observation, no executable bid/ask or overnight-session venue feed; after-hours bar volumes and extremes may include late regular-session batches and are not reliable liquidity/support measures",1721,415,0.2701917489831493,"[0.23936185571366483, 0.3025985586539102]",0.0692029762829134,3.268212895335862,-1.3304409964967734,True
VICR,True,0.2183424775726744,0.030608355425078,0.1752067508017669,0.4706061473133586,0.2924070193981659,0.0371343132695606,0.2023831403955205,0.4807476288220766,0.2553747484854202,0.0338713343473193,0.1887949455986436,0.4756768880677176,223.8999938964844,0.5298099269548606,1.3848738599391968,15.581718064695702,6.9592311252583565,58.56856872843387,200.71172390355343,215.54721342556417,7.6114107782200735,11.648549612256764,0.0655385493837615,232.7400054931641,223.27999877929688,223.8699951171875,146386669.9938202,2512,3.948196443795649,,245.18,2026-09-22 08:44:41-04:00,1.1252458166666666,premarket,9.504245950696188,,254.72,223.9,2026-09-21 16:00:00-04:00,"Vendor latest observation, no executable bid/ask or overnight-session venue feed; after-hours bar volumes and extremes may include late regular-session batches and are not reliable liquidity/support measures",1773,418,0.2600112803158488,"[0.22910629686725242, 0.29083743425117736]",0.0740645418254914,1.4881715800948674,9.504245950696188,True
SNDK,True,0.2026291007878046,0.0232503069189068,0.1752197471779335,0.5064155846394229,0.2952343613443298,0.0431586702925576,0.1639345150062542,0.4723920206894158,0.2489317310660672,0.0332044886057322,0.1695771310920938,0.4894038026644194,1766.6400146484375,-1.40527131047814,0.9659547185753222,115.20846215935777,6.52133208826272,59.76565866367458,1615.2319696805184,1568.2110162056222,6.649046275094905,10.686185109131596,0.3039598976151954,1834.489990234375,1737.010009765625,1807.3800048828125,17233076660.046387,402,3.8406225956248097,,1755.5,2026-09-22 08:45:20-04:00,0.4727969833333333,premarket,-0.6305763797982533,,1807.66,1760.52,2026-09-21 16:00:00-04:00,"Vendor latest observation, no executable bid/ask or overnight-session venue feed; after-hours bar volumes and extremes may include late regular-session batches and are not reliable liquidity/support measures",1830,419,0.248087431693989,"[0.21931476402878822, 0.2776481868072143]",0.0926052605565251,1.314209409014501,-0.6305763797982533,True
BE,True,0.173930208263069,0.0212641542507022,0.1513847374182876,0.4518862733055068,0.2481541937691543,0.0287123840906323,0.1626637606211401,0.4004888909987253,0.2110422010161117,0.0249882691706672,0.1570242490197139,0.426187582152116,272.8900146484375,2.7331286496899754,0.8836469042573732,18.794355601984364,6.887154015582804,59.58475259947302,251.15710437444005,240.6707558323062,31.425764507952515,35.462903341989204,0.452525400726259,282.0,265.3599853515625,288.0,4071215394.868927,2050,3.338335909175294,,274.2,2026-09-22 08:44:30-04:00,1.3109703,premarket,0.4800415116874568,,274.5504,271.41,2026-09-21 16:00:03-04:00,"Vendor latest observation, no executable bid/ask or overnight-session venue feed; after-hours bar volumes and extremes may include late regular-session batches and are not reliable liquidity/support measures",2344,425,0.2380546075085324,"[0.21014555892310904, 0.26684148044370914]",0.0742239855060852,1.1563530420645454,0.4800415116874568,True
SMTC,True,0.1527599731504172,0.0169000552495312,0.1357428170543464,0.4782182502902155,0.2598017666664431,0.023833399906047,0.1944809357187196,0.5514689613821345,0.2062808699084302,0.0203667275777891,0.165111876386533,0.514843605836175,177.3699951171875,-4.124326963682434,1.2346646994393666,11.882994368968031,6.699551613065669,62.57421793828421,155.52674546547794,144.5490467269785,38.89943973932244,42.93657857335913,0.0904724055345806,190.63999938964844,176.0500030517578,185.4600067138672,563183639.0553284,2512,7.481538387422027,,178.12,2026-09-22 08:33:20-04:00,12.475102349999998,premarket,0.4228476650275592,,180.4,176.1,2026-09-21 16:00:00-04:00,"Vendor latest observation, no executable bid/ask or overnight-session venue feed; after-hours bar volumes and extremes may include late regular-session batches and are not reliable liquidity/support measures",2448,426,0.2361111111111111,"[0.2096358535588801, 0.2637581076895339]",0.1070417935160258,1.838194058961463,0.4228476650275592,True
FSLY,True,0.1712228287571505,0.0255525740708416,0.1419069582247674,0.4180940058904941,0.2328953024920722,0.0242210007355562,0.1698938803198001,0.5163216362070217,0.2020590656246114,0.0248867874031989,0.1559004192722838,0.4672078210487579,27.420000076293945,14.920366198137858,1.9614645118443208,2.100072806545652,7.658908828236208,62.85958552406852,23.7737573440396,23.02605569053502,5.862657710352237,9.899796544388929,0.8510882811882106,28.06999969482422,23.704999923706055,25.75,116162787.9091835,1846,2.3705310602541996,,27.6315,2026-09-22 08:45:13-04:00,0.5994649666666666,premarket,0.7713345117343895,,27.72,27.0,2026-09-21 16:00:01-04:00,"Vendor latest observation, no executable bid/ask or overnight-session venue feed; after-hours bar volumes and extremes may include late regular-session batches and are not reliable liquidity/support measures",2528,426,0.2345727848101265,"[0.20869404537732045, 0.26061133072021814]",0.0616724737349216,1.7362458677096746,0.7713345117343895,True
CRWV,True,0.1654397661438415,0.0261486435058155,0.1434431116442416,0.3927418946338447,0.2372868239637674,0.0273817455302971,0.1712786099969718,0.4082295085597326,0.2013632950538044,0.0267651945180563,0.1573608608206067,0.4004857015967886,85.43000030517578,5.002457797801907,1.5354800613233002,5.831033886575281,6.8255107874815355,48.725226396811685,86.09189635565393,88.20921501368144,-6.791832301286094,-2.754693467249403,0.7124803841453272,87.25,80.91999816894531,104.58999633789062,2224547504.215431,372,2.1303987923712464,,85.32,2026-09-22 08:45:19-04:00,0.4940257166666666,premarket,-0.1287607453855144,,86.49,85.17,2026-09-21 16:00:01-04:00,"Vendor latest observation, no executable bid/ask or overnight-session venue feed; after-hours bar volumes and extremes may include late regular-session batches and are not reliable liquidity/support measures",2534,426,0.2355958958168903,"[0.21085025895799847, 0.2616291388752108]",0.0718470578199259,-0.1135126400143246,-0.1287607453855144,True
LUNR,True,0.1571357880561523,0.0262255611586918,0.1372967718880471,0.3356367327220858,0.2363928635036128,0.0276241519243428,0.1804402479804426,0.4301011909467969,0.1967643257798825,0.0269248565415173,0.1588685099342448,0.3828689618344414,15.720000267028809,12.931035782106791,1.7589695089830797,1.0888072543730252,6.926254681157315,52.41406729476987,15.060717639373747,16.49867291789929,-18.229275685054024,-14.192136851017334,0.97419357617365,15.760000228881836,14.210000038146973,18.979999542236328,99162453.07119846,1214,0.254452679221151,,15.74,2026-09-22 08:44:58-04:00,0.8454235,premarket,0.1272247622866817,,15.85,15.69,2026-09-21 16:00:01-04:00,"Vendor latest observation, no executable bid/ask or overnight-session venue feed; after-hours bar volumes and extremes may include late regular-session batches and are not reliable liquidity/support measures",2621,427,0.2273941243800076,"[0.20233385378011504, 0.25195263558183323]",0.0792570754474605,0.6055090329414626,0.12722476228668178,True
NVTS,True,0.1624812510854401,0.0223300685337707,0.1488483140753964,0.3626372641757485,0.2266130213438284,0.0319908183853003,0.1645690722845943,0.3528941604815765,0.1945471362146342,0.0271604434595355,0.1567086931799953,0.3577657123286625,12.15999984741211,6.386697486838799,0.962796552452582,0.8333962750907251,6.853587874576236,52.04938186430133,11.661403411317554,12.84475972198418,-10.2823231281019,-6.24518429406521,0.6199989318847656,12.350000381469728,11.850000381469728,13.4399995803833,140454217.08506107,1234,1.5625044115280318,,11.98,2026-09-22 08:43:53-04:00,1.92667035,premarket,-1.480261921634951,,12.3,12.12,2026-09-21 16:00:00-04:00,"Vendor latest observation, no executable bid/ask or overnight-session venue feed; after-hours bar volumes and extremes may include late regular-session batches and are not reliable liquidity/support measures",2664,429,0.2237237237237237,"[0.19992784610532136, 0.24771947951470172]",0.0641317702583883,0.5982705358747578,-1.480261921634951,True
RCAT,True,0.1496607273760294,0.0254870871522276,0.1331045297004953,0.3552913917169625,0.2369515507773504,0.0260147860167414,0.1983762503765699,0.405788399020941,0.1933061390766899,0.0257509365844845,0.1657403900385326,0.3805398953689517,6.949999809265137,2.9629601372612946,1.4531921226187936,0.5725449620590588,8.238057234128144,34.1884716571855,8.023088642473017,8.745097932977972,-31.791817711964494,-27.75467887792781,0.4062492549412297,7.139999866485596,6.820000171661377,10.038000106811523,62388497.52840996,2512,2.733813847982658,,7.01,2026-09-22 08:44:51-04:00,0.962509,premarket,0.863312120597115,,7.0,6.9201,2026-09-21 16:00:01-04:00,"Vendor latest observation, no executable bid/ask or overnight-session venue feed; after-hours bar volumes and extremes may include late regular-session batches and are not reliable liquidity/support measures",2678,429,0.2210604929051531,"[0.1974242347712591, 0.24457819998483035]",0.087290823401321,-1.874243778774512,0.863312120597115,True
ASTS,True,0.1509785179515791,0.024526061552524,0.1330841382074425,0.3550863221700411,0.2204088196095448,0.0253283199510937,0.1691859868806645,0.3879200150249164,0.1856936687805619,0.0249271907518088,0.1511350625440535,0.3715031685974788,61.88999938964844,5.758713098980639,1.2595099104751877,4.2209329823701704,6.820056590719813,49.1622089438744,61.65141522968742,65.56211128153357,-13.884191981853675,-9.847053147816986,0.8469051246175983,62.36000061035156,59.290000915527344,70.0999984741211,601635428.8771439,1729,0.7594138396157968,,61.6,2026-09-22 08:45:03-04:00,0.7619555499999999,premarket,-0.4685722935989234,,62.2,61.53,2026-09-21 16:00:01-04:00,"Vendor latest observation, no executable bid/ask or overnight-session venue feed; after-hours bar volumes and extremes may include late regular-session batches and are not reliable liquidity/support measures",2872,428,0.2155292479108635,"[0.19235334767963067, 0.2383569053455366]",0.0694303016579656,0.0565240341312036,-0.4685722935989234,True
COHR,True,0.1531274522654795,0.0193269557184582,0.1391521486642994,0.4286511907955257,0.2144572315272407,0.0247729042145661,0.1675857116702129,0.3931173267920149,0.1837923418963601,0.0220499299665122,0.1533689301672562,0.4108842587937703,321.5199890136719,1.3108154317252874,1.2335380767183586,22.5213493819156,7.004649835615022,57.10984057928763,295.4731025025083,303.82607662629727,7.015638595603546,11.052777429640235,0.300862094916989,332.8599853515625,316.6400146484375,318.45001220703125,1765466813.2331848,2512,3.5269957468829105,,315.1889,2026-09-22 08:45:06-04:00,0.7072782166666667,premarket,-1.9691121018925783,,323.0,320.01,2026-09-21 16:00:02-04:00,"Vendor latest observation, no executable bid/ask or overnight-session venue feed; after-hours bar volumes and extremes may include late regular-session batches and are not reliable liquidity/support measures",2887,425,0.2157949428472462,"[0.19385774769344358, 0.24036818214586805]",0.0613297792617611,1.156542002411229,-1.9691121018925783,True
INTC,True,0.1576985342624403,0.0183480762961207,0.138352076234756,0.3847351313397339,0.2020923961565348,0.0262061060430671,0.14864253008035,0.3497991217520707,0.1798954652094875,0.0222770911695939,0.143497303157553,0.3672671265459023,121.77999877929688,12.136280377864384,1.9435921210613132,6.576533974791887,5.400339990732473,70.91595084419507,101.36615375502784,100.1307480492569,31.16881119584305,35.20595002987974,0.6989792184699799,124.7300033569336,114.93000030517578,111.37000274658205,9541767295.77694,2512,2.422404834297165,,120.05,2026-09-22 08:45:22-04:00,0.4420585166666667,premarket,-1.4205935265545255,,123.85,121.26,2026-09-21 16:00:01-04:00,"Vendor latest observation, no executable bid/ask or overnight-session venue feed; after-hours bar volumes and extremes may include late regular-session batches and are not reliable liquidity/support measures",2972,427,0.2136608344549125,"[0.18988735798461648, 0.23776496883118642]",0.0443938618940945,3.104043117927482,-1.4205935265545255,True
ONTO,True,0.1447980508030733,0.0194693366402528,0.1381984558025049,0.3571455487493706,0.2071599673020064,0.0287882756948356,0.1509744812269093,0.3396397107079683,0.1759790090525398,0.0241288061675442,0.1445864685147071,0.3483926297286694,275.9800109863281,4.764081030816003,0.8889855151235155,17.287592612050577,6.264074180686584,51.0187258579764,269.36072726816616,279.4431053444128,-9.95197072309182,-5.914831889055128,0.8692220620464953,277.1400146484375,268.2699890136719,305.7349853515625,246575462.45628357,1733,0.4203216232812057,,275.0,2026-09-22 07:06:10-04:00,99.6413363,premarket,-0.3551021622274941,87026.0,277.0,275.98,2026-09-21 16:00:02-04:00,"Vendor latest observation, no executable bid/ask or overnight-session venue feed; after-hours bar volumes and extremes may include late regular-session batches and are not reliable liquidity/support measures",3075,428,0.2143089430894308,"[0.19194774525281824, 0.2376053755159127]",0.062361916498933,0.3828921624140943,-0.35510216222749413,True
MSTR,True,0.1524685279594526,0.0202537818999597,0.1321681650630071,0.3451383193412035,0.19139287918013,0.0225957949087314,0.1582586973008331,0.3221182979762481,0.1719307035697913,0.0214247884043456,0.1452134311819201,0.3336283086587258,168.5,9.472454524753449,1.5023544287771091,9.798260226268066,5.814991232206568,70.90371393983538,132.86524966319868,122.37351664224114,37.26265152235744,41.299790356394126,0.7972158011927947,169.52000427246094,164.49000549316406,154.02000427246094,3686981477.020302,2512,0.6053437818759333,,167.47,2026-09-22 08:45:21-04:00,0.4662814833333333,premarket,-0.6112759643916887,,170.4,168.0,2026-09-21 16:00:00-04:00,"Vendor latest observation, no executable bid/ask or overnight-session venue feed; after-hours bar volumes and extremes may include late regular-session batches and are not reliable liquidity/support measures",3154,429,0.2111604311984781,"[0.18853539379706336, 0.23228429287199848]",0.0389243512206774,3.6368446554693903,-0.6112759643916887,True
WULF,True,0.1429181916115655,0.0195058711868401,0.1308103740787022,0.3477010065150925,0.1999843173193478,0.0216834428984467,0.1706972360624099,0.35372049073548,0.1714512544654567,0.0205946570426434,0.150753805070556,0.3507107486252863,17.450000762939453,2.5867168026872056,0.842659098818945,1.2123016353767937,6.947287005004012,54.33971840529437,16.361581536498967,17.534284259968835,7.535753620466679,11.57289245450337,0.6400019327799479,17.719999313354492,16.969999313354492,18.079999923706055,470594403.6830759,2512,1.5472695622367194,,17.323,2026-09-22 08:45:12-04:00,0.6168475666666667,premarket,-0.7277980366005354,,17.62,17.3,2026-09-21 16:00:00-04:00,"Vendor latest observation, no executable bid/ask or overnight-session venue feed; after-hours bar volumes and extremes may include late regular-session batches and are not reliable liquidity/support measures",3180,429,0.2088050314465409,"[0.18648219626545956, 0.22991951665185148]",0.0570661257077823,0.897812223194928,-0.7277980366005354,True
IREN,True,0.1298867261462443,0.0164865116714635,0.1267282749561751,0.3628682497485894,0.2029347434773556,0.0250792616264064,0.1460348545772711,0.3577912699841395,0.1664107348117999,0.0207828866489349,0.1363815647667231,0.3603297598663645,47.22999954223633,1.1782331479538666,0.9921111460532056,3.10240824077274,6.56872384256187,60.12008863458088,43.06491687962309,42.89643165921372,8.737451275021924,12.774590109058614,0.3503580405752481,48.76900100708008,46.400001525878906,49.290000915527344,1713257687.8051567,1214,3.2585252588611,,46.7604,2026-09-22 08:45:22-04:00,0.4441601166666666,premarket,-0.9942823349307516,,47.48,47.21,2026-09-21 16:00:01-04:00,"Vendor latest observation, no executable bid/ask or overnight-session venue feed; after-hours bar volumes and extremes may include late regular-session batches and are not reliable liquidity/support measures",3336,428,0.2044364508393285,"[0.1832820419719403, 0.2258655025407687]",0.0730480173311113,1.3425321038909466,-0.9942823349307517,True
LITE,True,0.1265393910279372,0.0162756976051876,0.1242341393544197,0.3983054300225405,0.1941916791186434,0.0206572035931958,0.1609358576991495,0.4126254420282337,0.1603655350732903,0.0184664505991917,0.1425849985267846,0.4054654360253871,954.489990234375,2.533007247757002,1.079453265714832,66.15108465562528,6.930516331489437,55.91474367970884,900.366549650089,870.7630185190848,6.0908123879797715,10.127951222016463,0.2267019350338423,983.4500122070312,946.0,1026.760009765625,3962769387.2338862,2512,3.0340833606379736,,940.85,2026-09-22 08:45:07-04:00,0.6904659,premarket,-1.429034392600148,,962.92,952.965,2026-09-21 16:00:01-04:00,"Vendor latest observation, no executable bid/ask or overnight-session venue feed; after-hours bar volumes and extremes may include late regular-session batches and are not reliable liquidity/support measures",3499,428,0.1931980565875964,"[0.17263620498229423, 0.21290480200557266]",0.0676522880907062,0.8181791858145061,-1.429034392600148,True
WDC,True,0.1245744606825052,0.0158685355601969,0.1230771012460939,0.3429623912578326,0.1689696112205436,0.0208415242931328,0.1485957399800782,0.3473915103183375,0.1467720359515244,0.0183550299266648,0.1358364206130861,0.3451769507880851,448.1700134277344,1.5429645419140936,1.227299777819474,28.21686547813916,6.296018170053008,47.60904358580697,450.1199128286618,473.8630261421458,-6.458810611743937,-2.421671777707246,0.4710181009112041,460.489990234375,437.2000122070313,495.489990234375,2770713828.087769,2512,2.748951611557815,,441.91,2026-09-22 08:45:01-04:00,0.7900381,premarket,-1.3967943503975122,,449.51,445.66,2026-09-21 16:00:00-04:00,"Vendor latest observation, no executable bid/ask or overnight-session venue feed; after-hours bar volumes and extremes may include late regular-session batches and are not reliable liquidity/support measures",4020,429,0.1898009950248756,"[0.17107765034187689, 0.20859913691920062]",0.0443951505380383,-0.0691040400089131,-1.3967943503975122,True
CIEN,True,0.1207387889030686,0.016446669077798,0.1171665235833943,0.3269963417706798,0.167884181891453,0.0188698993968026,0.1607699850889807,0.3411242695441951,0.1443114853972608,0.0176582842373003,0.1389682543361875,0.3340603056574375,365.9599914550781,4.919725992735624,1.0853270065127183,25.75531037323767,7.037739363484261,50.759335103608215,356.22061108309975,384.2351622812646,-11.573968073236164,-7.536829239199472,0.8512542009510762,367.6199951171875,356.4599914550781,418.7200012207031,915161514.0963744,2512,0.4536024977782604,,362.938,2026-09-22 08:44:35-04:00,1.2255358666666667,premarket,-0.8257709929062274,,372.9554,362.653,2026-09-21 16:00:02-04:00,"Vendor latest observation, no executable bid/ask or overnight-session venue feed; after-hours bar volumes and extremes may include late regular-session batches and are not reliable liquidity/support measures",4129,429,0.1889077258416081,"[0.1704115636212823, 0.20721352434008594]",0.0471453929883843,0.3781503787311589,-0.8257709929062274,True
PL,True,0.1084648461282618,0.016413262264933,0.1141343009640815,0.2716478395796595,0.172319363713017,0.0250825879380523,0.1558239046461368,0.2875511189124276,0.1403921049206394,0.0207479251014927,0.1349791028051092,0.2795994792460435,17.06999969482422,3.9585847473210256,0.7892599549312257,1.1313079404426565,6.62746315564188,35.80735077558887,18.273979788829777,21.551749176877102,-27.455716699894207,-23.418577865857515,0.7264955592941821,17.229999542236328,16.645000457763672,22.959999084472656,201370676.05062485,1358,0.9373160531492176,,17.2,2026-09-22 08:45:09-04:00,0.6623637333333333,premarket,0.7615718072637057,,17.2682,17.0353,2026-09-21 16:00:03-04:00,"Vendor latest observation, no executable bid/ask or overnight-session venue feed; after-hours bar volumes and extremes may include late regular-session batches and are not reliable liquidity/support measures",4325,429,0.1852023121387283,"[0.16655488387301684, 0.2045071074862561]",0.0638545175847551,-1.0642372876252095,0.7615718072637057,True
ABCL,True,0.0970010464402236,0.011803165652515,0.1005779457017455,0.3600932979466978,0.1827388654595239,0.0183661470605114,0.1578853364541548,0.4815463697602991,0.1398699559498737,0.0150846563565132,0.1292316410779501,0.4208198338534984,12.65999984741211,0.2375275748168093,0.9241537281522152,0.7280435984711666,5.750739393729057,66.81546531523365,11.404388254497556,9.830134732043248,7.800318663427475,11.837457497464165,0.4893614430939675,12.899999618530272,12.43000030517578,13.18000030517578,55784201.54387474,1449,1.8957328120918104,,12.6928,2026-09-22 08:36:26-04:00,9.384893383333331,premarket,0.2590849366763237,,12.73,12.56,2026-09-21 16:00:01-04:00,"Vendor latest observation, no executable bid/ask or overnight-session venue feed; after-hours bar volumes and extremes may include late regular-session batches and are not reliable liquidity/support measures",4351,429,0.1847851068719834,"[0.16584119579660356, 0.20457201318061505]",0.0857378190193002,1.7246379139260877,0.2590849366763237,True
MRVL,True,0.1143476335984789,0.0129049012986553,0.1172106371898949,0.3524587789743175,0.1640108340814745,0.019340814440061,0.1359992843922752,0.331702270509734,0.1391792338399767,0.0161228578693582,0.1266049607910851,0.3420805247420257,257.3800048828125,5.375641712512791,0.9614042772602992,14.680320789820334,5.703753404039455,62.41676106504368,230.34455526982504,224.46449261405297,4.543696540915043,8.580835374951734,0.7652877824975236,261.17999267578125,244.9900054931641,254.6000061035156,5062410138.178406,2512,1.4764114231402337,,252.8922,2026-09-22 08:45:02-04:00,0.77294545,premarket,-1.7436493891030302,,259.7,256.01,2026-09-21 16:00:01-04:00,"Vendor latest observation, no executable bid/ask or overnight-session venue feed; after-hours bar volumes and extremes may include late regular-session batches and are not reliable liquidity/support measures",4403,429,0.1835112423347717,"[0.16470226307462849, 0.2033068034707704]",0.0496632004829955,1.8416116377875376,-1.7436493891030302,True
RKLB,True,0.1173386694975256,0.0173085851368717,0.1137671378269946,0.2959248734386708,0.1600582317152687,0.0203710849794594,0.1397934337553013,0.3220588276470484,0.1386984506063971,0.0188398350581656,0.126780285791148,0.3089918505428596,69.88999938964844,8.239119900833236,1.4387845537507788,4.011456113402214,5.739671123815119,53.96242171267098,66.48800324147983,72.30814114375741,-7.730125352495943,-3.6929865184592514,0.9746562341893508,70.01000213623047,65.2750015258789,74.94999694824219,1152153300.8047483,1461,0.1717023145371587,,71.11,2026-09-22 08:45:12-04:00,0.6117882666666666,premarket,1.7456011174787012,,71.9494,69.6,2026-09-21 16:00:00-04:00,"Vendor latest observation, no executable bid/ask or overnight-session venue feed; after-hours bar volumes and extremes may include late regular-session batches and are not reliable liquidity/support measures",4430,429,0.1826185101580135,"[0.16401523281191288, 0.2018389570205053]",0.0427195622177431,0.8480701401175971,1.7456011174787012,True
RDW,True,0.1146355897088006,0.0156560078846517,0.1137102398183042,0.3234530584116042,0.1556901158360012,0.0179540656583157,0.1402045087055319,0.3222907910719857,0.1351628527724009,0.0168050367714837,0.1269573742619181,0.322871924741795,11.600000381469728,8.007454643195278,1.178300202206115,0.7771049659138222,6.699180520331695,54.68269242744578,11.043834546858916,11.279412521261662,-7.531315708403352,-3.4941768743666612,0.8583692041121215,11.699000358581545,11.0,12.324999809265137,129232618.1592226,1427,0.8534480504842179,,11.7259,2026-09-22 08:45:17-04:00,0.528893,premarket,1.0853415033622804,,11.71,11.5125,2026-09-21 16:00:02-04:00,"Vendor latest observation, no executable bid/ask or overnight-session venue feed; after-hours bar volumes and extremes may include late regular-session batches and are not reliable liquidity/support measures",4587,429,0.1781120558098975,"[0.15982382307117837, 0.19656366067377046]",0.0410545261272006,0.7156894615347076,1.0853415033622804,True
TER,True,0.1097203150656581,0.0143511606854928,0.110977612661779,0.3260124495873105,0.1596816095515931,0.0197682813929071,0.1363308975998928,0.3189759473086438,0.1347009623086256,0.0170597210392,0.1236542551308359,0.3224941984479771,381.5400085449219,2.7108534447269683,1.3476963660706127,21.133649327890897,5.539038856891638,54.88359073628952,362.2379475728745,367.1916447015776,-2.454504802160251,1.5826340318764398,0.7554936023324019,384.989990234375,370.8800048828125,385.6799926757813,898034648.7843323,2512,0.9042254055112942,,376.11,2026-09-22 08:43:57-04:00,1.8582886666666667,premarket,-1.423181952956987,,384.0,379.23,2026-09-21 16:00:00-04:00,"Vendor latest observation, no executable bid/ask or overnight-session venue feed; after-hours bar volumes and extremes may include late regular-session batches and are not reliable liquidity/support measures",4615,429,0.1776814734561213,"[0.15969972672932914, 0.1956925922151242]",0.049961294485935,0.9133330771498002,-1.4231819529569867,True
LRCX,True,0.111223310568558,0.0151782841106576,0.1137095525634107,0.3025059430162206,0.1576187878488767,0.0213205428017784,0.1323263391453908,0.3044719419850363,0.1344210492087174,0.018249413456218,0.1230179458544008,0.3034889425006284,302.2799987792969,4.918265297345936,1.3362855248222432,15.943485137796328,5.274409554777428,51.35834963787428,295.3593669054189,305.8346237016205,-7.769623299228767,-3.732484465192076,0.7821083072195063,305.69000244140625,290.0400085449219,322.2099914550781,2498279349.9086,2512,1.1280943747121963,,297.6,2026-09-22 08:45:01-04:00,0.7910512,premarket,-1.548233028383017,,304.99,301.25,2026-09-21 16:00:00-04:00,"Vendor latest observation, no executable bid/ask or overnight-session venue feed; after-hours bar volumes and extremes may include late regular-session batches and are not reliable liquidity/support measures",4626,429,0.1766104626026805,"[0.15880563201080183, 0.19446691141706224]",0.0463954772803187,0.4340727145956087,-1.548233028383017,True
IOVA,True,0.0978600850402446,0.0108200874752157,0.0994125496458225,0.3818240722370757,0.1688907713921303,0.0251390522818112,0.1350434886831217,0.4150953473738867,0.1333754282161875,0.0179795698785134,0.1172280191644721,0.3984597098054812,10.1899995803833,-0.5853699474799967,0.9437501349047032,0.5551513036421645,5.448001241441487,74.34692433333595,8.826299147829912,7.371524835240699,18.882036404482538,22.91917523851923,0.262294569377392,10.640000343322754,10.029999732971191,10.979999542236328,123430917.54236698,2512,4.416101879000522,,10.2111,2026-09-22 08:44:56-04:00,0.8847538833333334,premarket,0.2070698771893919,,10.24,10.07,2026-09-21 16:00:01-04:00,"Vendor latest observation, no executable bid/ask or overnight-session venue feed; after-hours bar volumes and extremes may include late regular-session batches and are not reliable liquidity/support measures",4700,428,0.1746808510638298,"[0.15759062143770727, 0.19271720106907328]",0.0710306863518857,2.4564482216048127,0.20706987718939196,True
TSEM,True,0.1029732274700995,0.0135803282994992,0.1085555397513498,0.3142658410488696,0.1584425183752044,0.0189915062209427,0.1412153903351983,0.3068045145966746,0.130707872922652,0.016285917260221,0.1248854650432741,0.3105351778227721,233.82000732421875,4.570662317411456,1.2608698108836542,13.802412459255816,5.903007453129175,56.83807754190904,216.24826657054209,223.66574614079627,1.008016460939376,5.045155294976067,0.6120530121035874,240.0,224.07000732421875,229.7899932861328,378225496.6088104,2512,2.6430555479420414,,230.85,2026-09-22 08:44:46-04:00,1.0432017666666666,premarket,-1.2702109448232468,,235.0,231.0,2026-09-21 16:00:00-04:00,"Vendor latest observation, no executable bid/ask or overnight-session venue feed; after-hours bar volumes and extremes may include late regular-session batches and are not reliable liquidity/support measures",4867,428,0.1725909184302445,"[0.15590505937576327, 0.18999579675933576]",0.0554692909051049,1.2730919906608926,-1.2702109448232468,True
AMD,True,0.1056191499950287,0.0121456556234293,0.1041580483634551,0.3165906477488685,0.1460816427255336,0.018679303164938,0.1175314441355937,0.2999759441733359,0.1258503963602812,0.0154124793941836,0.1108447462495244,0.3082832959611022,615.52001953125,9.949628716069212,2.322561081336593,26.352247718000847,4.2812982326829,72.96287920422287,513.3544488073378,496.5089764672576,26.025200211129707,30.062339045166397,0.9660086144374282,616.6900024414062,582.27001953125,559.9099731445312,9483501083.739014,2512,0.1900803991797373,,606.0,2026-09-22 08:45:20-04:00,0.4725209,premarket,-1.5466628589107412,,620.0,607.49,2026-09-21 16:00:01-04:00,"Vendor latest observation, no executable bid/ask or overnight-session venue feed; after-hours bar volumes and extremes may include late regular-session batches and are not reliable liquidity/support measures",5180,428,0.1637065637065637,"[0.14830771788423136, 0.18020644547580925]",0.0404624927305048,3.876920550277172,-1.5466628589107412,True
TEM,True,0.0947264844125783,0.0108038760083477,0.1006693773489938,0.3501631741524761,0.1527021929679413,0.0141441211402045,0.1527401997721308,0.3452454434341109,0.1237143386902598,0.0124739985742761,0.1267047885605623,0.3477043087932935,78.02999877929688,0.2440935898576857,0.7325227133533843,4.811709371456856,6.166486539448097,67.9775621582262,66.81494577344121,60.77542141410127,3.3091208420378493,7.34625967607454,0.2880038758741515,80.25,77.13200378417969,81.83000183105469,525641986.24393463,568,2.8450612013749543,,78.15,2026-09-22 08:44:17-04:00,1.5343325833333334,premarket,0.1537885718062792,,78.4,77.5,2026-09-21 16:00:00-04:00,"Vendor latest observation, no executable bid/ask or overnight-session venue feed; after-hours bar volumes and extremes may include late regular-session batches and are not reliable liquidity/support measures",5315,428,0.161241768579492,"[0.14556398565175482, 0.17731679572402897]",0.0579757085553629,2.330783540748233,0.15378857180627925,True
AMAT,True,0.1018267273748505,0.0137910680879229,0.1074709964992806,0.2756343492681512,0.1397670853129407,0.0199999533663099,0.1248707718150627,0.2799371363546533,0.1207969063438956,0.0168955107271164,0.1161708841571717,0.2777857428114022,464.239990234375,4.424496161706015,1.4622467231848029,21.797383157023702,4.6952833912518255,49.74140767652605,456.0838032808082,483.1218510692973,-9.74074963028686,-5.703610796250169,0.7305982405708421,468.510009765625,452.6600036621094,503.5,2937201547.1884155,2512,0.91978709742222,,457.43,2026-09-22 08:45:21-04:00,0.4575710166666666,premarket,-1.4669115926305487,,466.91,461.95,2026-09-21 16:00:01-04:00,"Vendor latest observation, no executable bid/ask or overnight-session venue feed; after-hours bar volumes and extremes may include late regular-session batches and are not reliable liquidity/support measures",5533,428,0.1592264594252666,"[0.14325696802324533, 0.17556028625284936]",0.0379403579380902,0.3741819325196691,-1.4669115926305487,True
FN,True,0.0951314297555499,0.0133103489798279,0.1035518838006254,0.2652989573206386,0.1428968518877636,0.0195245533698209,0.1363849677715225,0.27493972976202,0.1190141408216567,0.0164174511748244,0.119968425786074,0.2701193435413293,401.5700073242187,3.3509252194823036,0.7708838821490468,24.492483704891104,6.0991815270497565,43.671484283034125,413.6862024403403,458.5346075078742,-12.075246563942542,-8.038107729905853,0.6714397393504153,405.7000122070313,393.1300048828125,453.94000244140625,353288870.5470276,2512,1.0284644787921238,,399.0,2026-09-22 08:01:12-04:00,44.610295066666666,premarket,-0.6399898591390007,,404.52,400.0,2026-09-21 16:00:02-04:00,"Vendor latest observation, no executable bid/ask or overnight-session venue feed; after-hours bar volumes and extremes may include late regular-session batches and are not reliable liquidity/support measures",5675,427,0.1587665198237885,"[0.14379238168442132, 0.17544479210094396]",0.0477654221322136,-0.4946903410086572,-0.6399898591390007,True
MTSI,True,0.0911205824460814,0.0120218108673129,0.0994217338590709,0.2782569445796181,0.1372479826654801,0.0174540382857878,0.1380930073024333,0.3024280805371712,0.1141842825557807,0.0147379245765503,0.1187573705807521,0.2903425125583946,279.1099853515625,1.178133898563849,1.1493401356387851,15.378753519602244,5.50992595274992,53.14918369010437,268.3627712206422,280.93872078128805,0.6513577290297778,4.688496563066469,0.2191758869596722,285.95001220703125,277.19000244140625,287.8399963378906,347117909.70306396,2512,2.450656448873789,,276.8,2026-09-22 08:25:51-04:00,19.959578516666667,premarket,-0.8276254784123416,,282.0,278.0,2026-09-21 16:00:01-04:00,"Vendor latest observation, no executable bid/ask or overnight-session venue feed; after-hours bar volumes and extremes may include late regular-session batches and are not reliable liquidity/support measures",6072,427,0.15332674571805,"[0.13882541749687208, 0.16933778822855666]",0.0461274002193987,0.6988351895504138,-0.8276254784123416,True
STX,True,0.0892280265042525,0.0104705028808922,0.1004510664735384,0.2872535320304505,0.1272012543510286,0.014570435551062,0.1317057563965255,0.3232971906176344,0.1082146404276405,0.0125204692159771,0.1160784114350319,0.3052753613240425,877.3300170898438,2.1588560109989663,1.1617233449448372,52.33479595839424,5.965234853355627,55.04151590877501,837.1248220712564,840.9609856865437,-0.8218427058197753,3.2152961282169157,0.2907680547954063,914.8200073242188,861.9600219726562,925.4400024414062,3001405930.693054,2512,4.273191330980741,,864.0,2026-09-22 08:45:18-04:00,0.5068509166666667,premarket,-1.5193845907678138,,879.65,871.0,2026-09-21 16:00:00-04:00,"Vendor latest observation, no executable bid/ask or overnight-session venue feed; after-hours bar volumes and extremes may include late regular-session batches and are not reliable liquidity/support measures",6568,427,0.144640682095006,"[0.1306084851778623, 0.1602335965158674]",0.037973227846776,0.7682306634108246,-1.5193845907678138,True
KLAC,True,0.089096710272653,0.0119388893901914,0.0984648899788623,0.2506875785822953,0.1252962534712141,0.0188979387776703,0.1168644593925808,0.2478669858711762,0.1071964818719336,0.0154184140839309,0.1076646746857215,0.2492772822267357,183.97000122070312,3.9437230978608406,1.0098151840156766,8.546542741341606,4.64561759234245,51.47161145310897,179.2880147393911,189.28610889682747,-4.04801131181467,-0.0108724777779789,0.7418086553075754,185.94000244140625,178.30999755859375,190.8699951171875,1692900356.021423,2512,1.070827421661957,,181.08,2026-09-22 08:44:41-04:00,1.1245313,premarket,-1.5709089533766265,,186.5,183.67,2026-09-21 16:00:01-04:00,"Vendor latest observation, no executable bid/ask or overnight-session venue feed; after-hours bar volumes and extremes may include late regular-session batches and are not reliable liquidity/support measures",6676,427,0.1433493109646494,"[0.12933564707733836, 0.15864352270834822]",0.0361995431985611,0.5478222742237262,-1.5709089533766263,True
ONDS,True,0.0823493884477606,0.0117619324023574,0.0963950872267199,0.2635528712586786,0.1304574109482173,0.0156361874579026,0.1364857677187963,0.3074413302822842,0.106403399697989,0.01369905993013,0.1164404274727581,0.2854971007704814,7.380000114440918,-0.1353146444565967,0.8489043456789632,0.4379430164036493,5.934187122120747,42.7672851652919,7.616140361363038,8.035254854581577,-19.30694271326846,-15.26980387923177,0.1212120336387018,7.670000076293945,7.340000152587891,8.84000015258789,462116682.6106334,1454,3.9295387175613423,,7.4091,2026-09-22 08:44:59-04:00,0.8293122333333333,premarket,0.3943073862849866,,7.42,7.37,2026-09-21 16:00:00-04:00,"Vendor latest observation, no executable bid/ask or overnight-session venue feed; after-hours bar volumes and extremes may include late regular-session batches and are not reliable liquidity/support measures",6729,427,0.142666072224699,"[0.12874532737561936, 0.15761810222046038]",0.0481080225004567,-0.539203133917475,0.3943073862849866,True
HIMS,True,0.0833039402545582,0.0116559457263175,0.0931894428859366,0.2349869027402907,0.1214442678425972,0.0140888180747943,0.1291446591611283,0.2637034627078926,0.1023741040485777,0.0128723819005559,0.1111670510235324,0.2493451827240916,29.350000381469727,4.858880391113463,0.8589973033807567,1.6402669347812238,5.588643657452266,51.42832327148895,28.735460624842027,29.48597162873413,-17.15140336308757,-13.114264529050878,0.8698889766537572,29.524999618530273,28.18000030517578,34.45600128173828,283891294.29442406,1764,0.5962495222692876,,29.4,2026-09-22 08:43:49-04:00,2.0012768333333333,premarket,0.1703564493370057,,29.45,29.19,2026-09-21 16:00:03-04:00,"Vendor latest observation, no executable bid/ask or overnight-session venue feed; after-hours bar volumes and extremes may include late regular-session batches and are not reliable liquidity/support measures",7109,426,0.1357434238289492,"[0.1226105535860646, 0.14925210790569443]",0.0381403275880389,0.3746583824843522,0.17035644933700578,True
CLS,True,0.079649666949041,0.0104355862425214,0.0890888613836902,0.2476963619758812,0.1217691137522735,0.0140519130819412,0.1232077782295752,0.2631193962657875,0.1007093903506573,0.0122437496622313,0.1061483198066327,0.2554078791208343,344.3999938964844,3.538462808795173,0.9552124750749243,19.52652262194612,5.669722116143581,57.38180558785021,322.980383248969,327.3180948622897,12.09842281600164,16.135561650038333,0.7583887531413661,348.0,333.1000061035156,353.9599914550781,657768128.5499573,2512,1.0452979579894215,,343.93,2026-09-22 08:40:49-04:00,4.993482533333333,premarket,-0.1364674520364928,,346.0,342.89,2026-09-21 16:02:22-04:00,"Vendor latest observation, no executable bid/ask or overnight-session venue feed; after-hours bar volumes and extremes may include late regular-session batches and are not reliable liquidity/support measures",7276,426,0.1341396371632765,"[0.12110215289828338, 0.14757909791198126]",0.0421194468032325,1.0969495727540126,-0.1364674520364928,True
VRT,True,0.0774043908640935,0.0107138200081798,0.0901089536310191,0.2407363682825533,0.1228609870457826,0.0146111760032517,0.130684964616998,0.2826363239239886,0.100132688954938,0.0126624980057158,0.1103969591240086,0.2616863461032709,250.86000061035156,0.5894387201975881,0.9096444798351212,14.278490403285756,5.691816299348507,45.903757232530694,255.98679560636697,269.6488067894774,-8.247295504091278,-4.210156670054587,0.4475922820376663,254.87600708007812,247.6060028076172,295.3399963378906,1360185166.6468048,2044,1.600895503450328,,249.5,2026-09-22 08:45:10-04:00,0.6437751166666666,premarket,-0.5421352973940197,,252.5887,250.7362,2026-09-21 16:00:03-04:00,"Vendor latest observation, no executable bid/ask or overnight-session venue feed; after-hours bar volumes and extremes may include late regular-session batches and are not reliable liquidity/support measures",7317,426,0.1327046603799371,"[0.11971531077568753, 0.1459408928537312]",0.045456596181689,-0.3590572148184239,-0.5421352973940197,True
PATH,True,0.07175057047759,0.0119183368209806,0.082917465173377,0.218275988519353,0.1235784705949647,0.0141498522607397,0.13151795066389,0.281161042481965,0.0976645205362773,0.0130340945408601,0.1072177079186335,0.249718515500659,13.59000015258789,1.4936505163337888,0.7657590500328739,0.8704065579260141,6.404757528720601,40.74168473262273,14.781645938674314,14.355927297750748,-21.12072236869481,-17.08358353465812,0.4285725963346248,13.789999961853027,13.4399995803833,18.829999923706055,972130982.7151252,1361,1.4716689258244875,,13.88,2026-09-22 08:44:49-04:00,0.9991766833333332,premarket,2.133920854716753,,13.6845,13.59,2026-09-21 16:00:03-04:00,"Vendor latest observation, no executable bid/ask or overnight-session venue feed; after-hours bar volumes and extremes may include late regular-session batches and are not reliable liquidity/support measures",7643,426,0.1297919665052989,"[0.11674607610444183, 0.14277570763694658]",0.0518279001173747,-1.369068023712794,2.133920854716753,True
APP,True,0.0797152182424907,0.0122808457801211,0.0854557253332454,0.2051990155159589,0.1154777149221233,0.0174648505044188,0.1130771087694027,0.2348073002761234,0.097596466582307,0.0148728481422699,0.0992664170513241,0.2200031578960412,330.1700134277344,7.1771784861276,1.2425478961968217,17.3570314828092,5.25699814547459,50.19022308947054,323.5769531139529,356.80750352575404,3.9427235758649815,7.979862409901672,0.7753820264310044,336.94000244140625,306.79998779296875,338.3399963378906,1520022674.7505188,1365,2.050455443663002,,331.6,2026-09-22 08:45:10-04:00,0.6484438833333334,premarket,0.433106131419958,,331.0,327.9689,2026-09-21 16:00:01-04:00,"Vendor latest observation, no executable bid/ask or overnight-session venue feed; after-hours bar volumes and extremes may include late regular-session batches and are not reliable liquidity/support measures",7662,426,0.1299921691464369,"[0.11693784069124821, 0.14319611706093507]",0.0357624966796326,0.3798495336205023,0.433106131419958,True
MU,True,0.0771922046387572,0.0086445056120458,0.0921091657597791,0.2689325526491661,0.1156321109130636,0.0150798586367394,0.1123092637697415,0.2825643978107165,0.0964121577759104,0.0118621821243926,0.1022092147647603,0.2757484752299414,1043.9599609375,2.7721966413599253,1.1298370870958534,49.21619379243942,4.714375611516954,61.24409971325162,967.9984657681638,940.6108371926206,3.946055822637873,7.983194656674564,0.3927811936989793,1064.489990234375,1030.6800537109375,1042.4000244140625,23895048353.41736,2512,1.9665533224510368,,1030.83,2026-09-22 08:45:20-04:00,0.4726697166666666,premarket,-1.2577073287091456,,1046.5669,1040.8,2026-09-21 16:00:01-04:00,"Vendor latest observation, no executable bid/ask or overnight-session venue feed; after-hours bar volumes and extremes may include late regular-session batches and are not reliable liquidity/support measures",7777,426,0.1296129612961296,"[0.1163191613155923, 0.1430349650541544]",0.0384399062743064,1.5434248225226512,-1.2577073287091456,True
CRWD,True,0.0700090233678458,0.010018192824923,0.0780034617627676,0.2420739612819075,0.1224036567778589,0.0134304759420053,0.1226634881860582,0.3366027007560042,0.0962063400728524,0.0117243343834642,0.1003334749744128,0.2893383310189559,249.3500061035156,4.923211658960769,1.051453240852224,13.32474565415681,5.343791990374025,64.6414192687544,223.75881729019812,208.41985893818153,25.866487145572425,29.903625979609117,0.9506684544392432,250.30999755859375,230.8500061035156,250.32000732421875,2804794000.0029755,1829,0.3849975663042793,,250.94,2026-09-22 08:45:22-04:00,0.4475074333333333,premarket,0.6376554471886786,,249.4,248.0,2026-09-21 16:00:01-04:00,"Vendor latest observation, no executable bid/ask or overnight-session venue feed; after-hours bar volumes and extremes may include late regular-session batches and are not reliable liquidity/support measures",7806,426,0.1287471176018447,"[0.11543618686737032, 0.14207119794016118]",0.0523946334100131,1.9205761578896652,0.6376554471886786,True
COIN,True,0.0804677718150104,0.0104853067830798,0.0902671548691815,0.23794393772225,0.1101707494710208,0.0136563986184804,0.1215459283898417,0.2865660001061448,0.0953192606430156,0.0120708527007801,0.1059065416295116,0.2622549689141974,201.0500030517578,3.5006450716899895,1.3097281954318425,12.683089879285522,6.308425608936906,60.44455486297109,178.86592147068075,172.63015019299883,3.770248763003981,7.807387597040671,0.052084471615304,208.3300018310547,200.6499938964844,196.2100067138672,2011236440.5152893,1366,3.620989141404163,,198.5,2026-09-22 08:45:10-04:00,0.6497545,premarket,-1.2683427073121425,,203.4,200.6,2026-09-21 16:00:01-04:00,"Vendor latest observation, no executable bid/ask or overnight-session venue feed; after-hours bar volumes and extremes may include late regular-session batches and are not reliable liquidity/support measures",7916,426,0.1277160181910055,"[0.11436941596308836, 0.14117450710486582]",0.0297029776560104,1.7491070229904233,-1.2683427073121423,True
HOOD,True,0.0733223166616846,0.0092005779691793,0.0847603038503917,0.2322406615841914,0.1124356663556699,0.0124881968447789,0.1198744461920418,0.2870127526022053,0.0928789915086773,0.0108443874069791,0.1023173750212167,0.2596267070931983,123.3000030517578,2.9043593438466075,1.1408754109463637,6.886477970659203,5.5851401461591665,62.31309585612609,111.29437662562054,105.23828807019758,9.992275929367755,14.029414763404446,0.3659538130590799,126.41000366210938,121.50499725341795,125.25,2772665410.049896,1292,2.5223037578077534,,122.61,2026-09-22 08:45:11-04:00,0.6332254333333334,premarket,-0.5596131668124671,,123.99,122.03,2026-09-21 16:00:01-04:00,"Vendor latest observation, no executable bid/ask or overnight-session venue feed; after-hours bar volumes and extremes may include late regular-session batches and are not reliable liquidity/support measures",8222,426,0.1239357820481634,"[0.11070174890296729, 0.13725787892435792]",0.0391133496939853,1.7433623511596072,-0.5596131668124671,True
SMMT,True,0.0591553993608013,0.0075805723734833,0.0694743606511905,0.209758383057243,0.1144453266203781,0.0130603058411832,0.1200325402086232,0.3306201438765624,0.0868003629905897,0.0103204391073332,0.0947534504299068,0.2701892634669027,16.899999618530273,-5.322133011972696,0.8706554252088937,0.9942466530395694,5.883116422969689,56.30196723808341,16.36759149299873,15.456968347663144,24.382312643796176,28.41945147783287,0.1460674879692424,18.420000076293945,16.639999389648438,18.829999923706055,106575901.33984087,2512,8.994085751913538,,16.95,2026-09-22 08:43:38-04:00,2.1851834666666665,premarket,0.2958602520612086,,16.99,16.6,2026-09-21 16:00:00-04:00,"Vendor latest observation, no executable bid/ask or overnight-session venue feed; after-hours bar volumes and extremes may include late regular-session batches and are not reliable liquidity/support measures",9138,426,0.1143576274896038,"[0.10250882816324015, 0.12734441388157403]",0.0552899272595767,0.5354889794236539,0.2958602520612086,True
RBRK,True,0.0669682901430205,0.0087089804425433,0.0773890657015275,0.2452572189473666,0.1037797266667433,0.0119411114858175,0.1114462201707916,0.2673004699539626,0.0853740084048819,0.0103250459641804,0.0944176429361596,0.2562788444506646,112.95999908447266,5.8569956457898975,0.8552283660771792,6.134925653729272,5.431060289883245,67.4288432415573,98.401488901072,91.25336755327078,8.821291795868213,12.858430629904904,0.9720664140585374,113.16000366210938,106.0,109.0,378911562.57987976,603,0.1770578782380738,,114.0,2026-09-22 08:44:56-04:00,0.8816242833333334,premarket,0.9206807046356458,,113.16,112.5199,2026-09-21 16:00:02-04:00,"Vendor latest observation, no executable bid/ask or overnight-session venue feed; after-hours bar volumes and extremes may include late regular-session batches and are not reliable liquidity/support measures",9413,426,0.111335387230426,"[0.10000734715107466, 0.12369511329035095]",0.0368114365237227,2.3730540523422468,0.9206807046356458,True
CAMT,True,0.0599727474510675,0.007591237204499,0.078333562692394,0.2166112621196307,0.0977501286793568,0.01347718653505,0.1077386468161258,0.224573206350253,0.0788614380652122,0.0105342118697745,0.0930361047542599,0.2205922342349419,149.6300048828125,0.3420129978036756,0.5466957871457809,7.763723098966492,5.188613811144963,53.70004022160957,144.16105425378348,148.53542442068422,-2.116283734850932,1.9208550991857587,0.3361124062221845,152.02000427246094,148.4199981689453,150.97999572753906,51114662.02293396,2512,1.5972728140457138,,148.34,2026-09-22 08:03:39-04:00,42.1581446,premarket,-0.8621298140187861,,150.04,146.64,2026-09-21 16:00:01-04:00,"Vendor latest observation, no executable bid/ask or overnight-session venue feed; after-hours bar volumes and extremes may include late regular-session batches and are not reliable liquidity/support measures",10503,426,0.1001618585166143,"[0.08863579108408932, 0.11205688444760277]",0.0377773812282892,0.7044237100312158,-0.8621298140187861,True
RBLX,True,0.0661366304435012,0.0087769421518556,0.0739713746202079,0.1632824852394256,0.0913347687105437,0.0123009901583386,0.1008145279871007,0.1784872929762536,0.0787356995770224,0.0105389661550971,0.0873929513036543,0.1708848891078396,51.25,7.172731758814765,0.9477956287401932,2.412567196129138,4.7074481875690495,68.34634255238646,45.19829884351333,44.62950085482486,29.530756466091113,33.5678953001278,0.8426676432291667,51.54499816894531,49.66999816894531,51.29999923706055,435993228.96032333,1390,0.5756061833079196,,51.5,2026-09-22 08:20:00-04:00,25.8175347,premarket,0.4878048780487809,,51.4,51.0,2026-09-21 16:00:02-04:00,"Vendor latest observation, no executable bid/ask or overnight-session venue feed; after-hours bar volumes and extremes may include late regular-session batches and are not reliable liquidity/support measures",10517,426,0.0997432727964248,"[0.08836612670106055, 0.11141119142439834]",0.0251981382670424,2.508407295845011,0.4878048780487809,True
NET,True,0.0613720294652761,0.0080165333091643,0.0725656468037907,0.214700723327724,0.0924063433272186,0.011926484044662,0.0986121757057718,0.244759622460647,0.0768891863962474,0.0099715086769131,0.0855889112547813,0.2297301728941855,351.6700134277344,8.674291345729923,1.2436110391002806,18.400063593914687,5.232195777674904,65.41152578764537,311.7010782723018,292.6385041193878,15.92942862673521,19.9665674607719,0.9745098488981262,352.45001220703125,321.8500061035156,338.0,950163366.869812,1764,0.221798489923608,,354.066,2026-09-22 08:43:36-04:00,2.21395745,premarket,0.6813167119117836,269283.0,353.0,350.0,2026-09-21 16:04:38-04:00,"Vendor latest observation, no executable bid/ask or overnight-session venue feed; after-hours bar volumes and extremes may include late regular-session batches and are not reliable liquidity/support measures",10811,426,0.0964758116732957,"[0.08554579592573483, 0.10787250088850679]",0.0310343138619425,2.172217229110621,0.6813167119117836,True
RDDT,True,0.0615533339538409,0.0094970340278614,0.0723421395499208,0.181153809150701,0.0917837438758197,0.0121062336524708,0.1024622159517132,0.2094935239989418,0.0766685389148303,0.0108016338401661,0.087402177750817,0.1953236665748214,158.72999572753906,5.223725094592346,1.1693932868361565,8.178223274709879,5.152285954034703,51.388415712721184,155.91399385853998,160.25705282818438,-0.4883080690356811,3.54883076500101,0.8118454981258806,160.35000610351562,151.74000549316406,166.17999267578125,718400917.6699066,627,1.020607584944,,160.7126,2026-09-22 08:44:57-04:00,0.8674005,premarket,1.249041974312215,583493.0,159.598,158.1344,2026-09-21 16:04:36-04:00,"Vendor latest observation, no executable bid/ask or overnight-session venue feed; after-hours bar volumes and extremes may include late regular-session batches and are not reliable liquidity/support measures",10839,426,0.0960420703016883,"[0.08522766757088113, 0.10732385570895507]",0.0302304099219788,0.3443292967687994,1.249041974312215,True
MDB,True,0.0595824627240928,0.0087162898867976,0.0743536765831419,0.1911531559669877,0.0922741852008884,0.0115310926007668,0.1086186627278262,0.2312979215864851,0.0759283239624906,0.0101236912437822,0.0914861696554841,0.2112255387767364,407.2999877929687,6.189381162134455,0.6319547512913934,21.77850905757969,5.347043876821755,54.71606210885789,390.3400837267737,381.06137756025976,-9.498689680695326,-5.4615508466586355,0.9891647075388376,407.6099853515625,379.0,457.8500061035156,776277421.2863159,2241,0.0761103775803073,,411.0,2026-09-22 08:44:05-04:00,1.7314848833333334,premarket,0.9084243353604028,,407.55,401.5944,2026-09-21 16:00:01-04:00,"Vendor latest observation, no executable bid/ask or overnight-session venue feed; after-hours bar volumes and extremes may include late regular-session batches and are not reliable liquidity/support measures",10936,425,0.0950073152889539,"[0.08501101799184795, 0.1057817700353849]",0.0326917224767956,0.7787449554675746,0.9084243353604027,True
VKTX,True,0.0662046478924547,0.0100311411043346,0.0741751841215856,0.2082451834915842,0.0841635818197147,0.0123618222339558,0.0923735328453095,0.2054470596438462,0.0751841148560847,0.0111964816691452,0.0832743584834476,0.2068461215677152,30.11000061035156,3.8634040982270745,2.5944395004142757,1.528240544855434,5.075524788697738,38.51253069671417,31.82197193316665,33.02793871027722,-15.190868097459042,-11.153729263422353,0.7423581149739301,30.700000762939453,28.40999984741211,34.99399948120117,62927107.982940674,2512,1.9594823667491212,,38.9,2026-09-22 08:45:26-04:00,0.3853276,premarket,29.19295653094909,,30.95,29.96,2026-09-21 16:00:00-04:00,"Vendor latest observation, no executable bid/ask or overnight-session venue feed; after-hours bar volumes and extremes may include late regular-session batches and are not reliable liquidity/support measures",11092,425,0.0940317345834835,"[0.08412391200067533, 0.10476814843699225]",0.0179589339272599,-1.1202237295549795,29.19295653094909,True
TEAM,True,0.0515616709519434,0.0075625029961075,0.0640720369865639,0.2075751971830549,0.0858545237991297,0.0194820502729192,0.0927688914916539,0.176067658078267,0.0687080973755365,0.0135222766345134,0.0784204642391089,0.1918214276306609,195.6699981689453,1.9008404412413915,0.8510569945828442,8.697799375296702,4.445136943164303,67.72593789830155,181.5319410699498,155.34456671193624,9.850295511694206,13.8874343457309,0.395248358775607,198.47000122070312,193.83999633789065,198.6000061035156,690276981.2384796,2512,1.4309823059027282,,198.61,2026-09-22 08:42:17-04:00,3.532082416666667,premarket,1.502530719357531,,196.69,195.0,2026-09-21 16:00:00-04:00,"Vendor latest observation, no executable bid/ask or overnight-session venue feed; after-hours bar volumes and extremes may include late regular-session batches and are not reliable liquidity/support measures",12244,425,0.0833061091146684,"[0.07388911823945916, 0.09382059794551037]",0.0342928528471862,1.6254751907879268,1.502530719357531,True
TWLO,True,0.0552516782587774,0.0072989608040224,0.0668528679705611,0.1962949374475214,0.0813907177691507,0.0119115861236322,0.0870026835363738,0.2169058534938989,0.0683211980139641,0.0096052734638273,0.0769277757534675,0.2066003954707102,266.05999755859375,9.112533445871907,1.7130754552748944,11.732130441423791,4.409580752115903,68.40291619309251,236.50141188320808,224.25909633980768,14.054292126784109,18.0914309608208,0.9811990505950856,266.4800109863281,244.13999938964844,249.4459991455078,413156747.7549744,2512,0.1578641778502865,,271.49,2026-09-22 08:44:50-04:00,0.9826550166666668,premarket,2.0408939679894544,425578.0,266.06,264.6882,2026-09-21 16:00:02-04:00,"Vendor latest observation, no executable bid/ask or overnight-session venue feed; after-hours bar volumes and extremes may include late regular-session batches and are not reliable liquidity/support measures",12318,425,0.082724468257834,"[0.07329963778119968, 0.09339256486983186]",0.0261390395103732,2.5194559353875112,2.0408939679894544,True
SHOP,True,0.0540658023554055,0.0088221282388352,0.065383168810097,0.1691659102039529,0.0801249272031462,0.011974187705194,0.0869829477056165,0.2147870782962563,0.0670953647792758,0.0103981579720146,0.0761830582578567,0.1919764942501046,137.9199981689453,7.330737874665605,2.0860323772084373,6.141240159065589,4.452755394865121,51.26455165747461,136.14780265527915,134.7742966962285,-11.62842984311856,-7.591291009081869,0.9905497752474638,138.02999877929688,126.38999938964844,156.49000549316406,1093309881.067772,2512,0.0797568241095891,,146.93,2026-09-22 08:45:24-04:00,0.41526235,premarket,6.532774036161082,,146.202,136.76,2026-09-21 16:00:00-04:00,"Vendor latest observation, no executable bid/ask or overnight-session venue feed; after-hours bar volumes and extremes may include late regular-session batches and are not reliable liquidity/support measures",12530,425,0.0799680766161213,"[0.0708374418053146, 0.09010129856202698]",0.0260591248477407,0.2885729051077865,6.532774036161082,True
UPST,True,0.0548662953024966,0.0075490507619761,0.0728462401802947,0.1777388621871301,0.0789302436946205,0.0125036728303982,0.0948536586357347,0.189415127818862,0.0668982694985586,0.0100263617961871,0.0838499494080147,0.183576995002996,25.579999923706055,2.319999694824215,1.1716399758528688,1.267791443974303,4.956182360264152,39.88990239586677,26.80796407429523,28.402630270188855,-19.614694715890856,-15.577555881854169,0.4615375586510049,25.93000030517578,25.280000686645508,31.799999237060547,108582205.11127472,1446,1.3682579457139354,,26.19,2026-09-22 08:42:22-04:00,3.4506024833333333,premarket,2.384675833124738,,25.79,25.5,2026-09-21 16:00:00-04:00,"Vendor latest observation, no executable bid/ask or overnight-session venue feed; after-hours bar volumes and extremes may include late regular-session batches and are not reliable liquidity/support measures",12562,425,0.0794459480974367,"[0.07041203937495231, 0.08964545431245341]",0.0240639483921239,-0.9685852956537752,2.3846758331247386,True
DDOG,True,0.053819340620473,0.0074830600300489,0.0689743463892691,0.1786842353420262,0.0799166168026863,0.0109597044235684,0.0954303279659228,0.2088556593528827,0.0668679787115796,0.0092213822268086,0.0822023371775959,0.1937699473474544,245.0500030517578,6.580551932544365,0.7970518916120595,12.416169863807598,5.066790332251144,56.957989555238456,231.12717038703772,234.0599757235938,-0.0349284401861105,4.00221039385058,0.9859287526973538,245.30999755859375,226.83299255371097,251.9900054931641,827499611.2952423,1760,0.1060985527843616,,247.95,2026-09-22 08:45:23-04:00,0.4304660166666666,premarket,1.1834306925634586,,245.7,243.48,2026-09-21 16:00:01-04:00,"Vendor latest observation, no executable bid/ask or overnight-session venue feed; after-hours bar volumes and extremes may include late regular-session batches and are not reliable liquidity/support measures",12566,425,0.0794206589208976,"[0.07038605452010614, 0.08959218722097063]",0.0260972761822133,1.1213468257473125,1.1834306925634586,True
S,True,0.0490467976507994,0.0068009829288968,0.0626598846531435,0.1829183483790338,0.0779832478363576,0.0108671973721375,0.0906357377762452,0.2087741182430033,0.0635150227435785,0.0088340901505171,0.0766478112146944,0.1958462333110185,23.799999237060547,5.730781852785394,0.8675474740992798,1.206661272276445,5.070005508224862,63.38753287662495,21.647654631646567,20.493194409729877,8.279985456772131,12.317124290808824,0.996539052476518,23.80500030517578,22.36000061035156,24.2549991607666,203525683.7053108,1312,0.0210128919140739,,24.1,2026-09-22 08:32:51-04:00,12.964669533333334,premarket,1.2605074477158196,,23.85,23.6688,2026-09-21 16:00:02-04:00,"Vendor latest observation, no executable bid/ask or overnight-session venue feed; after-hours bar volumes and extremes may include late regular-session batches and are not reliable liquidity/support measures",13256,425,0.0738533494266747,"[0.06522690433816988, 0.08354242787211821]",0.0289364501855582,1.7837189730581489,1.2605074477158196,True
PANW,True,0.0464922788656418,0.0063814391058476,0.0620378875355219,0.18312287873077,0.078037636213208,0.0098482509352642,0.0951981024654702,0.2257920680963463,0.0622649575394249,0.0081148450205559,0.0786179950004961,0.2044574734135582,371.760009765625,2.2498551888068485,0.7655142398762047,18.89931261234266,5.083740078514006,55.923400370480294,358.7192658243726,345.4951278641539,-0.1558370099234096,3.8813018241132817,0.835003677574707,374.55999755859375,357.5899963378906,387.3299865722656,2503157794.789276,2512,0.7531707874480542,,376.2821,2026-09-22 08:45:19-04:00,0.49770195,premarket,1.2164003969189483,,372.2099,368.0,2026-09-21 16:00:01-04:00,"Vendor latest observation, no executable bid/ask or overnight-session venue feed; after-hours bar volumes and extremes may include late regular-session batches and are not reliable liquidity/support measures",13542,425,0.0714074730468173,"[0.06293200440781968, 0.08101979595338449]",0.0315453573475661,0.6900115474430443,1.2164003969189485,True
RNG,True,0.0453873865619559,0.0063099629383386,0.0592724007738273,0.179207981657389,0.0755165943510646,0.0161730645678684,0.0775790851968296,0.1868434299151466,0.0604519904565102,0.0112415137531035,0.0684257429853285,0.1830257057862678,77.30000305175781,7.570278868913083,0.9818122524407726,3.3729743070771994,4.363485347883822,67.79388222157263,70.55288829531389,62.88589796442377,11.31877906999188,15.355917904028573,0.9186515955876676,77.70999908447266,72.66999816894531,77.94999694824219,104034103.9458847,2512,0.530395881666812,,77.79,2026-09-22 08:05:00-04:00,40.8157055,premarket,0.6338899468271819,216686.0,79.0,76.6915,2026-09-21 16:00:03-04:00,"Vendor latest observation, no executable bid/ask or overnight-session venue feed; after-hours bar volumes and extremes may include late regular-session batches and are not reliable liquidity/support measures",13953,425,0.0683723930337561,"[0.060249392004412296, 0.07762522233203462]",0.0301292077891087,2.000345731151013,0.6338899468271819,True
VERA,True,0.0455703136473341,0.0059950229373632,0.0619872622693319,0.1540192994746639,0.0714363215157123,0.0107186197884198,0.087640678353839,0.1685701412410414,0.0585033175815232,0.0083568213628915,0.0748139703115854,0.1612947203578527,34.25,0.7352941176470562,0.4533636897767332,2.078292002669503,6.0680058472102285,50.87215666991312,33.98272159661198,34.491373239698625,2.082143523045432,6.119282357082123,0.4511273451101531,34.97999954223633,33.650001525878906,37.13999938964844,93078954.11754608,1344,2.131385524777607,,34.31,2026-09-22 08:40:49-04:00,5.002131149999999,premarket,0.1751824817518343,,34.49,34.22,2026-09-21 16:00:00-04:00,"Vendor latest observation, no executable bid/ask or overnight-session venue feed; after-hours bar volumes and extremes may include late regular-session batches and are not reliable liquidity/support measures",14399,425,0.0639627751927217,"[0.056208859644003, 0.07295989301984893]",0.0258660078683782,0.1286048365892319,0.17518248175183437,True
AMPL,False,0.0443813994611004,0.0063075224655039,0.0592560463650779,0.1837536385252305,0.0713500024290401,0.0117597455490389,0.084438249384362,0.2014489868474833,0.0578657009450703,0.0090336340072714,0.0718471478747199,0.1926013126863569,13.43000030517578,1.7424280245004642,0.9412807851650284,0.6373772305298697,4.74592119170862,56.97360479020315,13.059273579295622,11.808966451114228,-2.9837126209095066,1.0534262131271843,0.6346158431130894,13.619999885559082,13.100000381469728,14.760000228881836,21826680.933966637,1250,1.4147399558142704,,13.58,2026-09-22 08:40:01-04:00,5.798891333333333,premarket,1.1169001594617312,,13.5306,13.43,2026-09-21 16:00:00-04:00,"Vendor latest observation, no executable bid/ask or overnight-session venue feed; after-hours bar volumes and extremes may include late regular-session batches and are not reliable liquidity/support measures",14529,425,0.0625645261201734,"[0.054973503737755815, 0.07114686068859721]",0.0269686029679397,0.5816441317992539,1.1169001594617312,True
MPWR,True,0.0477267082974907,0.0065512101638677,0.0641536559344441,0.1615618746738664,0.0663845064730375,0.010437139830996,0.0840128231736832,0.1707025034847077,0.0570556073852641,0.0084941749974319,0.0740832395540637,0.1661321890792871,1277.6800537109375,4.917063761036489,1.5728655113684098,52.53029274942538,4.111380826276078,53.787547803564074,1230.9864178045716,1291.0765877941035,-6.9696436754690065,-2.932504841432315,0.9076452094847892,1283.8299560546875,1217.239990234375,1337.699951171875,800076972.3822021,2512,0.4813335174082223,,1280.2522,2026-09-22 08:44:53-04:00,0.9260996333333332,premarket,0.2013138016510263,,1285.0,1265.1,2026-09-21 16:00:01-04:00,"Vendor latest observation, no executable bid/ask or overnight-session venue feed; after-hours bar volumes and extremes may include late regular-session batches and are not reliable liquidity/support measures",14742,425,0.0611857278523945,"[0.05377560537957255, 0.06979452125940958]",0.0186577981755467,0.8888896951155231,0.2013138016510263,True
ORCL,True,0.0437536577951194,0.0057594565062507,0.0618252546035963,0.1612244165790126,0.0700828352198402,0.0101143119139504,0.0891200085243311,0.1846564702414337,0.0569182465074798,0.0079368842101006,0.0754726315639637,0.1729404434102232,148.55999755859375,0.6435857626949648,0.7366774262510987,7.374301716281105,4.963854225544529,50.48292525453533,148.43808249664772,149.056759755959,-2.6102279850763077,1.4269108489603832,0.628271958521572,149.97999572753906,146.16000366210938,170.6999969482422,4544479211.758347,2512,0.9558415403078112,,151.2,2026-09-22 08:45:20-04:00,0.4797234833333333,premarket,1.7770614464132528,1433046.0,149.25,148.3,2026-09-21 16:04:31-04:00,"Vendor latest observation, no executable bid/ask or overnight-session venue feed; after-hours bar volumes and extremes may include late regular-session batches and are not reliable liquidity/support measures",14764,425,0.0609590896775941,"[0.0535623561113347, 0.06959201115214454]",0.0263291774247208,0.0165324211886883,1.7770614464132528,True
SOFI,True,0.0445940527700636,0.0061334031933864,0.0627378809999097,0.1685372462928569,0.0677148969026783,0.0107117490534344,0.0861846878946892,0.2020475609337492,0.0561544748363709,0.0084225761234104,0.0744612844472994,0.185292403613303,16.969999313354492,0.0589636168730089,1.6171124954334015,0.7141390771244274,4.208244584679727,43.86898558065657,17.495908413693357,17.643811522719,-14.296263898615225,-10.259125064578534,0.2028975091151844,17.520000457763672,16.829999923706055,19.4950008392334,708983038.5905838,1435,3.24102042818799,,18.008,2026-09-22 08:45:25-04:00,0.4004648833333333,premarket,6.116680781646555,,17.01,16.95,2026-09-21 16:00:00-04:00,"Vendor latest observation, no executable bid/ask or overnight-session venue feed; after-hours bar volumes and extremes may include late regular-session batches and are not reliable liquidity/support measures",14948,425,0.0595397377575595,"[0.052146991029734975, 0.06794635259036089]",0.0231208441326146,-0.7364239224332958,6.116680781646555,True
ZS,True,0.0438257532564978,0.0060777244523844,0.0579252305484394,0.162345845503144,0.0682138754858489,0.0105315373876239,0.0818859909295546,0.1658977244213399,0.0560198143711733,0.0083046309200042,0.069905610738997,0.1641217849622419,207.1300048828125,4.976943614477802,0.7044994043417179,10.009454122266805,4.832450097188879,67.61677363917285,183.06963554692337,171.63279830642853,9.930238781647848,13.96737761568454,0.9541084108602866,207.75,194.2400054931641,199.7599945068359,649560917.6757812,2140,0.2993265594418703,,153.76,2026-09-22 08:44:22-04:00,1.4478591666666667,premarket,-25.766428631625605,,208.0,206.0,2026-09-21 16:00:00-04:00,"Vendor latest observation, no executable bid/ask or overnight-session venue feed; after-hours bar volumes and extremes may include late regular-session batches and are not reliable liquidity/support measures",14956,425,0.0593741642150307,"[0.05208668027535502, 0.06778294292237846]",0.024388122229351,2.403764385348949,-25.766428631625605,True
KGS,True,0.0411315246328446,0.0056894110530513,0.059499715347065,0.1727982510588981,0.0678551560625961,0.0111374348683804,0.0881725868378891,0.2171329378230551,0.0544933403477203,0.0084134229607158,0.0738361510924771,0.1949655944409766,56.2400016784668,-4.2397375841605855,0.9830330866540328,2.7356139708042937,4.864178323543164,39.71497139847045,59.89282673277591,61.396363660248745,-12.530463734402089,-8.493324900365396,0.0,59.029998779296875,56.2400016784668,65.16999816894531,114941535.39388657,810,4.9608766315139,,57.54,2026-09-22 04:18:14-04:00,267.5783176833333,premarket,2.311518994905981,,58.3539,56.24,2026-09-21 16:00:02-04:00,"Vendor latest observation, no executable bid/ask or overnight-session venue feed; after-hours bar volumes and extremes may include late regular-session batches and are not reliable liquidity/support measures",15230,425,0.0573210768220617,"[0.05035256677222847, 0.06548730055950272]",0.0267236314297515,-1.3352852753691524,2.311518994905981,True
AFRM,True,0.0431972293130367,0.0054514992040376,0.0632209361964042,0.1645462337313842,0.0653150720791282,0.0098718146866082,0.0868726341573186,0.1790161290917934,0.0542561506960824,0.0076616569453229,0.0750467851768614,0.1717811814115888,71.05000305175781,-0.2246819755257201,0.6805247820330472,3.5585770063512747,5.0085529254079795,45.3714228622353,72.52147721376349,73.46508427658345,-11.800342549867835,-7.763203715831146,0.3237183484331634,73.16000366210938,70.04000091552734,90.44000244140624,437764673.7085724,1428,2.969740351473993,,72.69,2026-09-22 08:45:20-04:00,0.4836541833333333,premarket,2.3082292439136065,,71.48,71.0,2026-09-21 16:00:01-04:00,"Vendor latest observation, no executable bid/ask or overnight-session venue feed; after-hours bar volumes and extremes may include late regular-session batches and are not reliable liquidity/support measures",15281,425,0.0571297689941757,"[0.050237162886071524, 0.06528365808646672]",0.0221178427660915,-0.4135007221649048,2.3082292439136065,True
QCOM,True,0.0442127488174101,0.0056572353513225,0.0586274357341019,0.1531683674159568,0.0641429157249045,0.0106137516828546,0.0755437983522726,0.1552277872705186,0.0541778322711573,0.0081354935170886,0.0670856170431873,0.1541980773432377,194.22999572753903,9.28989106090139,1.3105763718435155,8.92196816659635,4.593506854168839,65.86808856003788,176.69666292929475,174.06988345356862,17.447834375253812,21.4849732092905,0.9328357146720642,195.30999755859375,179.22999572753906,192.1199951171875,2440001170.9106445,2512,0.5560427610623364,,192.1415,2026-09-22 08:45:17-04:00,0.5258100333333333,premarket,-1.0752694091950343,,195.88,193.2,2026-09-21 16:00:00-04:00,"Vendor latest observation, no executable bid/ask or overnight-session venue feed; after-hours bar volumes and extremes may include late regular-session batches and are not reliable liquidity/support measures",15302,425,0.0570513658345314,"[0.05017809846464227, 0.06519897213924365]",0.0199301669074944,1.965186657344138,-1.0752694091950343,True
CDNA,True,0.0387091553923119,0.0049624660367963,0.0545285176969211,0.1728993926948303,0.068750508803728,0.0123950880124606,0.0754176209954572,0.2075240456561623,0.0537298320980199,0.0086787770246284,0.0649730693461891,0.1902117191754963,54.33000183105469,0.9288500520012066,0.6872935407674344,2.1066782741391665,3.877559733368171,71.34505988044741,50.90144197477843,45.2132991784451,7.729989635171841,11.767128469208531,0.6102951901176946,54.86000061035156,53.5,55.15999984741211,56689001.88875198,2512,0.9755176908422758,,54.25,2026-09-22 08:05:00-04:00,40.81837155,premarket,-0.1472516627248787,,55.3042,54.33,2026-09-21 16:00:00-04:00,"Vendor latest observation, no executable bid/ask or overnight-session venue feed; after-hours bar volumes and extremes may include late regular-session batches and are not reliable liquidity/support measures",15379,425,0.0567006957539501,"[0.04971545144966297, 0.06479463912616246]",0.030041353411416,1.627471977265841,-0.14725166272487877,True
GEV,True,0.0443599526275621,0.0059952831398519,0.0631149188756602,0.1760438374343759,0.0623592031765242,0.0100142059128655,0.0861779697699531,0.1855803684228665,0.0533595779020432,0.0080047445263587,0.0746464443228067,0.1808121029286212,946.219970703125,0.6263709023678343,1.153205782256218,40.52041912066975,4.282346639815634,49.68091786478297,939.5683652228496,968.484296163437,-5.14807630114621,-1.1109374671095185,0.0458971961635028,962.8499755859376,945.4199829101562,983.3400268554688,2081884005.451355,623,1.7575199634028982,,938.5,2026-09-22 08:37:43-04:00,8.094429100000001,premarket,-0.8158748432870566,,950.0,946.1,2026-09-21 16:00:02-04:00,"Vendor latest observation, no executable bid/ask or overnight-session venue feed; after-hours bar volumes and extremes may include late regular-session batches and are not reliable liquidity/support measures",15441,425,0.0561492131338643,"[0.049272280611680826, 0.06416174477702097]",0.017999250548962,0.164154409668541,-0.8158748432870566,True
PLTR,True,0.042074246726394,0.0058880713720776,0.0587965004026992,0.1613987280997674,0.0643839330281163,0.0105654632846631,0.0825786077881192,0.169403104574899,0.0532290898772552,0.0082267673283703,0.0706875540954092,0.1654009163373332,183.08999633789065,3.0680009946902675,0.7606722374527344,7.045330435168944,3.8480149522570657,61.13127792903285,173.65047894442282,163.30151011842992,-2.2865587219184302,1.7505801121182607,0.9561921313636772,183.3800048828125,176.75999450683594,188.3699951171875,5093865385.1527405,1500,0.1583967178560019,,184.25,2026-09-22 08:45:23-04:00,0.4295797333333333,premarket,0.6335702033488433,,187.035,182.16,2026-09-21 16:00:01-04:00,"Vendor latest observation, no executable bid/ask or overnight-session venue feed; after-hours bar volumes and extremes may include late regular-session batches and are not reliable liquidity/support measures",15481,425,0.0559395387894838,"[0.04899972946550428, 0.06408225676593322]",0.0223096863017222,1.3398260706620009,0.6335702033488433,True
SNOW,True,0.0387920333621604,0.0052744378586435,0.0552021659776458,0.1547511556522672,0.0636567807463591,0.0095817716298204,0.0823970059536602,0.187989820152421,0.0512244070542597,0.0074281047442319,0.068799585965653,0.1713704879023441,339.3900146484375,2.093680511988083,0.6661275503481091,15.584963059016774,4.592051146572683,56.964712318908475,329.21683077641865,308.748167153399,-2.050836804651679,1.986302029385012,0.986539979517998,339.5299987792969,329.1300048828125,384.55999755859375,1840998882.2781372,1510,0.0412458012367888,,345.22,2026-09-22 08:44:34-04:00,1.24698195,premarket,1.71778340550226,,339.39,336.66,2026-09-21 16:00:03-04:00,"Vendor latest observation, no executable bid/ask or overnight-session venue feed; after-hours bar volumes and extremes may include late regular-session batches and are not reliable liquidity/support measures",15913,425,0.0525356626657449,"[0.045878209828901374, 0.06037965678042906]",0.0248647473841986,0.6527563673712462,1.71778340550226,True
DUOL,True,0.0364290522886626,0.0055478920467382,0.0510365482784988,0.128286555294647,0.0619729164671304,0.0123330851062199,0.0647048435512224,0.1460714222032998,0.0492009843778965,0.0089404885764791,0.0578706959148606,0.1371789887489734,149.4199981689453,5.299509933697921,1.1045046324234142,7.607546657251749,5.091384520464318,53.509354311765954,146.64836808023293,140.21250373194175,-1.7857235351929068,2.251415298843784,0.7921918815169747,151.39999389648438,141.8719940185547,167.3800048828125,168087785.64826965,1293,1.3251209689484345,,149.6589,2026-09-22 08:42:08-04:00,3.6844673,premarket,0.1598861156353104,,149.845,146.5,2026-09-21 16:00:01-04:00,"Vendor latest observation, no executable bid/ask or overnight-session venue feed; after-hours bar volumes and extremes may include late regular-session batches and are not reliable liquidity/support measures",16280,425,0.0495085995085995,"[0.04311694753662367, 0.057010794622047486]",0.0255438641784677,0.3643264002949468,0.1598861156353104,True
CRM,True,0.03093899018678,0.0051844917503467,0.0467669026467749,0.1172884800512451,0.0596204825354809,0.0109085055372851,0.0732727670494823,0.1547362273881356,0.0452797363611305,0.0080464986438159,0.0600198348481286,0.1360123537196904,236.4199981689453,-0.6304640263719463,0.6294169203388811,9.312336406001492,3.938895388767795,52.44954269961613,238.7437513316191,217.33561557137412,9.189388233051645,13.226527067088334,0.0333984855116344,241.33999633789065,236.25,268.2699890136719,4134735612.5237274,2512,2.0810414546359457,,240.21,2026-09-22 08:43:23-04:00,2.4300183333333334,premarket,1.6030800526215971,,238.0,236.13,2026-09-21 16:00:03-04:00,"Vendor latest observation, no executable bid/ask or overnight-session venue feed; after-hours bar volumes and extremes may include late regular-session batches and are not reliable liquidity/support measures",16589,425,0.0426186026885285,"[0.037228564748240815, 0.04930911494562665]",0.0286814923487008,-0.2495349245734093,1.6030800526215971,True
NOW,True,0.0320830119562039,0.0047754251811274,0.048068862986606,0.1257437393571066,0.0559979287228452,0.0103375385306417,0.0671599192924144,0.1426582200195219,0.0440404703395245,0.0075564818558846,0.0576143911395102,0.1342009796883142,137.67999267578125,1.6313511738127673,0.6944779604880957,6.199243778759858,4.5026467958625505,54.98481274147189,135.24917213671088,126.44794498073496,3.123506600410675,7.160645434447366,0.4537431016287214,140.16000366210938,135.6199951171875,149.60000610351562,2163041980.054474,2512,1.8012864019888664,,141.1244,2026-09-22 08:45:23-04:00,0.43016705,premarket,2.5017486254011567,,137.9,137.13,2026-09-21 16:00:03-04:00,"Vendor latest observation, no executable bid/ask or overnight-session venue feed; after-hours bar volumes and extremes may include late regular-session batches and are not reliable liquidity/support measures",16546,425,0.0412788589387163,"[0.03592254350290534, 0.0477329991042585]",0.0239149167666412,0.3921156556867403,2.5017486254011567,True
SE,True,0.032363472076327,0.0047548870312808,0.0514723925369516,0.121280868473346,0.0509620427872767,0.0099245311542712,0.0671190209643293,0.1282115986306254,0.0416627574318018,0.007339709092776,0.0592957067506405,0.1247462335519857,102.6500015258789,0.8448772989650077,0.7020183618922595,4.092394465633778,3.986745645202988,38.271699096506914,108.62415140496972,108.75538286344162,-16.697733922921444,-12.660595088884753,0.7704416171435837,103.37999725341795,100.1999969482422,123.7300033569336,401004633.53523254,2240,0.7111502354483878,,104.2967,2026-09-22 08:06:26-04:00,39.387256216666664,premarket,1.6041874813863988,,102.91,102.4058,2026-09-21 16:00:02-04:00,"Vendor latest observation, no executable bid/ask or overnight-session venue feed; after-hours bar volumes and extremes may include late regular-session batches and are not reliable liquidity/support measures",16331,425,0.0383932398505909,"[0.033399731424378264, 0.04436843843749345]",0.0185985707109497,-1.4598177006784745,1.6041874813863988,True
ASML,True,0.0341012798671886,0.0044885030719699,0.0533469061520951,0.1353569697596107,0.0485764888339597,0.0089831785822223,0.0677336290495288,0.1359788664783123,0.0413388843505742,0.0067358408270961,0.060540267600812,0.1356679181189615,1711.3199462890625,1.869130763509852,1.0460803820135296,55.05851479379111,3.21731274816165,51.85483429888525,1684.4933269869916,1704.5885279385934,-7.010336048295507,-2.973197214258816,0.7566310313378628,1722.3299560546875,1677.0899658203125,1790.0,2111600883.703003,2512,0.6433636088622574,,1699.3792,2026-09-22 08:45:03-04:00,0.7592897333333333,premarket,-0.6977506640389208,,1719.0,1708.6619,2026-09-21 16:00:01-04:00,"Vendor latest observation, no executable bid/ask or overnight-session venue feed; after-hours bar volumes and extremes may include late regular-session batches and are not reliable liquidity/support measures",16297,425,0.0379824507578081,"[0.032979730998924546, 0.04395728419824356]",0.0144752089667711,0.4872383391114661,-0.6977506640389208,True
MLKN,False,0.0354415182697635,0.0047839058468514,0.0520599445033186,0.1601848367563599,0.0466756479048317,0.0093657310935846,0.0574717973819658,0.1477906626540137,0.0410585830872976,0.007074818470218,0.0547658709426422,0.1539877497051868,20.31999969482422,-1.645692909482177,2.096989010091106,0.8353079963736251,4.110767760426637,34.08046946236922,21.655363883621128,21.50501552980708,-15.092542797913945,-11.055403963877254,0.6309519484471006,20.940000534057617,19.260000228881836,23.799999237060547,13425749.449806212,2512,3.051185278272039,,20.31,2026-09-22 08:45:21-04:00,0.4692251,premarket,-0.0492110973149606,,20.32,19.5,2026-09-21 16:00:01-04:00,"Vendor latest observation, no executable bid/ask or overnight-session venue feed; after-hours bar volumes and extremes may include late regular-session batches and are not reliable liquidity/support measures",16256,425,0.0377706692913385,"[0.032782915914579026, 0.04374668006121398]",0.0112341296350681,-1.5986488751385228,-0.04921109731496065,True
ETN,True,0.0329100640378676,0.0042562131976766,0.051036151440005,0.1316521208942407,0.0481365367846485,0.0088078577887534,0.0664292131119745,0.130838584097323,0.0405233004112581,0.006532035493215,0.0587326822759897,0.1312453524957818,435.4299926757813,2.50959435407907,1.0668189883571133,15.427414374259692,3.5430297944006948,58.35283082772531,413.3312260746123,413.52053521735024,-0.1654833006073497,3.871655533429341,0.7680316181804537,438.260009765625,426.05999755859375,430.25,839511393.2847595,2512,0.6499361866308062,,431.92,2026-09-22 08:11:53-04:00,33.9279061,premarket,-0.8060980490139924,,436.9,434.5705,2026-09-21 16:00:03-04:00,"Vendor latest observation, no executable bid/ask or overnight-session venue feed; after-hours bar volumes and extremes may include late regular-session batches and are not reliable liquidity/support measures",16167,425,0.0374219088266221,"[0.032484960981258026, 0.043334022091235665]",0.0152264727467809,1.432434889286456,-0.8060980490139924,True
WDAY,True,0.0297224712298589,0.004317740115543,0.0479849960609558,0.1284471244327151,0.0502850312398875,0.0108207618648477,0.0639201730347445,0.1402921348660226,0.0400037512348732,0.0075692509901954,0.0559525845478501,0.1343696296493688,191.9199981689453,-1.005827099270051,0.5379152494387578,8.640296955814595,4.5020305534854295,52.33960306459562,191.26196534452603,178.75364968268445,-8.081934874273633,-4.0447960402369425,0.055901484493222,196.47999572753903,191.6499938964844,211.8300018310547,736664714.2338562,2512,2.375988746404434,,195.25,2026-09-22 08:42:26-04:00,3.3798678499999997,premarket,1.735098928108214,,194.0,191.66,2026-09-21 16:00:00-04:00,"Vendor latest observation, no executable bid/ask or overnight-session venue feed; after-hours bar volumes and extremes may include late regular-session batches and are not reliable liquidity/support measures",16110,425,0.036933581626319,"[0.032095758589170326, 0.04276824042719015]",0.0205625600100285,0.0761585889679924,1.735098928108214,True
CEG,True,0.0304837640021881,0.004468507145929,0.0482004722267507,0.115752982258067,0.0457739359548371,0.0090174911515327,0.0627115799228552,0.123007611960073,0.0381288499785126,0.0067429991487309,0.0554560260748029,0.11938029710907,262.1099853515625,2.905256347469765,1.2114321153547989,10.273979486773651,3.9197207511928194,42.456927026237665,272.5847714033364,272.5563091271851,-7.983935718577628,-3.946796884540938,0.7555542479762163,265.8500061035156,250.5500030517578,305.79998779296875,774509262.9042816,1172,1.426889840513601,,263.33,2026-09-22 08:45:08-04:00,0.6780427,premarket,0.4654590502537026,,265.0,262.0,2026-09-21 16:00:01-04:00,"Vendor latest observation, no executable bid/ask or overnight-session venue feed; after-hours bar volumes and extremes may include late regular-session batches and are not reliable liquidity/support measures",15769,425,0.0358932081932906,"[0.031108414714642537, 0.041597298889102456]",0.0152901719526489,-1.0195451592305345,0.4654590502537026,True
KBH,True,0.0295985528524206,0.0041782857455567,0.0493443542369325,0.1161224471308921,0.0416836334881272,0.0097618482512226,0.0567394152162903,0.1042886910513378,0.0356410931702739,0.0069700669983897,0.0530418847266114,0.1102055690911149,47.86000061035156,1.5704620017851,1.197217580538608,1.711663955532135,3.5763976884737474,34.387176985239634,50.788164980819865,52.996108581397955,-17.60043749107997,-13.563298657043276,0.5213688589798766,48.41999816894531,47.25,57.18000030517578,64964899.389419556,2512,1.1700742821817434,,48.55,2026-09-22 07:51:13-04:00,54.60284516666666,premarket,1.441703679166273,,48.2,47.5,2026-09-21 16:02:46-04:00,"Vendor latest observation, no executable bid/ask or overnight-session venue feed; after-hours bar volumes and extremes may include late regular-session batches and are not reliable liquidity/support measures",15080,425,0.0337533156498673,"[0.029004117283671076, 0.0393852382692705]",0.0120850806357065,-1.7107121763033053,1.441703679166273,True
AVGO,True,0.0303730487201853,0.0040485814550912,0.049219463595601,0.1188437253120818,0.040570350343076,0.0084199046676267,0.0603141345179459,0.1121368187267073,0.0354716995316306,0.0062342430613589,0.0547667990567735,0.1154902720193946,362.6600036621094,1.5968210285405515,0.984148876722202,12.067156233326704,3.3274020050387696,48.999886629498505,360.4549274914951,372.7029590539734,-5.429355936993396,-1.3922171029567054,0.874880859039119,363.9700012207031,353.5,376.5899963378906,9628918458.44986,2512,0.3612191985235435,,361.98,2026-09-22 08:45:19-04:00,0.4890346666666667,premarket,-0.1875044546524984,,364.5,357.61,2026-09-21 16:00:01-04:00,"Vendor latest observation, no executable bid/ask or overnight-session venue feed; after-hours bar volumes and extremes may include late regular-session batches and are not reliable liquidity/support measures",15031,425,0.0336637615594438,"[0.02893443679053998, 0.03923894474459567]",0.0101973016228906,0.1827337052721981,-0.18750445465249843,True
THO,False,0.0298892448767052,0.0044337959396394,0.0461324387567972,0.1138126492618089,0.0392657847507852,0.0093784172106927,0.0515007083959363,0.1013107809827792,0.0345775148137452,0.006906106575166,0.0488165735763667,0.1075617151222941,69.94000244140625,3.202015502182931,2.085784991738503,2.471362044337133,3.5335458365297745,38.01505758925205,73.12598221584916,75.22000082275156,-16.051223220766865,-12.014084386730172,0.9194135713626976,70.16000366210938,67.43000030517578,80.5199966430664,49084638.10379028,2512,0.3145570675200382,,70.0,2026-09-22 07:36:46-04:00,69.05241873333333,premarket,0.0857843244200795,156850.0,71.87,69.94,2026-09-21 16:04:51-04:00,"Vendor latest observation, no executable bid/ask or overnight-session venue feed; after-hours bar volumes and extremes may include late regular-session batches and are not reliable liquidity/support measures",14771,425,0.0324284070137431,"[0.02776422217003838, 0.037774293196991736]",0.0093765398740799,-1.289159466434006,0.08578432442007955,True
VST,True,0.0281565378766594,0.0038313664093349,0.046199445057553,0.111017680361633,0.0406576454932932,0.0086078280400318,0.0581500774450835,0.1123935254753264,0.0344070916849763,0.0062195972246834,0.0521747612513183,0.1117056029184797,140.77999877929688,0.2420936570636023,1.0166650833932716,4.928089634552419,3.5005609300212215,45.562828246771026,143.12564646120302,145.9416512250034,-0.5127700682827641,3.524368765753927,0.5243550001967463,142.44000244140625,138.9499969482422,154.89999389648438,629905771.7717743,2503,1.1791473764052096,,141.6,2026-09-22 08:41:25-04:00,4.394858716666667,premarket,0.5824699728749438,,141.89,140.5,2026-09-21 16:00:03-04:00,"Vendor latest observation, no executable bid/ask or overnight-session venue feed; after-hours bar volumes and extremes may include late regular-session batches and are not reliable liquidity/support measures",14730,425,0.0322471147318397,"[0.02751239762798372, 0.037641307924659355]",0.0125011076166337,-0.4759750442565115,0.5824699728749438,True
BILI,True,0.0252552270169029,0.0037931133622141,0.0435970326772272,0.0884686107133139,0.0407943996589503,0.0095220225041909,0.0582498575304086,0.0943471929028139,0.0330248133379266,0.0066575679332025,0.0509234451038179,0.0914079018080639,15.18000030517578,1.8791992873428365,0.5792235257563533,0.5395452769502113,3.554316640996691,41.353087528595736,15.744123058383355,16.76604915900303,-15.057063919730428,-11.01992508569374,0.9090913594681224,15.21500015258789,14.829999923706056,17.2549991607666,62964412.21139908,2132,0.2305655250887994,,15.29,2026-09-22 08:44:18-04:00,1.520436516666667,premarket,0.7246356562108369,,15.22,15.13,2026-09-21 16:00:01-04:00,"Vendor latest observation, no executable bid/ask or overnight-session venue feed; after-hours bar volumes and extremes may include late regular-session batches and are not reliable liquidity/support measures",14345,425,0.031578947368421,"[0.027067068864969155, 0.03688898138661202]",0.0155391726420474,-1.0455522035079006,0.7246356562108369,True
NVDA,True,0.0234367705052657,0.003214461419399,0.0410416817599676,0.097536259655941,0.036935979807598,0.0080478125026318,0.0547555302472273,0.1017058186513847,0.0301863751564319,0.0056311369610154,0.0478986060035975,0.0996210391536628,227.3800048828125,2.2990059441793553,0.8127660209447055,6.446061412801709,2.8349288742974084,58.38939338305982,219.23877064400767,215.42455181593817,1.9774048230440933,6.014543657080784,0.8386174750450728,228.5,221.55999755859375,234.7599945068359,29571382319.65149,2512,0.4925653501347771,,226.278,2026-09-22 08:45:21-04:00,0.4555440166666666,premarket,-0.4846533816288967,,229.1204,223.1792,2026-09-21 16:00:00-04:00,"Vendor latest observation, no executable bid/ask or overnight-session venue feed; after-hours bar volumes and extremes may include late regular-session batches and are not reliable liquidity/support measures",13464,424,0.0289661319073083,"[0.024603659118311673, 0.03401057078942177]",0.0134992093023322,1.2629780756721538,-0.4846533816288967,True
TSM,True,0.0259156684314641,0.0032638726462218,0.0434290728993079,0.1053153841410932,0.0334368123983667,0.0078139469924408,0.050615301109684,0.0927978587313072,0.0296762404149154,0.0055389098193313,0.047022187004496,0.0990566214362002,445.1400146484375,2.4087240659042664,1.011994416075824,10.873120335587371,2.442629280177101,61.931042999592535,424.916218450493,420.46169026000166,2.4992448175104487,6.53638365154714,0.9330269830250448,445.7200012207031,437.05999755859375,444.2900085449219,4149649428.158722,2512,0.1302930658174439,,440.75,2026-09-22 08:44:14-04:00,1.5732218,premarket,-0.9862098449865632,,446.669,444.01,2026-09-21 16:00:02-04:00,"Vendor latest observation, no executable bid/ask or overnight-session venue feed; after-hours bar volumes and extremes may include late regular-session batches and are not reliable liquidity/support measures",13302,424,0.0289430160878063,"[0.02465813347985649, 0.03398680122115584]",0.0075211439669025,1.8599809046307243,-0.9862098449865631,True
BABA,True,0.02387846977224,0.0033929952358414,0.0417241582804984,0.0886422012060608,0.0333570851321451,0.0082005724350942,0.049567050802032,0.0895653423362399,0.0286177774521925,0.0057967838354678,0.0456456045412652,0.0891037717711503,115.75,2.2165331893153617,0.8491444175896692,3.1559389095844623,2.7265130968332287,52.70204496487292,113.390862096069,116.11637795628276,-7.045347689453585,-3.008208855416894,0.8421062494144101,116.1999969482422,113.3499984741211,125.7699966430664,1283937847.7204895,2512,0.3887662619803,,119.3,2026-09-22 08:45:21-04:00,0.47011805,premarket,3.0669546436285167,,116.41,110.3281,2026-09-21 16:03:28-04:00,"Vendor latest observation, no executable bid/ask or overnight-session venue feed; after-hours bar volumes and extremes may include late regular-session batches and are not reliable liquidity/support measures",12987,424,0.0282590282590282,"[0.0240096990807044, 0.03323395417902736]",0.009478615359905,0.7475233112930054,3.0669546436285167,True
NKE,True,0.0212073847418073,0.0032010235726311,0.0385153957511615,0.082798542513355,0.0298329456445924,0.0092677966679682,0.0408856326940804,0.0738560959795938,0.0255201651931998,0.0062344101202997,0.039700514222621,0.0783273192464744,36.099998474121094,1.6615043099850402,1.3867813357200385,0.9865738531823256,2.7328916755760195,37.48693483315427,37.527612062042536,39.45384994442616,-14.530391729760373,-10.493252895723682,0.7425726868253477,36.36000061035156,35.349998474121094,41.34000015258789,1146103725.0522995,2512,0.7202275546267733,,36.73,2026-09-22 08:44:43-04:00,1.10329405,premarket,1.7451566551464737,,36.2,35.9828,2026-09-21 16:00:02-04:00,"Vendor latest observation, no executable bid/ask or overnight-session venue feed; after-hours bar volumes and extremes may include late regular-session batches and are not reliable liquidity/support measures",12060,424,0.0262023217247097,"[0.021903251416552562, 0.03116625164461649]",0.008625560902785,-1.447041783356091,1.7451566551464737,True
FERG,True,0.0216790522818701,0.0028684840156893,0.0413758065045997,0.0925282037446545,0.0282038057908656,0.0080576727375395,0.043424829205816,0.0733096136570329,0.0249414290363679,0.0054630783766144,0.0424003178552078,0.0829189087008437,216.13999938964844,0.7974661998206178,0.8823742099706405,5.821116501571072,2.693215748130451,36.61472339626209,223.38571591201543,229.63985090463132,-14.811579682640518,-10.774440848603827,0.7135227741697256,217.75,212.1300048828125,243.67999267578125,309629632.98057556,2512,0.7448878573600437,,216.14,2026-09-21 16:20:00-04:00,985.81937185,after_hours,2.823871358970109e-07,,216.14,216.14,2026-09-21 16:00:02-04:00,"Vendor latest observation, no executable bid/ask or overnight-session venue feed; after-hours bar volumes and extremes may include late regular-session batches and are not reliable liquidity/support measures",11881,424,0.0258395757932833,"[0.021702923805062148, 0.030684868274404708]",0.0065247535089955,-1.2447296872363676,2.823871358970109e-07,False
FDX,True,0.0197593003500275,0.0026443976521214,0.0383896917537846,0.0963645981578502,0.0268538821221037,0.0082055500456048,0.0393186052847448,0.0795486277936408,0.0233065912360656,0.0054249738488631,0.0388541485192647,0.0879566129757455,295.7900085449219,-2.5885017321100268,1.456652872857986,7.556558591393739,2.5547038010400267,32.74515451457821,312.51965179262504,315.8795302008795,-12.690022322732442,-8.65288348869575,0.3805541770481068,303.17999267578125,291.25,340.8299865722656,477797739.3482971,2512,2.49838869379424,,297.86,2026-09-22 08:40:21-04:00,5.469803533333334,premarket,0.6998179097600588,,295.8,295.0501,2026-09-21 16:00:02-04:00,"Vendor latest observation, no executable bid/ask or overnight-session venue feed; after-hours bar volumes and extremes may include late regular-session batches and are not reliable liquidity/support measures",11348,424,0.0244977088473739,"[0.02026201007618864, 0.02925430262497767]",0.0070945817720762,-2.213923579810096,0.6998179097600588,True
AZO,True,0.0197610019898993,0.0028764621779795,0.0368458420591156,0.0903384669943705,0.0257477600192643,0.0090821024210777,0.0365250014571036,0.0744881513686218,0.0227543810045818,0.0059792822995286,0.0366854217581096,0.0824133091814962,2803.25,-1.823271642148372,1.9368581693320193,70.12117288281925,2.5014241641958175,35.88865200889679,2915.9256909437036,2990.6942810839055,-9.26711073097789,-5.2299718969411995,0.0866375164837344,2870.719970703125,2796.85009765625,3046.469970703125,923577229.230957,2512,2.4068481477971915,,2872.99,2026-09-22 08:45:14-04:00,0.5856067833333333,premarket,2.4878266298046903,,2818.0,2803.0,2026-09-21 16:00:03-04:00,"Vendor latest observation, no executable bid/ask or overnight-session venue feed; after-hours bar volumes and extremes may include late regular-session batches and are not reliable liquidity/support measures",11161,424,0.0244601738195502,"[0.020153266556107687, 0.029248239238831644]",0.005986758029365,-1.6068711676000902,2.4878266298046903,True
PDD,True,0.01875085548403,0.0026418226113333,0.0368145457089872,0.0783369038504375,0.0262992406169816,0.0084792621316218,0.0381517915928909,0.0688230362939269,0.0225250480505058,0.0055605423714775,0.037483168650939,0.0735799700721822,79.30000305175781,0.5069727733119311,0.8651457918510356,2.0072453129292667,2.531204584720092,40.60638635548713,81.1245492958895,83.86297119802613,-14.310950198416428,-10.273811364379736,0.658684002540077,79.87000274658203,78.19999694824219,91.9000015258789,614905686.8471527,2049,0.7187889948152781,,79.8025,2026-09-22 08:41:16-04:00,4.553612716666667,premarket,0.6336657363231302,,79.68,79.13,2026-09-21 16:00:00-04:00,"Vendor latest observation, no executable bid/ask or overnight-session venue feed; after-hours bar volumes and extremes may include late regular-session batches and are not reliable liquidity/support measures",11082,424,0.0241833604042591,"[0.0198675393162487, 0.02891056280026757]",0.0075483851329515,-0.908980199071451,0.6336657363231302,True
COST,True,0.0127022664453379,0.0017574672508566,0.0286613649756123,0.058963182273767,0.0159808339074585,0.0076065278446718,0.0254976640931374,0.0396671258735135,0.0143415501763982,0.0046819975477642,0.0270795145343748,0.0493151540736402,898.47998046875,0.3540653984430486,1.0309017586560718,14.260289233383745,1.5871571480027795,37.95497217491831,916.1049687936808,933.76124925569,-9.234767959451462,-5.197629125414771,0.9311318648119687,899.4400024414062,885.5,974.489990234375,1931414250.2996824,2512,0.106849567438938,,902.799,2026-09-22 08:45:25-04:00,0.4029910333333333,premarket,0.4807029232856807,,899.0,897.0,2026-09-21 16:00:01-04:00,"Vendor latest observation, no executable bid/ask or overnight-session venue feed; after-hours bar volumes and extremes may include late regular-session batches and are not reliable liquidity/support measures",8224,423,0.016658560311284,"[0.01317494250106587, 0.020645788870297766]",0.0032785674621206,-1.2359488672691352,0.48070292328568076,True
