open,close,day_return,dd_high,dd10,low20,dist_low20,low60,dist_low60,rv90,vol_ratio20,adv20,green_streak,up_streak,rs_streak,close_range,ma200,rsi2,rsi14,atr14,weekly_mid,weekly_lower,weekly_vol,relative20,next_high,next_low,next_close_net,washout_analog,momentum_analog,lrcx_branch,ticker,session,high20,low_today,high_today,gate_count,last_regular_meta,last_regular_quote_at,last_extended_price,last_extended_bar_at,last_extended_bar_volume,post_volume,post_volume_warning,vwap5m_proxy,bid_ask,overnight_quote,source,extended_ret_vs_close
229.97999572753906,230.86000061035156,0.010859075551783226,0.02178196293148893,0.010076780737796276,208.92999267578125,0.10496342652249746,189.79762268066406,0.21634822054001845,0.39409672430977327,0.8715526222783195,25220254971.492386,1,2,0,0.6537539301640786,200.08872848510742,87.94690158209173,60.215569122533424,5.816368698497734,212.7047966003418,191.78028161013958,0.0520212261510471,-0.09241833632454344,,,,False,False,False,NVDA,2026-10-01,234.75999450683594,228.16000366210938,232.2899932861328,1,230.86,2026-10-01 20:00:01+00:00,231.4909,2026-10-01 19:59:56-04:00,0,0.0,"zero-volume is provider missing trade-size; preserved price proxy, cannot confirm afterhours volume",230.5408240736392,,,Yahoo5m extendedbars; bar timestamps not executable quote,0.0027328224377565213
352.1499938964844,343.6400146484375,-0.021498299326526027,0.303412882543007,0.06250163390394392,335.1996267813441,0.025180182770905057,335.1996267813441,0.025180182770905057,0.49322815436450795,0.8893640312247691,9802520271.189728,0,0,0,0.031362543786967685,366.17016036987303,13.554677068160885,39.81260007649063,10.64649867160353,385.1869400024414,333.028713483214,0.06042069851244945,-0.18487062781685426,,,,False,False,False,AVGO,2026-10-01,372.70001220703125,343.2900085449219,354.45001220703125,3,343.64,2026-10-01 20:00:01+00:00,345.38,2026-10-01 19:59:59-04:00,0,0.0,"zero-volume is provider missing trade-size; preserved price proxy, cannot confirm afterhours volume",347.83171348467926,,,Yahoo5m extendedbars; bar timestamps not executable quote,0.005063395639016699
612.7000122070312,615.72998046875,0.006489425002863314,0.03641630599569645,0.03641630599569645,440.5,0.3977979125283768,424.0299987792969,0.4520906120824506,0.7060756328434152,0.769760707429023,12341526375.495758,2,2,0,0.7994376532309222,372.5919506072998,69.41346069810456,66.9629891528693,23.783188012864912,506.7455032348633,419.77476148296716,0.07731681586637586,0.22484203836774297,,,,False,False,False,AMD,2026-10-01,639.0,601.5,619.2999877929688,2,615.73,2026-10-01 20:00:01+00:00,617.26,2026-10-01 19:59:58-04:00,0,0.0,"zero-volume is provider missing trade-size; preserved price proxy, cannot confirm afterhours volume",612.0626954903198,,,Yahoo5m extendedbars; bar timestamps not executable quote,0.0024848871742206846
1054.0799560546875,1097.3900146484375,0.03030675680523287,0.1254511401048467,0.010218951903159357,902.5999755859375,0.2158099316765978,737.8800048828125,0.48722015420748677,0.9427518744573498,1.8227073942326617,25338191142.1167,1,3,1,0.9801314504523027,677.3090022277833,90.19104968177214,63.52153926643436,47.29187745716706,947.2015716552735,733.6598680292402,0.07832743017031088,0.02548996133851178,,,,False,True,False,MU,2026-10-01,1108.719970703125,1022.9000244140625,1098.9000244140625,2,1097.39,2026-10-01 20:00:01+00:00,1090.2,2026-10-01 19:59:57-04:00,0,0.0,"zero-volume is provider missing trade-size; preserved price proxy, cannot confirm afterhours volume",1063.3127017805207,,,Yahoo5m extendedbars; bar timestamps not executable quote,-0.006551922791771414
1735.260009765625,1787.68994140625,0.02747295883956835,0.24069927965555538,0.06378178368364051,1504.199951171875,0.18846562919611642,998.1900024414062,0.7909315230906526,1.198713265098232,0.9747669568150217,16076719689.067993,2,3,2,0.8477653341090425,1138.2621728515626,84.13789453374216,57.42702862292169,102.32118539097223,1647.031982421875,1126.2980425125324,0.16350152044815797,0.028512470487259023,,,,False,False,False,SNDK,2026-10-01,1909.47998046875,1708.0,1802.0,2,1787.69,2026-10-01 20:00:00+00:00,1783.74,2026-10-01 19:59:55-04:00,0,0.0,"zero-volume is provider missing trade-size; preserved price proxy, cannot confirm afterhours volume",1757.7586115126066,,,Yahoo5m extendedbars; bar timestamps not executable quote,-0.002209522644146422
265.1000061035156,268.0799865722656,0.01464742152964904,0.18714042635685046,0.008139752171701486,201.10000610351562,0.3330680180798813,162.89999389648438,0.6456721707590634,1.033255458568694,1.0759198314687128,4216967542.1956635,1,3,3,0.8267708588647472,165.9259555053711,84.80096512667224,63.396567980784845,13.089019270658051,230.50352478027344,163.0245604611357,0.09185423157764946,0.17602246823510992,,,,False,False,False,MRVL,2026-10-01,267.4800109863281,257.5799865722656,270.2799987792969,1,268.08,2026-10-01 20:00:01+00:00,269.7,2026-10-01 19:59:59-04:00,0,0.0,"zero-volume is provider missing trade-size; preserved price proxy, cannot confirm afterhours volume",264.9987112955588,,,Yahoo5m extendedbars; bar timestamps not executable quote,0.006043022638311246
360.5899963378906,356.4200134277344,0.0012641857614070773,0.2864121518950218,0.056765506567413304,251.625,0.4164729793451938,244.61000061035156,0.4570950187579992,1.0241520367244745,0.979689221644907,1286060559.394989,0,1,0,0.34396975317584527,240.0491746902466,50.60453671177479,60.78870083570838,21.950847855706062,330.0479995727539,234.2147641645833,0.1160722071404439,0.17787459626626134,,,,False,False,False,ALAB,2026-10-01,377.8699951171875,352.0,364.8500061035156,2,356.42,2026-10-01 20:00:01+00:00,347.2447,2026-10-01 19:59:50-04:00,0,0.0,"zero-volume is provider missing trade-size; preserved price proxy, cannot confirm afterhours volume",357.95788061220566,,,Yahoo5m extendedbars; bar timestamps not executable quote,-0.02574298042215495
457.2699890136719,459.20001220703125,0.006598149344607007,0.03876430144193377,0.005780810484298349,406.72887279222175,0.12900765823333749,371.7227771334511,0.23532923042317422,0.429808437102135,0.8246527429193288,4340782708.90152,1,1,0,0.8247130216691659,384.4763760375977,90.19590320401979,66.09864301617179,10.250265966565054,422.06858520507814,389.6637501580326,0.031708942132394495,-0.014172063502481347,,,,False,False,False,TSM,2026-10-01,461.8699951171875,453.4599914550781,460.4200134277344,1,459.2,2026-10-01 20:00:02+00:00,459.1999,2026-10-01 19:59:22-04:00,0,0.0,"zero-volume is provider missing trade-size; preserved price proxy, cannot confirm afterhours volume",456.91757818345684,,,Yahoo5m extendedbars; bar timestamps not executable quote,-2.4435328449534666e-07
451.79998779296875,462.55999755859375,0.01782336455532918,0.4215203641457721,0.027540692937515487,407.1199951171875,0.13617607365476636,407.1199951171875,0.13617607365476636,0.8953520922947303,0.9217527175743208,2992430951.295166,2,3,1,0.9578727559840425,398.6132504272461,88.79782653513429,51.647660581837194,26.12914870726977,511.9922210693359,371.43538613246807,0.10968667534466416,-0.09155077389913346,,,,False,False,False,WDC,2026-10-01,495.489990234375,440.04998779296875,463.54998779296875,3,462.56,2026-10-01 20:00:00+00:00,461.97,2026-10-01 19:59:21-04:00,0,0.0,"zero-volume is provider missing trade-size; preserved price proxy, cannot confirm afterhours volume",451.1704399000896,,,Yahoo5m extendedbars; bar timestamps not executable quote,-0.0012755049327822787
911.1599731445312,945.5700073242188,0.025185918199764012,0.17292338985839206,0.0008347542579690836,757.7425920288601,0.24787760021836647,698.4301137622292,0.35385056957341465,0.7671862308959173,0.657415467866593,3252673120.993347,2,2,2,0.9849842568465895,646.9053271484376,92.00639855682851,62.00954285148919,48.209912992521254,868.3330596923828,737.4941814853256,0.09531181892522946,0.04810439531566901,,,,False,False,False,STX,2026-10-01,944.4299926757812,893.75,946.3599853515625,2,945.57,2026-10-01 20:00:00+00:00,945.3225,2026-10-01 19:59:05-04:00,0,0.0,"zero-volume is provider missing trade-size; preserved price proxy, cannot confirm afterhours volume",922.2020976115832,,,Yahoo5m extendedbars; bar timestamps not executable quote,-0.0002617546266290294
197.1300048828125,210.1699981689453,0.07895685308752154,0.319111060271003,0.02187367736327661,149.13999938964844,0.40921281365871365,149.13999938964844,0.40921281365871365,1.0077338711256678,0.938863603435269,1751026428.8154602,2,2,2,0.945288774029639,176.9850254058838,88.21555403533152,56.86880466706824,13.707210044634206,220.50749969482422,157.9250902379597,0.14470400737873138,0.14975000060882815,,,,False,False,False,CRDO,2026-10-01,214.8699951171875,195.0,211.04800415039062,4,210.17,2026-10-01 20:00:01+00:00,208.13,2026-10-01 19:59:36-04:00,0,0.0,"zero-volume is provider missing trade-size; preserved price proxy, cannot confirm afterhours volume",205.08060798611874,,,Yahoo5m extendedbars; bar timestamps not executable quote,-0.009706419501918973
980.0,1045.780029296875,0.07672509810141626,0.036751181232151375,0.029924686093922293,818.8900146484375,0.2770701932979913,594.8400268554688,0.758086177934649,0.9437738648620343,1.6427288265662061,4250490550.387268,1,1,1,0.7120671321113232,741.6743756103516,95.52557296315385,63.71289954520668,67.14614418913682,861.18525390625,708.6248776168218,0.08885514002100815,0.07893368430864878,,,,False,True,False,LITE,2026-10-01,1026.760009765625,966.0,1078.0400390625,3,1045.78,2026-10-01 20:00:00+00:00,1047.5378,2026-10-01 19:59:53-04:00,0,0.0,"zero-volume is provider missing trade-size; preserved price proxy, cannot confirm afterhours volume",1040.4004194095146,,,Yahoo5m extendedbars; bar timestamps not executable quote,0.0016808225954618727
290.0,319.19000244140625,0.10903028091101663,0.27456817626953123,0.04106826747504111,255.25,0.25049951984880026,220.67999267578125,0.44639302626021915,1.0187565178365152,1.7933835235280315,1866435074.5690918,1,1,1,0.8902469760153873,288.230150604248,88.53932818904535,56.54705926142295,21.37030441065883,330.4239990234375,243.4739351877401,0.15632503660264632,0.06585851331471448,,,,False,True,False,COHR,2026-10-01,332.8599853515625,286.4200134277344,323.2300109863281,5,319.19,2026-10-01 20:00:02+00:00,319.7,2026-10-01 19:59:40-04:00,0,0.0,"zero-volume is provider missing trade-size; preserved price proxy, cannot confirm afterhours volume",313.20928260957817,,,Yahoo5m extendedbars; bar timestamps not executable quote,0.0015977867561418613
99.66999816894531,107.31999969482422,0.08120086021690498,0.5407198162545841,0.030883133781098082,93.62000274658203,0.14633621604697455,76.01000213623047,0.41191944058201413,1.2758544659828859,1.630453188296097,708881217.3641205,1,1,1,0.9086585262277624,108.36230019569398,86.75302291073835,51.32491233652194,8.286473340761573,132.30100135803224,71.37397966734424,0.1597563542223746,-0.08168311474925694,,,,False,False,False,AAOI,2026-10-01,116.9000015258789,97.7699966430664,108.27999877929688,6,107.32,2026-10-01 20:00:01+00:00,107.13,2026-10-01 19:59:57-04:00,0,0.0,"zero-volume is provider missing trade-size; preserved price proxy, cannot confirm afterhours volume",104.81925219615643,,,Yahoo5m extendedbars; bar timestamps not executable quote,-0.0017704034230758836
516.6500244140625,529.2999877929688,0.0350424004439962,0.28364543605460835,0.008578738757689663,411.510009765625,0.2862384273335925,411.510009765625,0.2862384273335925,0.7532739107845671,0.9565414406887665,2909184834.058838,1,1,1,0.7506794606843116,425.5593939971924,98.72611470234605,66.96014346184101,19.64750028400271,509.7397491455078,384.07201884727533,0.056897908365929895,0.08486819732395601,,,,False,False,False,AMAT,2026-10-01,515.4199829101562,515.510009765625,533.8800048828125,2,529.3,2026-10-01 20:00:01+00:00,531.01,2026-10-01 19:59:43-04:00,0,0.0,"zero-volume is provider missing trade-size; preserved price proxy, cannot confirm afterhours volume",528.2818496782867,,,Yahoo5m extendedbars; bar timestamps not executable quote,0.0032307051699764777
332.0,340.1000061035156,0.03528049676830092,0.22357743431149768,0.0045076937094344904,265.0883866047571,0.2829683354276842,250.23417146319298,0.35912694942841195,0.772591362111236,0.9284098103590596,2791148407.830963,6,3,6,0.854579354147095,273.6949981689453,99.10025589571622,65.45280982315865,13.91977078746805,321.04712982177733,262.27013548328364,0.058241538896248675,0.058533767936917114,,,,False,False,False,LRCX,2026-10-01,330.5,331.04998779296875,341.6400146484375,1,340.1,2026-10-01 20:00:01+00:00,341.155,2026-10-01 19:59:54-04:00,0,0.0,"zero-volume is provider missing trade-size; preserved price proxy, cannot confirm afterhours volume",336.9754140399592,,,Yahoo5m extendedbars; bar timestamps not executable quote,0.0031020108131467605
196.69000244140625,200.3300018310547,0.027702300098348953,0.34750809240812874,0.008169095610389698,165.88999938964844,0.2076074662012164,165.88999938964844,0.2076074662012164,0.7558493671975639,0.923273407492181,1706138787.4917603,1,1,1,0.7669500748930485,177.08253368377686,90.03543467315855,63.124535528937315,7.582877884630148,203.95816497802736,150.9599764918811,0.06628694918321947,0.0406399276451439,,,,False,False,False,KLAC,2026-10-01,197.60000610351562,194.89999389648438,201.97999572753906,3,200.33,2026-10-01 20:00:00+00:00,201.0119,2026-10-01 19:59:59-04:00,0,0.0,"zero-volume is provider missing trade-size; preserved price proxy, cannot confirm afterhours volume",198.8640830430908,,,Yahoo5m extendedbars; bar timestamps not executable quote,0.0034038744207689486
315.94000244140625,314.8800048828125,0.02293547329806156,0.18521965573397792,0.0033550596645017805,240.00999450683594,0.31194538598201627,215.07000732421875,0.4640814346936337,0.8983108574412118,0.7930062580614341,225531595.7823944,0,5,5,0.8892375394623553,252.74940032958983,99.18565558558713,63.89738252511272,14.934463974371813,288.57999954223635,235.56780283039123,0.09491973230700569,0.11469501370287549,,,,False,False,False,ONTO,2026-10-01,311.0,306.3699951171875,315.94000244140625,1,314.88,2026-10-01 20:00:02+00:00,314.0,2026-10-01 17:25:24-04:00,0,0.0,"zero-volume is provider missing trade-size; preserved price proxy, cannot confirm afterhours volume",311.146885200676,,,Yahoo5m extendedbars; bar timestamps not executable quote,-0.0027947309107163587
156.5500030517578,153.7899932861328,-0.009404230041012429,0.2879763443915456,0.029838574683598185,127.81999969482422,0.20317629207724197,126.08999633789062,0.21968433462408,0.7968491172559216,0.9765172705392572,55193135.413131714,0,0,0,0.4624500922765159,155.41779987335204,64.643123662063,55.999944692069114,7.5143131056179175,155.97000122070312,122.92483473202785,0.07947262290967408,0.04355911345525598,,,,False,False,False,CAMT,2026-10-01,158.52000427246094,150.27999877929688,157.8699951171875,3,153.79,2026-10-01 20:00:01+00:00,154.1794,2026-10-01 19:30:05-04:00,0,0.0,"zero-volume is provider missing trade-size; preserved price proxy, cannot confirm afterhours volume",152.58873346767808,,,Yahoo5m extendedbars; bar timestamps not executable quote,0.0025320679554401426
402.8999938964844,415.7900085449219,0.03711557393652254,0.14748677609910632,0.00853658252604661,325.8748291672664,0.27591937556951796,296.7060348292611,0.40135339270799597,0.8724163645669919,0.6928717432919114,908568418.2899475,1,1,1,0.8025380249257681,333.5948931884766,92.9548199557189,62.485922313545984,19.267076805096544,375.40885772705076,316.27324886637564,0.0710989869232645,0.0952686392569222,,,,False,False,False,TER,2026-10-01,415.6099853515625,401.239990234375,419.3699951171875,2,415.79,2026-10-01 20:00:00+00:00,417.0,2026-10-01 19:58:46-04:00,0,0.0,"zero-volume is provider missing trade-size; preserved price proxy, cannot confirm afterhours volume",412.28665057941066,,,Yahoo5m extendedbars; bar timestamps not executable quote,0.002910102287720928
180.1300048828125,186.58999633789062,0.04620123326260184,0.021244246038209513,0.021244246038209513,126.7300033569336,0.4723427080828053,103.0999984741211,0.8097963055229935,0.9613229949515678,1.0339745863245564,550021732.2187805,1,1,1,0.8680653496535892,116.28195037841797,84.02452667996512,62.97323899744806,11.366974778143218,146.5115005493164,109.73508604217247,0.0934310406057046,0.27171159665112454,,,,False,False,False,SMTC,2026-10-01,190.63999938964844,175.00999450683594,188.35000610351562,2,186.59,2026-10-01 20:00:00+00:00,186.6302,2026-10-01 19:59:23-04:00,0,0.0,"zero-volume is provider missing trade-size; preserved price proxy, cannot confirm afterhours volume",183.9628957783137,,,Yahoo5m extendedbars; bar timestamps not executable quote,0.000215465260187786
330.0,308.5899963378906,0.06800717702793402,0.19354501173369598,0.0677039385562217,172.55999755859375,0.7883055210006427,172.55999755859375,0.7883055210006427,1.0587465486027492,1.6414284512020647,206558432.06092834,0,1,1,0.1061030269241163,215.36730003356934,95.35029671330604,75.1588912136868,18.776417438794926,252.79899826049805,158.45948455726983,0.11769461118796387,0.5770662604655801,,,,False,False,False,VICR,2026-10-01,297.0,305.92999267578125,331.0,2,308.59,2026-10-01 20:00:00+00:00,314.2833,2026-10-01 19:58:53-04:00,0,0.0,"zero-volume is provider missing trade-size; preserved price proxy, cannot confirm afterhours volume",317.5289547884992,,,Yahoo5m extendedbars; bar timestamps not executable quote,0.018449410964947344
118.7300033569336,120.0,-0.0019130279506919257,0.15700741233030158,0.05838043235150581,87.5,0.37142857142857144,81.79000091552734,0.4671720094970524,0.7869363454476859,0.9458442162251566,12005746560.564346,2,0,0,0.5520833002196629,80.76979997634888,62.57737485676038,61.532426255157844,6.0743514521327375,107.55600013732911,80.55907850287966,0.08987771297859705,0.21028148604959673,,,,False,False,False,INTC,2026-10-01,127.44000244140625,117.3499984741211,122.1500015258789,2,120.0,2026-10-01 20:00:01+00:00,120.23,2026-10-01 19:59:57-04:00,0,0.0,"zero-volume is provider missing trade-size; preserved price proxy, cannot confirm afterhours volume",119.82181689500884,,,Yahoo5m extendedbars; bar timestamps not executable quote,0.0019166666666667886
355.19000244140625,379.1400146484375,0.07765336466223793,0.4052799033103417,0.004881851316437036,311.6000061035156,0.2167522696468902,311.6000061035156,0.2167522696468902,0.7787364945293881,0.8875467257372283,987910165.570221,1,1,1,0.9386548515086671,390.4479998779297,89.77988522577229,55.76083350440298,22.260754143718714,428.8789993286133,280.1397622702078,0.09296160318871298,-0.0517783499970057,,,,False,False,False,CIEN,2026-10-01,376.739990234375,350.67999267578125,381.0,4,379.14,2026-10-01 20:00:03+00:00,381.0,2026-10-01 19:56:21-04:00,0,0.0,"zero-volume is provider missing trade-size; preserved price proxy, cannot confirm afterhours volume",371.6308677381449,,,Yahoo5m extendedbars; bar timestamps not executable quote,0.00490580070607205
294.17999267578125,292.3399963378906,0.00925220134605631,0.3542302000111365,0.13247080892952023,225.4600067138672,0.29663792971008496,219.38999938964844,0.3325128636272936,0.9359698647405486,0.561702200840094,1659274163.3222961,0,1,0,0.5020735459852351,214.87342487335206,48.38485482316633,54.24538788614312,18.485054437324344,295.9590019226074,187.52619362860594,0.09988539029554988,0.12243005665269413,,,,False,False,False,ARM,2026-10-01,336.9800109863281,287.5,297.1400146484375,4,292.34,2026-10-01 20:00:01+00:00,294.1421,2026-10-01 19:59:58-04:00,0,0.0,"zero-volume is provider missing trade-size; preserved price proxy, cannot confirm afterhours volume",292.06650416785686,,,Yahoo5m extendedbars; bar timestamps not executable quote,0.006164410223315819
185.17999267578125,182.08999633789062,-0.010595506516947517,0.2930239250667904,0.11542389633778694,164.18641926212868,0.10904420204924703,142.11653452249445,0.2812724216060103,0.5994936092760755,0.7357817503749645,2714905647.7254486,0,0,0,0.06956363093559784,167.80116012573242,10.910308046297757,50.33790324405282,8.454724053651733,187.77919006347656,134.04901376713207,0.08099815537963066,-0.04511088622735593,,,,False,False,True,QCOM,2026-10-01,205.85000610351562,181.77000427246094,186.3699951171875,2,182.09,2026-10-01 20:00:00+00:00,182.6999,2026-10-01 19:59:32-04:00,0,0.0,"zero-volume is provider missing trade-size; preserved price proxy, cannot confirm afterhours volume",183.71860915129145,,,Yahoo5m extendedbars; bar timestamps not executable quote,0.0033494627622356887
1799.0999755859375,1808.489990234375,-0.0017553161634290548,0.09456743640834608,0.018069590092114285,1572.8399658203125,0.1498245400263336,1530.6400146484375,0.1815253573190787,0.5051530387398248,1.047898833845328,2279022264.65271,1,0,0,0.5570280269146729,1535.7932513427734,57.92498159492302,59.59515256090024,49.93003895088619,1726.7398254394532,1536.496221084704,0.042178290022376115,-0.04730110725754577,,,,False,False,False,ASML,2026-10-01,1841.77001953125,1791.25,1822.199951171875,1,1808.49,2026-10-01 20:00:01+00:00,1812.06,2026-10-01 19:59:35-04:00,0,0.0,"zero-volume is provider missing trade-size; preserved price proxy, cannot confirm afterhours volume",1807.0314180247506,,,Yahoo5m extendedbars; bar timestamps not executable quote,0.001974027937617917
1359.97998046875,1360.969970703125,0.010206202623929128,0.20362412273589814,0.017643573642543875,1132.15765347073,0.202102875452858,1132.15765347073,0.202102875452858,0.6258882464333846,0.6849296009794646,902619155.2612305,1,1,0,0.7955916044757982,1276.8490853881835,73.75878643861702,59.252904010442506,51.54159021694596,1385.8328979492187,1141.4829317623237,0.052351737778559844,-0.004528145505293457,,,,False,False,False,MPWR,2026-10-01,1387.4599609375,1331.0,1368.6700439453125,3,1360.97,2026-10-01 20:00:01+00:00,1365.0,2026-10-01 19:49:59-04:00,0,0.0,"zero-volume is provider missing trade-size; preserved price proxy, cannot confirm afterhours volume",1352.0488230809533,,,Yahoo5m extendedbars; bar timestamps not executable quote,0.0029611449066675455
285.0,301.6300048828125,0.059019721670951375,0.27994745935148146,0.008741672705026349,235.6300048828125,0.280100151221506,228.02000427246094,0.3228225560525604,0.7421929323991875,0.8919243151308996,355945545.72494507,3,3,1,0.8714974834069981,272.54109909057615,95.25559559193819,61.535253896596984,14.018273145304716,314.653498840332,220.0506629439313,0.09791673647605681,0.048794319146999054,,,,False,False,False,MTSI,2026-10-01,289.260009765625,283.5899963378906,304.2900085449219,2,301.63,2026-10-01 20:00:00+00:00,302.59,2026-10-01 19:56:38-04:00,0,0.0,"zero-volume is provider missing trade-size; preserved price proxy, cannot confirm afterhours volume",298.0072386404067,,,Yahoo5m extendedbars; bar timestamps not executable quote,0.0031826910507808392
81.5,83.58000183105469,0.032872018318089946,0.3428728655810961,0.01935939764039296,62.779998779296875,0.33131576069123914,62.779998779296875,0.33131576069123914,1.039632102872061,1.319943537747599,79963077.6921463,2,2,2,0.5854271019635131,66.80382488250733,93.29821417777292,60.835340861759626,4.997706504057453,83.29850006103516,58.80922252096477,0.07920963679613977,0.07339668192402615,,,,False,True,False,ACMR,2026-10-01,82.77999877929688,81.25,85.2300033569336,2,83.58,2026-10-01 20:00:01+00:00,83.64,2026-10-01 19:50:00-04:00,0,0.0,"zero-volume is provider missing trade-size; preserved price proxy, cannot confirm afterhours volume",83.64300584176905,,,Yahoo5m extendedbars; bar timestamps not executable quote,0.0007178531661986565
236.3000030517578,241.3000030517578,0.06098584541463414,0.24579608298293543,0.026662903927671677,190.5500030517578,0.26633429119502616,185.07000732421875,0.30383094776146713,0.9087536622929024,1.0797430152151062,421468383.65005493,1,1,1,0.5566734415264107,196.07850063323974,78.71581181581166,57.59726004058585,13.809117682203038,240.65650100708007,193.88955156500234,0.08111371399923757,0.04445998857007227,,,,False,False,False,TSEM,2026-10-01,240.0,233.0,247.91000366210938,2,241.3,2026-10-01 20:00:00+00:00,243.6,2026-10-01 19:55:42-04:00,0,0.0,"zero-volume is provider missing trade-size; preserved price proxy, cannot confirm afterhours volume",242.6289230423615,,,Yahoo5m extendedbars; bar timestamps not executable quote,0.009531690506231927
11.550000190734863,12.119999885559082,0.043927669592007224,0.6453028816204593,0.06046509736719341,10.270000457763672,0.18013625563150693,9.430000305175781,0.2852597553901306,1.0294827746842683,1.2434692500573683,151906681.3039875,1,1,1,0.8117647586809665,13.18412500143051,80.71964930081182,52.00951951265394,0.8183109648270238,16.39949998855591,4.515483061933802,0.1116163573538872,-0.04113396649274326,,,,False,False,False,NVTS,2026-10-01,12.899999618530273,11.430000305175781,12.279999732971191,4,12.12,2026-10-01 20:00:01+00:00,12.11,2026-10-01 19:59:17-04:00,0,0.0,"zero-volume is provider missing trade-size; preserved price proxy, cannot confirm afterhours volume",11.90318926542877,,,Yahoo5m extendedbars; bar timestamps not executable quote,-0.0008250730737214829
362.4700012207031,373.0899963378906,0.032260752838431106,0.2129401149744592,0.02153158069214478,273.79998779296875,0.3626370086619546,273.79998779296875,0.3626370086619546,0.8266572625827755,1.2239244928820983,806047588.8380432,1,1,1,0.8031089448377733,330.2766986846924,78.06751284031456,61.80232312293382,20.002575145772614,341.2719970703125,283.2819165632034,0.08574726804023115,0.22085017578955557,,,,False,True,False,CLS,2026-10-01,381.29998779296875,354.489990234375,377.6499938964844,2,373.09,2026-10-01 20:03:04+00:00,374.98,2026-10-01 19:59:43-04:00,0,0.0,"zero-volume is provider missing trade-size; preserved price proxy, cannot confirm afterhours volume",369.2145792406134,,,Yahoo5m extendedbars; bar timestamps not executable quote,0.0050658116825992305
420.4100036621094,451.44000244140625,0.0640394421743058,0.3971878465313329,0.003421682214582278,373.70001220703125,0.20802779688245443,373.70001220703125,0.20802779688245443,0.8191906646782505,1.2605251750364523,305276380.02349854,3,3,1,0.9546786952389875,531.8703005981446,96.7699007827016,58.83542823775786,22.326548710499424,519.1499954223633,318.3009001007305,0.12162236713451377,0.019562804475686146,,,,False,False,False,FN,2026-10-01,430.0,418.7900085449219,452.989990234375,4,451.44,2026-10-01 20:00:02+00:00,448.0001,2026-10-01 19:53:42-04:00,0,0.0,"zero-volume is provider missing trade-size; preserved price proxy, cannot confirm afterhours volume",443.77917319858443,,,Yahoo5m extendedbars; bar timestamps not executable quote,-0.007619844105092866
242.9199981689453,246.1199951171875,0.019932856521726938,0.3519113397824817,0.03633515662125708,226.94000244140625,0.08451569784720236,220.86584558738244,0.11434157899173059,0.7050265367265485,0.6495352037520712,1342479166.0677338,1,1,1,0.6963486233795173,264.050403137207,56.9752615878872,45.68392499650356,12.152605716495824,290.9630012512207,226.88253632202674,0.09054558532089999,-0.16329187052215133,,,,False,False,False,VRT,2026-10-01,295.3399963378906,238.3000030517578,249.52999877929688,4,246.12,2026-10-01 20:00:03+00:00,246.5,2026-10-01 19:59:15-04:00,0,0.0,"zero-volume is provider missing trade-size; preserved price proxy, cannot confirm afterhours volume",244.79368336788374,,,Yahoo5m extendedbars; bar timestamps not executable quote,0.0015439821646006102
236.17999267578125,232.27999877929688,-0.015262023185492746,0.2253718064216983,0.07266048091137522,195.14999389648438,0.1902639305359537,145.8000030517578,0.5931412477189,1.2092825512804652,0.7941397649744951,3519314695.8683777,0,0,0,0.34139751867013407,166.9312003326416,26.26239950292215,52.76522537503957,16.074406396571526,222.49449996948243,170.21348228970183,0.1707236815111634,0.015813878625954736,,,,False,False,False,NBIS,2026-10-01,254.74000549316406,228.47000122070312,239.6300048828125,3,232.28,2026-10-01 20:00:00+00:00,233.35,2026-10-01 19:59:57-04:00,0,0.0,"zero-volume is provider missing trade-size; preserved price proxy, cannot confirm afterhours volume",233.09496669054184,,,Yahoo5m extendedbars; bar timestamps not executable quote,0.004606514664742045
87.57499694824219,88.56999969482422,0.016643674271452857,0.4218668312066146,0.028017090888448615,78.2699966430664,0.13159580290681205,60.54999923706055,0.4627580645882752,0.9474270442128986,0.6755094487773411,2609664716.608238,1,3,2,0.9292242573093303,92.19262500762939,83.33568805319648,52.376867895162924,5.233222045490825,92.02924957275391,66.54538134182687,0.12729019278326842,-0.027908910451473368,,,,False,False,False,CRWV,2026-10-01,104.58999633789062,84.5,88.87999725341797,4,88.57,2026-10-01 20:00:00+00:00,88.45,2026-10-01 19:59:58-04:00,0,0.0,"zero-volume is provider missing trade-size; preserved price proxy, cannot confirm afterhours volume",86.88571736127145,,,Yahoo5m extendedbars; bar timestamps not executable quote,-0.001354857121346753
40.7599983215332,40.650001525878906,-0.00562621174723299,0.47118511677578445,0.1766254323407368,35.7599983215332,0.1367450624683375,28.93000030517578,0.4051158346723671,1.0507812421804763,1.0209641391699584,1593836807.0043373,0,0,0,0.8024330629414739,45.542600059509276,1.8889451344370372,43.716630788761464,2.691984883153066,46.199250030517575,28.95955602150224,0.12228673370478234,-0.09579624307466483,,,,True,False,False,IREN,2026-10-01,49.369998931884766,39.33000183105469,40.974998474121094,6,40.65,2026-10-01 20:00:01+00:00,40.81,2026-10-01 19:59:44-04:00,0,0.0,"zero-volume is provider missing trade-size; preserved price proxy, cannot confirm afterhours volume",40.146222513160176,,,Yahoo5m extendedbars; bar timestamps not executable quote,0.003936001675651557
284.6199951171875,277.5799865722656,0.0021661331581328547,0.20980418032094017,0.08193712341797199,204.3000030517578,0.35868811760097175,157.33399963378906,0.7642721040484661,1.1018832630955655,0.6446311293959173,4772246871.485367,0,1,0,0.35215236473993333,206.4260507583618,46.12649117312816,55.630451283324156,20.99400875616571,251.69050140380858,178.67799286288903,0.1112532889090912,0.15521056401269195,,,,False,False,False,BE,2026-10-01,302.35400390625,272.37799072265625,287.1499938964844,2,277.58,2026-10-01 20:00:03+00:00,278.75,2026-10-01 19:59:38-04:00,0,0.0,"zero-volume is provider missing trade-size; preserved price proxy, cannot confirm afterhours volume",277.6412653172611,,,Yahoo5m extendedbars; bar timestamps not executable quote,0.004215049658955694
947.4199829101562,987.4500122070312,0.03888523009436695,0.17433143754197655,0.016268521601572994,868.25,0.1372876616262957,868.25,0.1372876616262957,0.5420548838452348,1.3993157844721087,1966657974.5877075,1,1,1,0.7356748244425036,915.5188830566407,85.28540937387824,57.542653784876265,36.28178403715173,1003.5015869140625,880.3335423730691,0.04432428806335995,-0.05125477745499407,,,,False,True,False,GEV,2026-10-01,983.3400268554688,942.0,1003.780029296875,2,987.45,2026-10-01 20:00:03+00:00,987.0,2026-10-01 19:18:44-04:00,0,0.0,"zero-volume is provider missing trade-size; preserved price proxy, cannot confirm afterhours volume",977.578536297239,,,Yahoo5m extendedbars; bar timestamps not executable quote,-0.00045573163346812606
429.6300048828125,437.2799987792969,0.017616549474647636,0.08518828707260073,0.022466608755604134,384.7699890136719,0.13647116787936175,357.2510251368342,0.2240132792111933,0.46966653961870547,0.770525932037531,871572537.8111267,1,1,1,0.858172248101823,387.04844482421873,73.80967883365855,56.99180688724525,13.636082619556873,411.9759948730469,376.1825549742258,0.03956211840929723,-0.0035191176787092715,,,,False,False,False,ETN,2026-10-01,447.3299865722656,423.0,439.6400146484375,1,437.28,2026-10-01 20:00:02+00:00,437.28,2026-10-01 17:45:18-04:00,0,0.0,"zero-volume is provider missing trade-size; preserved price proxy, cannot confirm afterhours volume",433.9566816785067,,,Yahoo5m extendedbars; bar timestamps not executable quote,2.791582298655726e-09
261.510009765625,258.9200134277344,0.01928985541633832,0.36911219047677113,0.04457559620762219,247.1999969482422,0.04741107048616211,236.19690991784753,0.09620406768992118,0.3944074133646275,1.4182274261567858,803110230.0487518,0,1,1,0.18157326695006368,287.5486756134033,51.54163054221783,43.065405580307285,10.122695857701046,268.68988571166994,238.1331502225676,0.05718349527124723,-0.22960699812209262,,,,False,False,False,CEG,2026-10-01,305.79998779296875,256.239990234375,271.0,4,258.92,2026-10-01 20:00:01+00:00,259.48,2026-10-01 19:58:31-04:00,0,0.0,"zero-volume is provider missing trade-size; preserved price proxy, cannot confirm afterhours volume",261.4355263840571,,,Yahoo5m extendedbars; bar timestamps not executable quote,0.002162778245112129
139.16000366210938,139.75,0.010119218176520173,0.3525480405161796,0.030952795556167034,133.44000244140625,0.047287151102717306,133.44000244140625,0.047287151102717306,0.4156462495273506,0.9926949093987156,683490803.289032,1,1,0,0.5804355397807374,154.5913466644287,61.41703305587288,46.48037367890115,4.681959758526267,149.49990539550782,131.77386739843197,0.05792965823439233,-0.14657705286569966,,,,False,False,False,VST,2026-10-01,154.89999389648438,137.0800018310547,141.67999267578125,4,139.75,2026-10-01 20:00:03+00:00,139.785,2026-10-01 19:58:09-04:00,0,0.0,"zero-volume is provider missing trade-size; preserved price proxy, cannot confirm afterhours volume",139.2255469365284,,,Yahoo5m extendedbars; bar timestamps not executable quote,0.0002504472271913638
53.0,53.560001373291016,0.011138382839177563,0.3052956360897653,0.10703564884865524,51.029998779296875,0.049578731227024386,51.029998779296875,0.049578731227024386,0.4888374648748531,0.5688554520114302,114723237.37447739,2,2,0,0.7411362388163074,57.27519748687744,78.73713657790786,38.73059318205979,2.427309670106139,64.36963653564453,53.02466785557432,0.0643812101132726,-0.25042475434283795,,,,False,False,False,KGS,2026-10-01,65.16999816894531,52.51499938964844,53.92499923706055,3,53.56,2026-10-01 20:00:02+00:00,53.56,2026-10-01 17:49:31-04:00,0,0.0,"zero-volume is provider missing trade-size; preserved price proxy, cannot confirm afterhours volume",53.463566286284816,,,Yahoo5m extendedbars; bar timestamps not executable quote,-2.5640234824209074e-08
72.30999755859375,70.45999908447266,0.011194012283018528,0.5333774895068035,0.06626027114581357,60.5099983215332,0.16443564764401297,58.20000076293945,0.21065288936113058,0.8364181165100871,1.128593893581576,1379100829.7279358,0,1,0,0.3221383209142,81.32140012741088,51.661228414149484,52.36437615989424,3.9319210061106475,87.60049934387207,37.93145587843038,0.12971386284588524,-0.005671206616980173,,,,False,False,False,RKLB,2026-10-01,75.45999908447266,69.42400360107422,72.63999938964844,5,70.46,2026-10-01 20:00:00+00:00,71.05,2026-10-01 19:59:42-04:00,0,0.0,"zero-volume is provider missing trade-size; preserved price proxy, cannot confirm afterhours volume",70.98750182124634,,,Yahoo5m extendedbars; bar timestamps not executable quote,0.0083735583762925
59.314998626708984,57.040000915527344,-0.030920823580558032,0.5738831566155217,0.1287612669619138,57.27000045776367,-0.004016056231847753,52.79999923706055,0.08030306325252212,1.04318216089052,1.2055570282891077,629347261.341362,0,0,0,0.03785573233116365,81.1390749168396,4.026526921422729,41.72831457088709,4.102624946234387,73.73050060272217,41.74162350148546,0.11535574117431625,-0.2082089162543449,,,,False,False,False,ASTS,2026-10-01,67.19999694824219,56.91999816894531,60.09000015258789,4,57.04,2026-10-01 20:00:01+00:00,57.44,2026-10-01 19:59:58-04:00,0,0.0,"zero-volume is provider missing trade-size; preserved price proxy, cannot confirm afterhours volume",58.07895271007072,,,Yahoo5m extendedbars; bar timestamps not executable quote,0.007012606557721179
14.305000305175781,14.050000190734863,-0.013342667376207484,0.699465236561821,0.13591635959644444,13.479999542236328,0.042284916012984786,11.289999961853027,0.24446414864547417,0.9682573489558766,1.1086543962386044,110533086.8685484,0,0,0,0.21311506165273417,20.19955003261566,4.336669485184174,42.00006020752636,1.0267710846373144,20.84450011253357,3.3018063754534985,0.14737106107906656,-0.17682018631381669,,,,False,False,False,LUNR,2026-10-01,16.260000228881836,13.920000076293945,14.529999732971191,5,14.05,2026-10-01 20:00:01+00:00,14.1,2026-10-01 19:59:44-04:00,0,0.0,"zero-volume is provider missing trade-size; preserved price proxy, cannot confirm afterhours volume",14.204803420970505,,,Yahoo5m extendedbars; bar timestamps not executable quote,0.0035587052374639327
10.670000076293945,10.569999694824219,0.012452118741957285,0.6032282305933,0.12427506527968024,10.140000343322754,0.04240624624678846,7.760000228881836,0.36211332255943574,1.0907900177812575,0.9487931132558448,144752971.8566656,0,1,0,0.33913001653588887,11.033550012111665,31.19302164277093,44.53103372283607,0.7418220999214749,12.789500045776368,5.189535560765151,0.1905765634942182,-0.09907819359664982,,,,True,False,False,RDW,2026-10-01,12.069999694824219,10.375,10.949999809265137,6,10.57,2026-10-01 20:00:02+00:00,10.64,2026-10-01 19:58:10-04:00,0,0.0,"zero-volume is provider missing trade-size; preserved price proxy, cannot confirm afterhours volume",10.68157909828887,,,Yahoo5m extendedbars; bar timestamps not executable quote,0.0066225456193778065
16.489999771118164,16.139999389648438,-0.015253203740684396,0.6881761995163382,0.1122112695975348,15.600000381469727,0.03461532019064184,15.600000381469727,0.03461532019064184,0.863624032289385,0.6045418465471079,228981589.82521057,0,0,0,0.06614492882694334,27.341450004577638,9.449739872694494,35.06873496635478,1.0031764468305877,26.796999835968016,8.097621858672507,0.0969889341329275,-0.31490779211339526,,,,False,False,False,PL,2026-10-01,20.3799991607666,16.106000900268555,16.6200008392334,4,16.14,2026-10-01 20:00:02+00:00,16.2,2026-10-01 19:49:27-04:00,0,0.0,"zero-volume is provider missing trade-size; preserved price proxy, cannot confirm afterhours volume",16.307864288568723,,,Yahoo5m extendedbars; bar timestamps not executable quote,0.0037175100756225987
6.480000019073486,6.329999923706055,-0.020123856605766877,0.6629393135109239,0.12448134066295136,6.369999885559082,-0.006279428975141443,6.369999885559082,-0.006279428975141443,0.9957268045816025,0.6423352177307619,63403124.92361784,0,0,0,0.10638332410095956,10.951799950599671,6.5085713235065725,30.584465319185625,0.4377981730501103,9.412499928474427,5.493658836745379,0.12900617816900542,-0.3614941462471247,,,,False,False,False,RCAT,2026-10-01,8.904999732971191,6.304999828338623,6.539999961853027,4,6.33,2026-10-01 20:00:00+00:00,6.35,2026-10-01 19:59:37-04:00,0,0.0,"zero-volume is provider missing trade-size; preserved price proxy, cannot confirm afterhours volume",6.379931199895008,,,Yahoo5m extendedbars; bar timestamps not executable quote,0.003159569752764879
7.3520002365112305,7.119999885559082,-0.02864939158700519,0.5340314129590236,0.10776944003243927,6.980000019073486,0.020057287407311275,6.21999979019165,0.14469455397517006,0.8991246258556543,0.641572832574773,478528093.1542468,0,0,0,0.0,9.44435001373291,4.652826339446818,39.66310093033832,0.42256929464948334,8.554250025749207,5.5111474160837925,0.10192220320226658,-0.18670046602149637,,,,True,False,False,ONDS,2026-10-01,7.980000019073486,7.119999885559082,7.425000190734863,5,7.12,2026-10-01 20:00:00+00:00,7.15,2026-10-01 19:59:41-04:00,0,0.0,"zero-volume is provider missing trade-size; preserved price proxy, cannot confirm afterhours volume",7.249611835127078,,,Yahoo5m extendedbars; bar timestamps not executable quote,0.00421349928695447
24.700000762939453,21.780000686645508,-0.11029407296076144,0.37639576519000695,0.15515903388133234,21.329999923706055,0.02109708225733864,15.779999732971191,0.3802282037519773,1.4455758912171455,2.2255781067362004,58279841.65669441,0,0,0,0.07076967679537259,18.58739999771118,9.112548662622288,42.76392635463005,1.9167250936876334,23.1915002822876,14.000991270308905,0.15414464619348478,-0.19747064922628887,,,,True,False,True,UMAC,2026-10-01,26.200000762939453,21.549999237060547,24.799999237060547,6,21.78,2026-10-01 20:00:00+00:00,22.098,2026-10-01 19:59:59-04:00,0,0.0,"zero-volume is provider missing trade-size; preserved price proxy, cannot confirm afterhours volume",22.55883028410063,,,Yahoo5m extendedbars; bar timestamps not executable quote,0.014600518977461396
190.08999633789062,190.0399932861328,0.01598497827101153,0.08423289623383945,0.023833981735225662,164.5500030517578,0.15490726078174144,117.88999938964844,0.612011148274038,0.6950208097071288,0.7103831222554573,4488145501.783676,0,2,1,0.6615363848973113,152.07702465057372,84.57868711357405,63.06484651812893,6.254291173650251,149.39649925231933,99.93041946781479,0.1224504165293365,-0.0008669680325068541,,,,False,False,False,PLTR,2026-10-01,194.67999267578125,186.60000610351562,191.8000030517578,3,190.04,2026-10-01 20:00:00+00:00,190.56,2026-10-01 19:59:54-04:00,0,0.0,"zero-volume is provider missing trade-size; preserved price proxy, cannot confirm afterhours volume",189.62575386264947,,,Yahoo5m extendedbars; bar timestamps not executable quote,0.002736301474628222
139.60000610351562,138.07000732421875,0.005608188312790308,0.5678000447843036,0.10110675886842568,131.5800018310547,0.04932364647248644,114.5,0.20585159235125539,0.6165246962954343,0.7123990722790906,5230435148.5772705,0,1,0,0.5569118928658932,162.4131232070923,63.51976683779585,43.567498373048856,6.876561897630859,158.85565223693848,101.5331910229747,0.07734550878598831,-0.17500438983411915,,,,True,False,False,ORCL,2026-10-01,170.6999969482422,135.3300018310547,140.25,5,138.07,2026-10-01 20:04:22+00:00,138.44,2026-10-01 19:59:49-04:00,0,2331359.0,"zero-volume is provider missing trade-size; preserved price proxy, cannot confirm afterhours volume",137.41543907261746,,,Yahoo5m extendedbars; bar timestamps not executable quote,0.002679746912104042
195.3000030517578,186.75,-0.01947919029237888,0.24514953675326756,0.06390977443609025,181.47000122070312,0.029095711378076983,127.11000061035156,0.4691998985388368,0.6432895103533925,0.9567142250299108,494471699.5806122,0,0,0,0.2890997317057296,157.38949954986572,17.755117103438508,47.6457875623802,7.996782251818901,158.91149787902833,98.96373585380019,0.07551487489595811,-0.19260567021889363,,,,False,False,True,WDAY,2026-10-01,211.8300018310547,183.08999633789062,195.75,3,186.75,2026-10-01 20:00:01+00:00,187.5,2026-10-01 19:57:37-04:00,0,0.0,"zero-volume is provider missing trade-size; preserved price proxy, cannot confirm afterhours volume",187.05689799860164,,,Yahoo5m extendedbars; bar timestamps not executable quote,0.004016064257028162
235.27999877929688,236.69000244140625,0.03101448312075017,0.11616500888349524,0.030951883556166848,221.17999267578125,0.07012392747639029,154.87751572533796,0.5282399212882247,0.5691228486116826,0.7517837898976697,3105900098.99704,2,2,2,0.6827591408071025,199.74499473571777,85.00830056066816,53.097564562072016,9.013086331587894,193.9697608947754,126.74423839290658,0.07884089432653044,-0.1994670131282691,,,,False,False,False,CRM,2026-10-01,268.2699890136719,230.75,239.4499969482422,2,236.69,2026-10-01 20:00:02+00:00,236.9,2026-10-01 19:57:41-04:00,0,0.0,"zero-volume is provider missing trade-size; preserved price proxy, cannot confirm afterhours volume",234.74211530370943,,,Yahoo5m extendedbars; bar timestamps not executable quote,0.000887226145708242
139.0500030517578,137.75999450683594,0.02798298749134509,0.2860918914901054,0.030541952218623547,126.75,0.08686386198687135,91.52999877929688,0.505080261598297,0.6503843470261327,0.8172398388924194,1714476261.8772125,0,2,2,0.4958525438911691,115.85670997619629,83.68546034645998,54.30304004064056,6.034758227113642,116.18899917602539,84.25740151693061,0.06796734069065206,-0.114704734255626,,,,False,False,False,NOW,2026-10-01,147.57000732421875,134.77000427246094,140.8000030517578,2,137.76,2026-10-01 20:00:03+00:00,137.496,2026-10-01 19:20:31-04:00,0,0.0,"zero-volume is provider missing trade-size; preserved price proxy, cannot confirm afterhours volume",137.75412357876667,,,Yahoo5m extendedbars; bar timestamps not executable quote,-0.0019163365081494854
341.57000732421875,341.989990234375,0.007156298425175844,0.11069796025191758,0.018989688750629008,303.8900146484375,0.12537422669189824,253.0,0.35173909183547436,0.7237523872234143,0.6269322659284787,1927060501.4097595,2,3,0,0.7002198646176088,227.3571997833252,87.91863849515067,57.79107143332102,14.555228456413047,277.2039985656738,170.38852741365557,0.04445790404945165,-0.004112432886202999,,,,False,False,False,SNOW,2026-10-01,384.55999755859375,336.3139953613281,344.4200134277344,1,341.99,2026-10-01 20:00:02+00:00,342.2,2026-10-01 19:44:51-04:00,0,139316.0,"zero-volume is provider missing trade-size; preserved price proxy, cannot confirm afterhours volume",340.41797978439547,,,Yahoo5m extendedbars; bar timestamps not executable quote,0.0006140816153159534
278.75,276.4599914550781,0.009530711314192697,0.055547997054582465,0.015105167679244302,203.24000549316406,0.36026364880400874,203.24000549316406,0.36026364880400874,0.6662038893724368,0.8095533797710791,856891481.3392639,0,2,0,0.5975332717506586,184.15755043029785,99.26355936922707,70.28156191670655,12.188671922330062,239.50149993896486,204.87069699017,0.08570087492248853,0.19900954773383406,,,,False,False,False,DDOG,2026-10-01,280.70001220703125,271.1300048828125,280.04998779296875,2,276.46,2026-10-01 20:00:01+00:00,277.02,2026-10-01 19:55:48-04:00,0,0.0,"zero-volume is provider missing trade-size; preserved price proxy, cannot confirm afterhours volume",275.27289788334076,,,Yahoo5m extendedbars; bar timestamps not executable quote,0.0020256404623844038
350.010009765625,351.0,0.010711821106251573,0.04471598128430143,0.04471598128430143,269.29998779296875,0.30337919016112336,250.69000244140625,0.40013561203757697,0.6036767709192006,0.8813905020904551,1027180261.723175,1,1,0,0.7578863019650388,234.44405006408692,56.72247544310014,61.408944946708154,16.474416860771026,269.60700073242185,191.92396567063804,0.06408298521027117,0.16462851620625396,,,,False,False,False,NET,2026-10-01,367.42999267578125,342.1099853515625,353.8399963378906,2,351.0,2026-10-01 20:04:07+00:00,351.73,2026-10-01 19:55:54-04:00,0,172230.0,"zero-volume is provider missing trade-size; preserved price proxy, cannot confirm afterhours volume",349.98785577183696,,,Yahoo5m extendedbars; bar timestamps not executable quote,0.0020797720797720576
263.614990234375,266.0899963378906,0.005061364826782322,0.011919760863657647,0.011919760863657647,200.60000610351562,0.3264705296199253,174.13999938964844,0.5280234137505577,0.6592219094794098,0.6219022941095639,2652165382.9854584,4,4,0,0.6790008544921875,152.80069988250733,88.33898073435299,67.241574858153,11.750561348677437,194.5898750305176,144.21191884480177,0.08890808588096598,0.1857703222951903,,,,False,False,False,CRWD,2026-10-01,268.95001220703125,259.29998779296875,269.29998779296875,1,266.09,2026-10-01 20:00:01+00:00,266.26,2026-10-01 19:59:25-04:00,0,0.0,"zero-volume is provider missing trade-size; preserved price proxy, cannot confirm afterhours volume",265.15685366481455,,,Yahoo5m extendedbars; bar timestamps not executable quote,0.0006388953528846386
396.010009765625,396.25,-0.002667935780894637,0.02085547552568523,0.02085547552568523,321.3900146484375,0.23292567267047937,308.5400085449219,0.2842742886691403,0.5904857339576675,0.7848006770365608,2454738906.9914246,2,0,0,0.7984440255756367,249.2532999420166,69.50988455435859,60.42284388417524,17.560029979704698,324.8419960021973,242.97638318498377,0.0759888393942035,0.08400241781050388,,,,False,False,False,PANW,2026-10-01,404.69000244140625,387.0199890136719,398.5799865722656,1,396.25,2026-10-01 20:00:00+00:00,396.4925,2026-10-01 19:59:51-04:00,0,0.0,"zero-volume is provider missing trade-size; preserved price proxy, cannot confirm afterhours volume",393.006983172557,,,Yahoo5m extendedbars; bar timestamps not executable quote,0.0006119873817034271
202.64999389648438,198.77999877929688,-0.0032093039591056804,0.41013085094591006,0.08383648586932202,159.1999969482422,0.2486181067197044,138.02999877929688,0.44012171656348587,0.8951570037811843,0.3686392791595268,737985067.367096,0,0,0,0.067999267578125,166.59009979248046,39.512038019342135,56.31990797461675,9.614721430262161,158.6787494659424,113.86789155938412,0.08315707053960167,0.028501956931392902,,,,False,False,False,ZS,2026-10-01,216.97000122070312,198.44000244140625,203.44000244140625,3,198.78,2026-10-01 20:00:00+00:00,199.0,2026-10-01 19:56:17-04:00,0,0.0,"zero-volume is provider missing trade-size; preserved price proxy, cannot confirm afterhours volume",200.07616991555668,,,Yahoo5m extendedbars; bar timestamps not executable quote,0.0011067573299836653
24.1200008392334,24.670000076293945,0.03829965650867062,0.0008100630753766769,0.0008100630753766769,19.06999969482422,0.29365498013036784,17.200000762939453,0.43430226639582314,0.6020259124139342,0.9934532853022902,199479871.22833252,4,4,4,0.9843746507542218,16.633899941444398,92.6799228946049,63.77379639158796,1.1295934846887061,18.888499879837035,13.871431853870533,0.07683890612795907,0.1312454223309496,,,,False,False,False,S,2026-10-01,24.398000717163086,23.40999984741211,24.690000534057617,1,24.67,2026-10-01 20:00:02+00:00,24.72,2026-10-01 19:55:32-04:00,0,0.0,"zero-volume is provider missing trade-size; preserved price proxy, cannot confirm afterhours volume",24.31509812365235,,,Yahoo5m extendedbars; bar timestamps not executable quote,0.0020267500426196516
352.4700012207031,351.7300109863281,0.008949903232459588,0.25654194367233085,0.200159156369919,300.0,0.17243336995442715,291.7900085449219,0.20542170974362994,0.813945839012096,0.7797176499965813,1214160486.4370728,0,3,0,0.7128216364136352,343.1584998321533,48.373934716035244,41.74049537577918,27.16020045168748,361.0329956054687,269.9646504808065,0.10701521146736659,-0.18536417191690846,,,,False,False,False,MDB,2026-10-01,439.75,342.0,355.6499938964844,3,351.73,2026-10-01 20:00:01+00:00,351.49,2026-10-01 19:59:05-04:00,0,0.0,"zero-volume is provider missing trade-size; preserved price proxy, cannot confirm afterhours volume",351.79146415559836,,,Yahoo5m extendedbars; bar timestamps not executable quote,-0.0006823727826211767
116.25,115.4000015258789,0.008124401985308838,0.014096552608796609,0.014096552608796609,85.77999877929688,0.3453019721157988,67.30999755859375,0.7144555892372826,0.6955698792841583,0.6533323865205419,325655790.15068054,0,1,0,0.5258620878651089,71.6640000152588,79.60499510478064,64.71984905479962,5.324854009159256,83.38750019073487,56.26642038931666,0.11422820547267519,0.20138663608644047,,,,False,False,False,RBRK,2026-10-01,116.75,113.56999969482422,117.05000305175781,2,115.4,2026-10-01 20:00:02+00:00,115.4,2026-10-01 19:24:22-04:00,0,246459.0,"zero-volume is provider missing trade-size; preserved price proxy, cannot confirm afterhours volume",115.75139961233654,,,Yahoo5m extendedbars; bar timestamps not executable quote,-1.3222520633959789e-08
291.0,281.30999755859375,-0.03140169867844367,0.6188263115185506,0.1651035925676012,290.3599853515625,-0.03116816451830029,290.3599853515625,-0.03116816451830029,0.6990472129819972,1.6473232003051248,1532883985.9910583,0,0,0,0.37648428015549734,458.25087539672853,0.48550573837395916,32.007197924787704,15.742948129484217,419.60449981689453,228.88097675403324,0.06196166828992167,-0.24060011608098408,,,,True,False,False,APP,2026-10-01,338.3399963378906,275.1300048828125,291.5450134277344,5,281.31,2026-10-01 20:00:01+00:00,279.95,2026-10-01 19:59:48-04:00,0,0.0,"zero-volume is provider missing trade-size; preserved price proxy, cannot confirm afterhours volume",281.5524312519346,,,Yahoo5m extendedbars; bar timestamps not executable quote,-0.004834515553648222
150.1699981689453,149.08999633789062,0.005326994402401253,0.18167849860016794,0.02325735761237535,124.02999877929688,0.20204787394367663,111.05500030517578,0.3424879197532378,0.5956728631074769,0.46741486541381216,1455872355.2162552,0,4,0,0.2332614885707506,129.59110000610352,89.50953528779857,59.138744248296,6.63358990530281,125.73049964904786,91.50230095680932,0.1038176684223806,-0.07141980094002065,,,,False,False,False,SHOP,2026-10-01,151.72500610351562,148.00999450683594,152.63999938964844,0,149.09,2026-10-01 20:00:01+00:00,149.1,2026-10-01 19:55:49-04:00,0,0.0,"zero-volume is provider missing trade-size; preserved price proxy, cannot confirm afterhours volume",150.0075775672406,,,Yahoo5m extendedbars; bar timestamps not executable quote,6.709814444350037e-05
183.72000122070312,189.91000366210938,0.05923370390799132,0.05044998168945314,0.05044998168945314,168.0500030517578,0.130080334503885,80.0,1.373875045776367,0.8574390257730999,0.8386496193254313,600512400.2471161,2,2,2,0.8635289809283089,112.21357498168945,84.74256104004829,57.719602025714046,9.42414738111047,125.31899986267089,36.723070452451836,0.14245657671438586,-0.10369958051098593,,,,False,False,False,TEAM,2026-10-01,200.0,182.57000732421875,191.07000732421875,3,189.91,2026-10-01 20:00:00+00:00,190.1679,2026-10-01 19:43:44-04:00,0,0.0,"zero-volume is provider missing trade-size; preserved price proxy, cannot confirm afterhours volume",188.02363309441276,,,Yahoo5m extendedbars; bar timestamps not executable quote,0.0013579923801669835
14.130000114440918,14.300000190734863,0.03249096006287511,0.03116531375432241,0.012430894833693196,11.949999809265137,0.19665275472621446,7.514999866485596,0.902861003964633,0.6584285162068302,0.8803580406466199,21515168.340792656,1,3,4,0.6896562496917,9.118525021076202,95.60330203638077,63.184026129848235,0.6844538821531841,9.883000087738036,4.426399986456291,0.10969850693137724,-0.04631446501764347,,,,False,False,False,AMPL,2026-10-01,14.470000267028809,13.899999618530273,14.479999542236328,1,14.3,2026-10-01 20:00:01+00:00,14.3,2026-10-01 19:46:51-04:00,0,0.0,"zero-volume is provider missing trade-size; preserved price proxy, cannot confirm afterhours volume",14.275556986153306,,,Yahoo5m extendedbars; bar timestamps not executable quote,-1.3338102067272928e-08
76.58000183105469,78.30999755859375,0.04832665003792225,0.04383399145787292,0.04383399145787292,67.97000122070312,0.15212588130337035,37.01458919963156,1.1156522131379818,0.6817519103551194,0.8317322707956729,118170285.40958405,2,2,2,0.8278927720035407,43.83245409011841,85.0102497192255,62.79585584458451,3.3512602523821298,53.05260257720947,24.8968510642986,0.06631798779567306,-0.04336416511227803,,,,False,False,False,RNG,2026-10-01,81.9000015258789,75.5199966430664,78.88999938964844,2,78.31,2026-10-01 20:00:03+00:00,77.88,2026-10-01 16:25:14-04:00,0,251530.0,"zero-volume is provider missing trade-size; preserved price proxy, cannot confirm afterhours volume",77.7537679716641,,,Yahoo5m extendedbars; bar timestamps not executable quote,-0.005490966313362766
13.069999694824219,13.319999694824219,0.037383141474463644,0.32862905280336985,0.04516129914370981,11.569999694824219,0.1512532451304085,10.15999984741211,0.3110236116998568,0.6692303440711219,0.7728245557490974,780434248.2233572,4,3,2,0.7524753036177296,12.693449988365174,92.43095933053154,44.833612453976635,0.7630755271795778,12.752000045776366,8.263532464182477,0.1098453113136582,-0.38190014058655486,,,,False,False,False,PATH,2026-10-01,18.829999923706055,12.9399995803833,13.444999694824219,1,13.32,2026-10-01 20:00:02+00:00,13.33,2026-10-01 19:57:17-04:00,0,0.0,"zero-volume is provider missing trade-size; preserved price proxy, cannot confirm afterhours volume",13.228444763386207,,,Yahoo5m extendedbars; bar timestamps not executable quote,0.0007507736790464126
294.25,301.2699890136719,0.030123770142922224,0.015296692291656089,0.015296692291656089,221.86000061035156,0.35792837007508416,179.64500427246094,0.6770295964186503,0.6700888748650704,1.0182100975873951,666633832.2533417,4,4,4,0.7462026803830254,175.3068000793457,89.38687121110334,69.87544327959297,14.131887508885493,216.33050003051758,169.39062626157536,0.08486024425906359,0.2063323597987481,,,,False,False,False,TWLO,2026-10-01,304.75,287.510009765625,305.95001220703125,1,301.27,2026-10-01 20:00:02+00:00,304.909,2026-10-01 19:59:17-04:00,0,0.0,"zero-volume is provider missing trade-size; preserved price proxy, cannot confirm afterhours volume",298.840946045233,,,Yahoo5m extendedbars; bar timestamps not executable quote,0.012078903040564581
26.045000076293945,26.389999389648438,0.028048278582570196,0.24210225097815985,0.15767636597789236,19.760000228881836,0.33552626943171715,18.0,0.46611107720269107,0.8749925050604536,0.4333663702135972,212683470.0390911,4,3,4,0.7999994550430993,19.885674982070924,82.49651453814599,55.33841096029644,2.3745234411637344,20.8752498626709,14.047834616675306,0.12317527258102746,0.1694163293525044,,,,False,False,False,FSLY,2026-10-01,31.329999923706055,25.270000457763672,26.670000076293945,3,26.39,2026-10-01 20:00:01+00:00,26.55,2026-10-01 19:59:33-04:00,0,0.0,"zero-volume is provider missing trade-size; preserved price proxy, cannot confirm afterhours volume",26.129333295167957,,,Yahoo5m extendedbars; bar timestamps not executable quote,0.0060629258829889565
153.8300018310547,160.5,0.04840292533389623,0.5605268099031678,0.06244524965799425,121.37999725341797,0.32229365325249626,89.20999908447266,0.7991256770221808,0.8695259144326231,0.8207929374037891,3445297031.935463,1,1,1,0.8793293632053356,136.00170009613038,79.90506313680223,63.05582851413128,8.950590371716428,121.8384994506836,66.22393573141908,0.10860578027565479,0.18055399383235082,,,,False,False,False,MSTR,2026-10-01,171.19000244140625,152.6300048828125,161.5800018310547,3,160.5,2026-10-01 20:00:01+00:00,161.11,2026-10-01 19:59:56-04:00,0,0.0,"zero-volume is provider missing trade-size; preserved price proxy, cannot confirm afterhours volume",158.07488926178885,,,Yahoo5m extendedbars; bar timestamps not executable quote,0.003800623052959695
186.00999450683594,189.2899932861328,0.015449758958450355,0.5293167108552836,0.09139350250840195,161.17999267578125,0.17440130219447103,139.11000061035156,0.36072167677100286,0.7277905861935189,0.6023580204880583,1796089631.6907501,1,1,1,0.5431158859907709,185.7460496520996,50.15222744693004,53.351409631277406,10.940732934078783,169.8314987182617,136.13514311897387,0.09063899530577921,-0.04040711726703172,,,,False,False,False,COIN,2026-10-01,208.3300018310547,185.6999969482422,192.30999755859375,3,189.29,2026-10-01 20:00:01+00:00,189.98,2026-10-01 19:59:55-04:00,0,0.0,"zero-volume is provider missing trade-size; preserved price proxy, cannot confirm afterhours volume",188.86873763015095,,,Yahoo5m extendedbars; bar timestamps not executable quote,0.003645236084002468
112.06999969482422,111.1500015258789,-0.011999986436631915,0.2775900098469073,0.1230077055441331,101.70500183105469,0.09286661938725094,83.68000030517578,0.3282743919756421,0.7325142177583536,0.7758357050794411,2736563831.0814667,0,0,0,0.15555517879460176,94.33817497253418,1.1940382868719865,47.834949962903046,6.11008435846398,100.4425006866455,73.07563194711594,0.08832657092290529,-0.08342929915361541,,,,False,False,True,HOOD,2026-10-01,126.73999786376953,110.66000366210938,113.80999755859375,2,111.15,2026-10-01 20:00:01+00:00,111.4,2026-10-01 19:59:57-04:00,0,0.0,"zero-volume is provider missing trade-size; preserved price proxy, cannot confirm afterhours volume",111.94851040636294,,,Yahoo5m extendedbars; bar timestamps not executable quote,0.0022491990165460773
15.729999542236328,15.460000038146973,-0.023064756746756232,0.4870603732176352,0.21701699766819516,14.180000305175781,0.0902679623006768,14.180000305175781,0.0902679623006768,1.1740593587098127,1.1395788148044497,594806688.6653328,0,0,0,0.5918369332933698,18.315075035095216,0.7970310981784223,41.75824329500386,1.4257366240323355,20.491500043869017,13.269897555230184,0.15535348944886837,-0.1038661678446029,,,,True,False,False,CIFR,2026-10-01,19.7450008392334,14.880000114440918,15.859999656677246,6,15.46,2026-10-01 20:00:01+00:00,15.47,2026-10-01 19:59:56-04:00,0,0.0,"zero-volume is provider missing trade-size; preserved price proxy, cannot confirm afterhours volume",15.228668093244615,,,Yahoo5m extendedbars; bar timestamps not executable quote,0.0006468280613423083
14.920000076293945,14.90999984741211,0.007432409139163987,0.5003351283120208,0.1684328168634721,14.270000457763672,0.04484929005732741,14.239999771118164,0.047050567911725016,0.8782290251502138,1.078404545368568,448469243.56034756,0,1,0,0.6707314094713741,18.05050000190735,28.777074828320437,41.968556232596306,1.046068065928169,20.222499799728393,12.0611818545586,0.0682358864686335,-0.11623858776104035,,,,True,False,False,WULF,2026-10-01,18.079999923706055,14.359999656677246,15.180000305175781,5,14.91,2026-10-01 20:00:01+00:00,14.94,2026-10-01 19:58:23-04:00,0,0.0,"zero-volume is provider missing trade-size; preserved price proxy, cannot confirm afterhours volume",14.717087887301512,,,Yahoo5m extendedbars; bar timestamps not executable quote,0.00201208268912878
69.37999725341797,70.43000030517578,0.01733348100613674,0.22125167620594033,0.04007090542930658,66.02999877929688,0.06663640174499719,66.02999877929688,0.06663640174499719,0.5519241664126266,0.9594668570748542,298109758.11740875,1,1,1,0.9849840767979472,66.7578000831604,74.2771717685057,47.43123447143669,3.4316617576608315,73.42999992370605,62.210217837593845,0.04472380539374829,-0.1717108007044521,,,,False,False,False,AFRM,2026-10-01,75.98999786376953,67.1500015258789,70.4800033569336,3,70.43,2026-10-01 20:00:00+00:00,70.7,2026-10-01 19:56:48-04:00,0,0.0,"zero-volume is provider missing trade-size; preserved price proxy, cannot confirm afterhours volume",69.20116048764929,,,Yahoo5m extendedbars; bar timestamps not executable quote,0.0038335892894263424
15.789999961853027,15.84000015258789,0.00763358037663453,0.516040318541795,0.11804003563216292,15.710000038146973,0.008274991351066241,14.880000114440918,0.06451613109971022,0.5339635963770208,0.8289488137785523,764119546.6915512,1,1,0,0.6199996566779009,18.99377495765686,38.786108672530034,36.78781684384271,0.6474351347861854,17.38199977874756,15.343013729885413,0.0537813406939985,-0.23441909503561453,,,,False,False,False,SOFI,2026-10-01,18.709999084472656,15.529999732971191,16.030000686645508,4,15.84,2026-10-01 20:00:00+00:00,15.82,2026-10-01 19:59:59-04:00,0,0.0,"zero-volume is provider missing trade-size; preserved price proxy, cannot confirm afterhours volume",15.77079926640327,,,Yahoo5m extendedbars; bar timestamps not executable quote,-0.0012626358835370333
22.989999771118164,22.950000762939453,-0.0017398437832505387,0.5843897092429795,0.13754226845031836,22.78499984741211,0.007241646549586589,22.78499984741211,0.007241646549586589,0.550746846525634,1.1205804285701073,109351992.78303146,0,0,0,0.47878909781128554,32.36875003814697,11.981011055937813,31.370426935546703,1.151146065824838,29.64700002670288,23.828848596395083,0.06205447073395902,-0.3076149621761698,,,,False,False,False,UPST,2026-10-01,29.020000457763672,22.55500030517578,23.3799991607666,4,22.95,2026-10-01 20:00:00+00:00,23.0314,2026-10-01 19:59:23-04:00,0,0.0,"zero-volume is provider missing trade-size; preserved price proxy, cannot confirm afterhours volume",22.965885107220828,,,Yahoo5m extendedbars; bar timestamps not executable quote,0.003546807597148094
144.13999938964844,149.52999877929688,0.0497753174415112,0.43252372379773485,0.07509123230744474,141.32200622558594,0.05808007381814906,135.2220001220703,0.10581117454489775,0.8090721937746805,0.8308956397021287,754313757.5797272,1,1,1,0.9035382168505275,168.90400009155275,74.96200957440226,46.93058159684058,7.677472355602559,164.64399948120118,134.2550747053988,0.08962996841685464,-0.176517715518416,,,,True,False,False,RDDT,2026-10-01,166.17999267578125,143.02000427246094,150.22500610351562,5,149.53,2026-10-01 20:04:28+00:00,149.15,2026-10-01 19:40:52-04:00,0,470003.0,"zero-volume is provider missing trade-size; preserved price proxy, cannot confirm afterhours volume",147.0544240534152,,,Yahoo5m extendedbars; bar timestamps not executable quote,-0.002541287918137014
43.0099983215332,43.0,0.014869036676825154,0.697076428852065,0.1724403241406176,39.374000549316406,0.09209121247768537,33.880001068115234,0.2691853200815768,0.8134074307944801,0.8341286885437049,543502220.9992409,0,2,2,0.7091980539400018,55.62710004806519,57.32413252098697,45.49105855986084,2.437316315088047,45.19799976348877,33.95209447163392,0.0944151338380522,-0.07887539028604285,,,,False,False,False,RBLX,2026-10-01,51.959999084472656,41.80500030517578,43.4900016784668,4,43.0,2026-10-01 20:00:02+00:00,43.1085,2026-10-01 19:56:23-04:00,0,985762.0,"zero-volume is provider missing trade-size; preserved price proxy, cannot confirm afterhours volume",42.8788043782563,,,Yahoo5m extendedbars; bar timestamps not executable quote,0.0025232558139534067
81.9800033569336,76.5,-0.06593408333664807,0.26667944570751845,0.14131773325189834,57.720001220703125,0.32536379733410037,40.77000045776367,0.8763796698813233,0.8707412660736773,1.0499445565365755,503825969.14463043,0,0,0,0.0841802441849392,56.4077498626709,5.503294754599253,56.48160482661457,5.04283713152052,56.33500003814697,33.56881264927135,0.17791162256103676,0.11275474779702432,,,,False,False,True,TEM,2026-10-01,89.08999633789062,75.91999816894531,82.80999755859375,3,76.5,2026-10-01 20:00:01+00:00,76.53,2026-10-01 19:59:37-04:00,0,0.0,"zero-volume is provider missing trade-size; preserved price proxy, cannot confirm afterhours volume",78.33613651800495,,,Yahoo5m extendedbars; bar timestamps not executable quote,0.00039215686274518546
145.67999267578125,146.57000732421875,0.029283803416211507,0.5847875146622699,0.04202609592013884,133.67999267578125,0.09642441168963933,112.02100372314453,0.3084154082966504,0.6229872349189053,0.7214828036682058,170707064.9786377,1,1,1,0.8260880192184139,127.5871501159668,80.03224407793905,51.79896783405475,7.177721179951738,129.52749900817872,102.66263941579591,0.06059286595094767,-0.19377170924967146,,,,False,False,False,DUOL,2026-10-01,167.3800048828125,142.9600067138672,147.3300018310547,3,146.57,2026-10-01 20:00:01+00:00,146.69,2026-10-01 19:52:24-04:00,0,0.0,"zero-volume is provider missing trade-size; preserved price proxy, cannot confirm afterhours volume",145.77224843350064,,,Yahoo5m extendedbars; bar timestamps not executable quote,0.000818671418333361
29.65999984741211,29.299999237060547,-0.016448528479614644,0.5512948495192882,0.07890601292116295,26.729999542236328,0.09614664193178668,24.239999771118164,0.20874585452642402,0.8256246509837243,0.8170990360148808,277362572.8840351,0,0,0,0.53054590894107,27.577749996185304,48.91249211647711,50.8271419992881,1.710628671464264,29.611999893188475,22.33235810723511,0.10525406356305932,-0.10069365798685581,,,,False,False,False,HIMS,2026-10-01,31.809999465942383,28.639999389648438,29.884000778198242,4,29.3,2026-10-01 20:00:03+00:00,29.3436,2026-10-01 19:57:40-04:00,0,0.0,"zero-volume is provider missing trade-size; preserved price proxy, cannot confirm afterhours volume",29.26944540280665,,,Yahoo5m extendedbars; bar timestamps not executable quote,0.0014880806851456096
14.760000228881836,14.229999542236328,-0.039811077242730586,0.06993468203657205,0.06993468203657205,8.039999961853027,0.769900448974213,3.759999990463257,2.784574355938522,1.0911611084056325,0.8675673581574022,204229540.02122402,0,0,0,0.04761899355588758,4.671799997091293,64.47023743734195,80.02056856034667,0.8503800020011144,5.949500036239624,1.3108731459339005,0.18358014121361796,0.5285005611007874,,,,False,False,False,IOVA,2026-10-01,15.300000190734863,14.1899995803833,15.029999732971191,3,14.23,2026-10-01 20:00:01+00:00,14.2212,2026-10-01 19:59:32-04:00,0,0.0,"zero-volume is provider missing trade-size; preserved price proxy, cannot confirm afterhours volume",14.49430909857196,,,Yahoo5m extendedbars; bar timestamps not executable quote,-0.0006183796570203848
14.585000038146973,13.90999984741211,-0.046607285679511556,0.07359310493802573,0.07359310493802573,10.319999694824219,0.3478682421268269,4.980000019073486,1.793172649425014,0.9705156260497143,1.685847683856935,57665933.33960533,0,0,0,0.1395348063541349,5.930649980306625,32.90556934192854,65.58055062854207,0.7902062917830802,8.012750029563904,2.3384627949070858,0.21642020614945473,0.10216038188386078,,,,False,False,False,ABCL,2026-10-01,15.015000343322754,13.789999961853027,14.649999618530273,3,13.91,2026-10-01 20:00:01+00:00,13.93,2026-10-01 19:49:06-04:00,0,0.0,"zero-volume is provider missing trade-size; preserved price proxy, cannot confirm afterhours volume",14.112094396336595,,,Yahoo5m extendedbars; bar timestamps not executable quote,0.0014378255073532742
64.95500183105469,66.2300033569336,0.018923128568209213,0.015752675645292702,0.015752675645292702,48.38600158691406,0.3687843835983633,27.31999969482422,1.4242314823115056,0.7429649332710972,1.5221677427577938,70553008.32351685,2,2,2,0.6624210940651074,28.521774940490722,92.50290544802151,80.33467850283932,2.8554186927708947,37.59899988174438,11.795266430560485,0.12676103610937836,0.2129708941467383,,,,False,False,False,CDNA,2026-10-01,65.62999725341797,64.1500015258789,67.29000091552734,4,66.23,2026-10-01 20:00:01+00:00,66.79,2026-10-01 19:54:42-04:00,0,0.0,"zero-volume is provider missing trade-size; preserved price proxy, cannot confirm afterhours volume",66.41838852741846,,,Yahoo5m extendedbars; bar timestamps not executable quote,0.008455331642494679
16.81999969482422,16.690000534057617,-0.013010012734456677,0.42901126255779953,0.12572025140633236,14.0600004196167,0.18705547908601106,12.069999694824219,0.3827672705919387,0.6680904032294186,1.0250716839017326,130796207.07406044,0,0,0,0.11049757524537336,16.359300012588502,61.94396639755756,54.017077412398265,1.1503174713111695,15.077250146865845,11.791344603025795,0.10264705757775394,0.020839218966381523,,,,False,False,False,SMMT,2026-10-01,19.09000015258789,16.59000015258789,17.4950008392334,3,16.69,2026-10-01 20:00:00+00:00,16.77,2026-10-01 19:59:52-04:00,0,0.0,"zero-volume is provider missing trade-size; preserved price proxy, cannot confirm afterhours volume",16.98880746390565,,,Yahoo5m extendedbars; bar timestamps not executable quote,0.004793257242810434
31.920000076293945,30.510000228881836,-0.06411037862159297,0.2929316535346197,0.2921113385374893,28.399999618530273,0.07429579713708301,28.399999618530273,0.07429579713708301,0.7704338981802364,0.8923738237361393,278504696.2330437,0,0,0,0.0390243675508704,33.19692489624023,14.428671738860714,43.19880040510383,2.699710085978524,33.216499996185306,27.087064868892007,0.09507740301619758,-0.21156519718709033,,,,False,False,False,VKTX,2026-10-01,43.099998474121094,30.43000030517578,32.47999954223633,4,30.51,2026-10-01 20:00:00+00:00,30.71,2026-10-01 19:56:27-04:00,0,0.0,"zero-volume is provider missing trade-size; preserved price proxy, cannot confirm afterhours volume",31.121818811722903,,,Yahoo5m extendedbars; bar timestamps not executable quote,0.006555220243126714
32.13999938964844,30.989999771118164,-0.04026017675905502,0.4471007994121895,0.15095891038032427,31.190000534057617,-0.00641233598957669,28.860000610351562,0.07380454316423712,0.5941446833173073,0.4107933459209584,83158809.62093353,0,0,0,0.07643254840359553,39.1156248664856,1.874032650287134,39.978234440823236,1.9007159140421392,35.43474988937378,29.0100308708219,0.052510941676386994,-0.25327053314375914,,,,False,False,False,VERA,2026-10-01,37.13999938964844,30.8700008392334,32.439998626708984,4,30.99,2026-10-01 20:00:00+00:00,30.7635,2026-10-01 19:30:04-04:00,0,0.0,"zero-volume is provider missing trade-size; preserved price proxy, cannot confirm afterhours volume",31.450651928418612,,,Yahoo5m extendedbars; bar timestamps not executable quote,-0.007308801961633304
2834.97998046875,2819.030029296875,-0.003883361304346966,0.3433471999090095,0.06010402980578233,2764.8798828125,0.01958499058891916,2764.8798828125,0.01958499058891916,0.3306706610954612,0.731660324647175,1197706476.09375,0,0,0,0.7228238607989137,3300.166149902344,13.82529666303418,41.11590161770184,83.88936611948141,3050.023974609375,2775.0667946295134,0.02277260820616078,-0.16166713883809947,,,,False,False,False,AZO,2026-10-01,2999.300048828125,2756.1298828125,2843.14990234375,3,2819.03,2026-10-01 20:00:02+00:00,2811.085,2026-10-01 19:55:10-04:00,0,0.0,"zero-volume is provider missing trade-size; preserved price proxy, cannot confirm afterhours volume",2789.066520782788,,,Yahoo5m extendedbars; bar timestamps not executable quote,-0.0028183556806085086
68.87999725341797,69.05000305175781,-0.0007235227708725089,0.43009367974463264,0.07674819887022943,67.30999755859375,0.02585062481467748,67.30999755859375,0.02585062481467748,0.35942176397262987,0.963572267920094,62728419.32598114,1,0,0,0.5653728156491451,84.99449672698975,9.855976538067168,39.33528104257401,2.491307188393775,75.62521896362304,69.75266040090688,0.044139778686672834,-0.21027866476764978,,,,False,False,False,THO,2026-10-01,77.80000305175781,67.44999694824219,70.27999877929688,4,69.05,2026-10-01 20:00:02+00:00,69.05,2026-10-01 18:15:09-04:00,0,96325.0,"zero-volume is provider missing trade-size; preserved price proxy, cannot confirm afterhours volume",69.15693063807652,,,Yahoo5m extendedbars; bar timestamps not executable quote,-4.4196345805325166e-08
19.850000381469727,20.149999618530273,0.024923691501587797,0.17796151301904028,0.06669756942475102,19.260000228881836,0.046209728923773064,18.95705567470382,0.06292875667492548,0.4315095135674347,0.7472594925307411,15558620.191373825,1,1,1,0.9684203552082622,18.88290325641632,68.65903078375536,39.42537892252745,0.8259896970552517,19.90985803604126,13.538165993780114,0.05002577081743922,-0.22114872363745175,,,,False,False,False,MLKN,2026-10-01,22.969999313354492,19.229999542236328,20.18000030517578,3,20.15,2026-10-01 20:00:01+00:00,20.15,2026-10-01 19:30:04-04:00,0,0.0,"zero-volume is provider missing trade-size; preserved price proxy, cannot confirm afterhours volume",19.87401632749609,,,Yahoo5m extendedbars; bar timestamps not executable quote,1.8931500367358467e-08
222.25999450683594,221.49000549316406,-0.005075867616602059,0.17536548805275765,0.03182234839942799,212.1300048828125,0.04412388815774704,212.1300048828125,0.04412388815774704,0.30065993367048494,1.440058818700635,309145524.54299927,0,0,0,0.5218109389944486,236.25546630859375,22.69982567563501,45.6922004776518,5.720399375953584,230.6390007019043,212.59126683920402,0.04130393080789678,-0.1211361810309961,,,,False,False,False,FERG,2026-10-01,230.44000244140625,218.25999450683594,224.4499969482422,3,221.49,2026-10-01 20:00:02+00:00,221.49,2026-10-01 16:02:07-04:00,0,0.0,"zero-volume is provider missing trade-size; preserved price proxy, cannot confirm afterhours volume",221.31966158037616,,,Yahoo5m extendedbars; bar timestamps not executable quote,-2.4800956732740076e-08
45.66999816894531,46.540000915527344,0.0015063415748961528,0.30480074125698664,0.06714769523160546,46.43000030517578,0.0023691710021225276,46.43000030517578,0.0023691710021225276,0.4290922364110833,0.7161598754794597,87081025.61403275,1,1,0,0.9418613935167935,54.782739791870114,15.601115861525017,33.8220411893183,1.5834813834586146,53.448628997802736,44.444834639119414,0.040489476941523404,-0.22868629450308242,,,,False,False,False,KBH,2026-10-01,53.599998474121094,44.91999816894531,46.63999938964844,3,46.54,2026-10-01 20:00:02+00:00,46.5,2026-10-01 19:13:45-04:00,0,0.0,"zero-volume is provider missing trade-size; preserved price proxy, cannot confirm afterhours volume",46.030454222299156,,,Yahoo5m extendedbars; bar timestamps not executable quote,-0.0008594953747411704
910.8699951171875,914.9400024414062,0.005053030131858538,0.1642547792237039,0.017345287725404224,883.0999755859375,0.036054838337350015,883.0999755859375,0.036054838337350015,0.20523432749906884,0.8813900885080516,2191712592.197571,1,1,0,0.5659223998118184,959.107805480957,47.87083745211663,48.55453733604758,15.97000092723505,950.6375732421875,879.369313272585,0.021299155197158297,-0.13689442364129834,,,,False,False,False,COST,2026-10-01,938.8800048828125,903.780029296875,923.5,3,914.94,2026-10-01 20:00:01+00:00,915.97,2026-10-01 19:56:18-04:00,0,0.0,"zero-volume is provider missing trade-size; preserved price proxy, cannot confirm afterhours volume",915.7610449132994,,,Yahoo5m extendedbars; bar timestamps not executable quote,0.0011257542088500827
287.5899963378906,287.07000732421875,0.0069452138333938596,0.16240880416129944,0.06379022681119928,279.2300109863281,0.02807719811419007,279.2300109863281,0.02807719811419007,0.2848035411550277,1.0415637737645413,507276554.9006653,0,1,0,0.7129657101682703,296.64226272583005,56.28245381036166,35.589172209245206,6.844576939697534,316.6329742431641,292.8742713520478,0.031322002244237784,-0.21185162449635508,,,,False,False,False,FDX,2026-10-01,325.6199951171875,283.989990234375,288.30999755859375,3,287.07,2026-10-01 20:00:02+00:00,287.07,2026-10-01 17:06:05-04:00,0,312390.0,"zero-volume is provider missing trade-size; preserved price proxy, cannot confirm afterhours volume",286.5967349271646,,,Yahoo5m extendedbars; bar timestamps not executable quote,-2.551370248404794e-08
35.45000076293945,35.150001525878906,-0.0070621465882491075,0.5282711818490331,0.05102590018717146,35.15999984741211,-0.0002843663702103427,35.15999984741211,-0.0002843663702103427,0.31802292476021066,3.1133600697389054,1232906285.7237244,0,0,0,0.106558145933912,48.035335559844974,11.674961716441373,34.46174291328467,0.9809529081276539,41.158195877075194,35.465507145659295,0.019129733914448964,-0.20311691245012342,,,,False,False,False,NKE,2026-10-01,38.93000030517578,35.02000045776367,36.2400016784668,3,35.15,2026-10-01 20:00:02+00:00,32.09,2026-10-01 19:59:59-04:00,0,0.0,"zero-volume is provider missing trade-size; preserved price proxy, cannot confirm afterhours volume",35.67133953292605,,,Yahoo5m extendedbars; bar timestamps not executable quote,-0.08705551616053275
108.01000213623047,107.44999694824219,-0.0008369347825825102,0.4371888953849289,0.10755817619199304,106.63999938964844,0.007595626061794425,105.6500015258789,0.017037344026184176,0.4051286018955194,0.8767600806846445,907462195.0084305,0,0,0,0.25862055357805264,130.36532306671143,3.333372147205523,38.423695951335326,2.8436411401420125,115.58940925598145,96.62305118668597,0.06502760596228808,-0.16130620217751823,,,,False,False,False,BABA,2026-10-01,120.4000015258789,106.69999694824219,109.5999984741211,4,107.45,2026-10-01 20:02:54+00:00,107.6996,2026-10-01 19:59:28-04:00,0,0.0,"zero-volume is provider missing trade-size; preserved price proxy, cannot confirm afterhours volume",107.71139696324066,,,Yahoo5m extendedbars; bar timestamps not executable quote,0.002322969370376571
78.33999633789062,76.5,-0.018475781322804252,0.4512588911093175,0.0527489106432224,77.0199966430664,-0.006751449827714584,77.0199966430664,-0.006751449827714584,0.36616219746615575,0.7906476652173503,502913071.998291,0,0,0,0.07819029528578829,94.67919998168945,16.35613099784665,36.14690866990056,1.813646528142867,84.37599983215333,73.90188842356153,0.04393163081582607,-0.192220287265766,,,,False,False,False,PDD,2026-10-01,83.41999816894531,76.30999755859375,78.73999786376953,3,76.5,2026-10-01 20:00:00+00:00,76.6,2026-10-01 19:57:54-04:00,0,0.0,"zero-volume is provider missing trade-size; preserved price proxy, cannot confirm afterhours volume",76.80495086940523,,,Yahoo5m extendedbars; bar timestamps not executable quote,0.0013071895424836555
15.095000267028809,14.779999732971191,-0.015978742841410987,0.5939560683132604,0.04798711136004585,14.390000343322754,0.027102111212207403,14.390000343322754,0.027102111212207403,0.40305775394290294,0.5786730131018751,55678089.56837654,0,0,0,0.04651054477064098,22.039700002670287,28.30687704563107,40.19016508215783,0.45915373915263674,17.10774998664856,14.699546156209768,0.052739721731906546,-0.1656771739424625,,,,False,False,False,BILI,2026-10-01,16.360000610351562,14.760000228881836,15.1899995803833,4,14.78,2026-10-01 20:00:01+00:00,14.85,2026-10-01 19:53:50-04:00,0,0.0,"zero-volume is provider missing trade-size; preserved price proxy, cannot confirm afterhours volume",14.8541465486536,,,Yahoo5m extendedbars; bar timestamps not executable quote,0.004736148057746803
96.4000015258789,95.2699966430664,-0.02146676206021858,0.5075976909921645,0.09602431734690786,96.36499786376953,-0.011363059668730746,96.36499786376953,-0.011363059668730746,0.49117855717637754,1.4363309918333278,369560350.6354904,0,0,0,0.48909545517205316,103.01800006866455,0.4285529205271956,29.139151288370257,3.4636285869233636,101.76500015258789,78.61325000447303,0.0569178504014247,-0.2777941541327419,,,,False,False,False,SE,2026-10-01,114.9000015258789,93.69999694824219,96.91000366210938,3,95.27,2026-10-01 20:00:03+00:00,95.31,2026-10-01 19:52:28-04:00,0,0.0,"zero-volume is provider missing trade-size; preserved price proxy, cannot confirm afterhours volume",94.96841062168194,,,Yahoo5m extendedbars; bar timestamps not executable quote,0.0004198945979128066
56.52000045776367,53.59000015258789,-0.04644129136867736,0.13144247180014446,0.13144247180014446,49.540000915527344,0.08175210258809562,31.899999618530273,0.6799373289477468,0.45476670950368275,1.2347836982739717,90563788.61749649,0,0,0,0.22551274620637757,36.2675500869751,1.418013366778311,48.02231143159803,2.3364008557212332,38.926000118255615,17.665901188268844,0.03844141632401678,-0.10329645086399664,,,,False,False,True,ATRC,2026-10-01,61.70000076293945,52.599998474121094,56.9900016784668,1,53.59,2026-10-01 20:00:01+00:00,53.5,2026-10-01 19:42:14-04:00,0,0.0,"zero-volume is provider missing trade-size; preserved price proxy, cannot confirm afterhours volume",53.915167973820466,,,Yahoo5m extendedbars; bar timestamps not executable quote,-0.0016794206443671023
77.45999908447266,82.33999633789062,0.06990641004962583,0.0032684211410973774,0.00036428806229038546,68.4000015258789,0.20380108919643192,49.47634539261926,0.664229556255258,0.6387660293306068,1.0481128365160928,289919814.66594696,3,6,2,0.9942184210835793,47.67788947105408,99.36762097958486,65.73054755228532,4.5480538181411445,58.25729598999023,28.85247699385548,0.10120477980720634,-0.0314265670605407,,,,False,False,False,PBF,2026-10-01,82.61000061035156,77.18000030517578,82.37000274658203,1,82.34,2026-10-01 20:00:03+00:00,82.4,2026-10-01 18:44:58-04:00,0,0.0,"zero-volume is provider missing trade-size; preserved price proxy, cannot confirm afterhours volume",80.97586287126626,,,Yahoo5m extendedbars; bar timestamps not executable quote,0.0007287304442320508
519.8800048828125,512.7999877929688,-0.00019504117046598157,0.06628048372217177,0.01922155161565442,486.0,0.05514400780446249,372.64849496928053,0.3760956899483565,0.3944555476468104,0.9225429015516619,10711590176.243439,0,0,0,0.058989261691269335,431.22721450805665,73.35984639950614,60.30527525342989,11.726795588709665,442.59278869628906,339.42198442779454,0.07016974102958243,-0.090146945818949,,,,False,False,False,MSFT,2026-10-01,519.8300170898438,512.1699829101562,522.8499755859375,2,512.8,2026-10-01 20:00:01+00:00,515.32,2026-10-01 19:59:41-04:00,0,0.0,"zero-volume is provider missing trade-size; preserved price proxy, cannot confirm afterhours volume",516.3320035221022,,,Yahoo5m extendedbars; bar timestamps not executable quote,0.004914220489507404
728.530029296875,725.9299926757812,0.0010342259957181188,0.06910570919223946,0.06910570919223946,576.5449702025707,0.2591038517268198,524.0764068649972,0.3851606047642242,0.486612110704485,0.5115163139865206,16803106448.798523,0,1,0,0.3075841622847629,626.9760626220703,38.14809900168499,61.1531945104922,26.178012430302083,608.7370758056641,512.7668916210013,0.07539090103522307,0.10312995831720118,,,,False,False,False,META,2026-10-01,779.8200073242188,721.510009765625,735.8800048828125,1,725.93,2026-10-01 20:00:01+00:00,726.7825,2026-10-01 19:59:53-04:00,0,0.0,"zero-volume is provider missing trade-size; preserved price proxy, cannot confirm afterhours volume",727.7453262400375,,,Yahoo5m extendedbars; bar timestamps not executable quote,0.001174365755403528
350.7900085449219,338.239990234375,-0.016972787043119886,0.17119120860047699,0.07120307064630105,327.739990234375,0.032037591727793746,314.69771503877246,0.07480917105706353,0.33915191109815007,1.24290709047371,9151226951.264648,0,0,0,0.1541491691667198,338.3646733093262,21.68428615703391,45.428956057714444,9.116155164170104,354.5445251464844,319.6967165735708,0.04503354437289845,-0.11834431863899852,,,,False,False,False,GOOGL,2026-10-01,364.1700134277344,335.510009765625,353.2200012207031,3,338.24,2026-10-01 20:00:01+00:00,339.2,2026-10-01 19:59:57-04:00,0,0.0,"zero-volume is provider missing trade-size; preserved price proxy, cannot confirm afterhours volume",341.4410216889692,,,Yahoo5m extendedbars; bar timestamps not executable quote,0.0028382503350943278
251.61000061035156,248.22999572753906,-0.0036925474271837233,0.13568946665434067,0.04339278943540659,244.3000030517578,0.016086748369579906,226.16000366210938,0.09758574331473313,0.38311777694322763,0.9645384173324124,8674688547.58957,0,0,0,0.3695268177578959,241.21799987792969,48.98501183304845,44.203502523809014,5.657896464296201,254.12750167846679,229.09000608066086,0.05807775816792573,-0.14878413764238563,,,,False,False,False,AMZN,2026-10-01,261.1199951171875,246.1199951171875,251.8300018310547,3,248.23,2026-10-01 20:00:01+00:00,248.9,2026-10-01 19:59:58-04:00,0,0.0,"zero-volume is provider missing trade-size; preserved price proxy, cannot confirm afterhours volume",248.41570480970051,,,Yahoo5m extendedbars; bar timestamps not executable quote,0.0026991269548115593
330.0,330.32000732421875,-0.008107566448037673,0.043493337502024776,0.043493337502024776,309.8999938964844,0.06589226792484304,299.7415030462749,0.10201625055981345,0.2950469962802091,0.8566935871306512,13993379021.56723,2,0,0,0.6761620219341792,288.4973513031006,28.663029607075913,51.45146734916611,7.2498036456340795,313.76404571533203,283.7382102986598,0.03298225608449512,-0.10581708564359205,,,,False,False,False,AAPL,2026-10-01,345.3399963378906,325.80999755859375,332.4800109863281,3,330.32,2026-10-01 20:00:01+00:00,330.7999,2026-10-01 19:59:57-04:00,0,0.0,"zero-volume is provider missing trade-size; preserved price proxy, cannot confirm afterhours volume",329.3417813655999,,,Yahoo5m extendedbars; bar timestamps not executable quote,0.0014528114105731849
107.16000366210938,106.93000030517578,0.005453707939599317,0.3537020110152873,0.1676008507196135,100.7699966430664,0.061129342734112635,100.7699966430664,0.061129342734112635,0.5405680951230613,0.9803373503383885,622276969.1036606,0,1,0,0.714634486736944,111.56705017089844,29.506014294199858,45.36103585586578,6.374374188002064,122.1330005645752,91.31139870829219,0.07339189034560928,-0.10480263233539766,,,,False,False,False,AKAM,2026-10-01,128.4600067138672,104.0,108.0999984741211,4,106.93,2026-10-01 20:00:01+00:00,107.84,2026-10-01 19:59:46-04:00,0,0.0,"zero-volume is provider missing trade-size; preserved price proxy, cannot confirm afterhours volume",105.9323380440038,,,Yahoo5m extendedbars; bar timestamps not executable quote,0.008510237465885195
328.75,333.17999267578125,0.007103364866843265,0.090914071825972,0.06014106438425604,330.8299865722656,0.007103364866843265,325.75,0.022808880048445834,0.2068925795388507,0.9947270930868296,2845242505.702057,1,1,0,0.9481200596894408,320.07468566894534,43.87360712460926,35.15432804631109,6.584405741260936,336.6867309570313,294.92583655222006,0.019036805635746182,-0.18699062731640081,,,,False,False,False,JPM,2026-10-01,362.8599853515625,325.8699951171875,333.5799865722656,3,333.18,2026-10-01 20:00:02+00:00,333.2931,2026-10-01 19:58:23-04:00,0,0.0,"zero-volume is provider missing trade-size; preserved price proxy, cannot confirm afterhours volume",330.20732847678914,,,Yahoo5m extendedbars; bar timestamps not executable quote,0.00033947814005985677
1155.0,1149.8499755859375,-0.006248470929703265,0.11047077409282069,0.053621419270833304,1113.2900390625,0.0328395433720261,1107.5628820454413,0.03818030942171036,0.31194568336973594,0.9469593777310897,2645524587.6098633,0,0,0,0.5299418435403634,1070.910520324707,5.888104683884293,44.99906431887893,32.19348314011329,1152.428433227539,1041.265778410334,0.036456155430175295,-0.13112981352869213,,,,False,False,True,LLY,2026-10-01,1215.0,1139.8499755859375,1158.719970703125,3,1149.85,2026-10-01 20:04:00+00:00,1150.5,2026-10-01 19:50:34-04:00,0,365351.0,"zero-volume is provider missing trade-size; preserved price proxy, cannot confirm afterhours volume",1148.7421138846978,,,Yahoo5m extendedbars; bar timestamps not executable quote,0.0005653123693212248
204.69500732421875,204.49000549316406,0.0044206943929590015,0.04839682593896155,0.03542450239073558,181.27000427246094,0.12809621378836566,156.83999633789062,0.30381286832357435,0.5384033448657232,0.8565018820263097,950373776.829834,0,2,0,0.6666074075694836,158.51064987182616,65.41957278232304,57.41709514563859,7.069123215262158,177.04900207519532,139.82129907448547,0.06398679154486055,-0.023493639325685267,,,,False,False,False,ANET,2026-10-01,212.0,200.77099609375,206.35000610351562,1,204.49,2026-10-01 20:00:03+00:00,205.05,2026-10-01 19:03:16-04:00,0,0.0,"zero-volume is provider missing trade-size; preserved price proxy, cannot confirm afterhours volume",204.41970030232176,,,Yahoo5m extendedbars; bar timestamps not executable quote,0.002738493284722754
541.0,541.739990234375,0.007045223424746672,0.09029238576932108,0.09029238576932108,432.2699890136719,0.2532445092255544,358.8800048828125,0.5095296000435383,0.8861503423381457,0.6184255426477352,5793481222.761841,1,1,0,0.7160414496008692,290.46670589447024,53.146227107713514,54.03869553895913,29.165633790173235,434.2289779663086,272.851320919404,0.08650167323814995,-0.021661377595432185,,,,False,False,False,DELL,2026-10-01,595.510009765625,520.1799926757812,550.2899780273438,2,541.74,2026-10-01 20:04:32+00:00,543.06,2026-10-01 19:57:17-04:00,0,396969.0,"zero-volume is provider missing trade-size; preserved price proxy, cannot confirm afterhours volume",536.1558971779695,,,Yahoo5m extendedbars; bar timestamps not executable quote,0.002436611270018707
40.88999938964844,41.91999816894531,0.02069633504838353,0.2868322722097416,0.042047537092396836,35.36000061035156,0.1855202897443764,23.3799991607666,0.7929854436988273,1.066036882247679,0.6893027291765746,1526065663.5962486,1,2,1,0.947088718987914,31.94149989128113,72.50868639771284,58.7407666762989,2.260066026431671,34.581999969482425,22.683659567534527,0.12405585355597112,0.010661450808908235,,,,False,False,False,SMCI,2026-10-01,43.7599983215332,40.130001068115234,42.02000045776367,3,41.92,2026-10-01 20:00:00+00:00,41.94,2026-10-01 19:59:55-04:00,0,0.0,"zero-volume is provider missing trade-size; preserved price proxy, cannot confirm afterhours volume",41.222240021564545,,,Yahoo5m extendedbars; bar timestamps not executable quote,0.00047714293722234125
65.52999877929688,64.58000183105469,0.010799850493002916,0.037570172899292764,0.037570172899292764,45.58470296972018,0.41670335932543434,43.1807812020175,0.4955727995962558,0.7222936029021731,0.5869154651601668,1620894807.4079895,0,2,0,0.6482763277551088,36.49245970726013,84.20280459934061,63.01389756170801,3.6141822121301295,49.303649520874025,33.90763724218333,0.08957593673941548,0.12683657185690422,,,,False,False,False,HPE,2026-10-01,67.10099792480469,61.7599983215332,66.11000061035156,2,64.58,2026-10-01 20:04:42+00:00,65.0675,2026-10-01 19:58:23-04:00,0,1614185.0,"zero-volume is provider missing trade-size; preserved price proxy, cannot confirm afterhours volume",63.98350615939548,,,Yahoo5m extendedbars; bar timestamps not executable quote,0.007548748143746398
71.2750015258789,71.5199966430664,0.01576470562739596,0.08189993270658691,0.006252668750924895,65.25,0.0960919025757303,52.310001373291016,0.3672336984411517,0.36996935140667975,1.0236058049738501,159626057.6171112,4,4,4,0.7877339647968676,50.390024948120114,95.76661972554076,66.09469266190669,2.06255803087099,57.909250259399414,41.37748727757892,0.038838009504877626,-0.05245360767176299,,,,False,False,False,NTNX,2026-10-01,71.25,69.8499984741211,71.97000122070312,0,71.52,2026-10-01 20:00:00+00:00,70.4595,2026-10-01 19:42:58-04:00,0,0.0,"zero-volume is provider missing trade-size; preserved price proxy, cannot confirm afterhours volume",70.98322535455523,,,Yahoo5m extendedbars; bar timestamps not executable quote,-0.01482797389321766
15.760000228881836,15.619999885559082,-0.007623881023128942,0.7313843598334627,0.1155152876262322,14.40999984741211,0.08396946918526704,13.130000114440918,0.18964202204229674,0.8416880549190355,0.7529983667379296,266842739.25144196,0,0,0,0.23157850355269208,18.368225030899048,9.89718234210352,46.62819254572397,0.9169097815128122,18.10150017738342,11.39274360974851,0.09404345008285694,-0.07187435056634439,,,,False,False,False,RGTI,2026-10-01,17.65999984741211,15.510000228881836,15.984999656677246,3,15.62,2026-10-01 20:00:00+00:00,15.649,2026-10-01 19:59:46-04:00,0,0.0,"zero-volume is provider missing trade-size; preserved price proxy, cannot confirm afterhours volume",15.718477191997017,,,Yahoo5m extendedbars; bar timestamps not executable quote,0.0018566014502809924
43.95000076293945,43.9900016784668,0.002964000599775529,0.480269352602963,0.08182004135733789,35.0,0.256857190813337,31.809999465942383,0.3828985355867429,0.805416637307439,0.7056673834692464,1002063449.4593239,1,1,0,0.2857157011855279,43.47085004806519,47.3182419039185,58.23628699007175,2.735732310571603,46.99099979400635,26.88817066119197,0.12395839448755341,0.04639209777519748,,,,False,False,False,IONQ,2026-10-01,47.90999984741211,43.54999923706055,45.09000015258789,5,43.99,2026-10-01 20:00:03+00:00,44.03,2026-10-01 19:59:45-04:00,0,0.0,"zero-volume is provider missing trade-size; preserved price proxy, cannot confirm afterhours volume",44.17845867764236,,,Yahoo5m extendedbars; bar timestamps not executable quote,0.0009092593772912494
16.68000030517578,16.559999465942383,-0.0006035141258909915,0.6457754124932111,0.12519814057189427,15.8100004196167,0.0474382685907524,15.8100004196167,0.0474382685907524,0.8916679840842197,0.6990758340393086,273786928.9684391,0,0,0,0.3265304533653041,20.84404993534088,32.703832167850194,43.76318783542675,1.011280444550802,20.770499992370606,12.788902299639663,0.09700689346328734,-0.11806649415603854,,,,True,False,False,QBTS,2026-10-01,18.93000030517578,16.399999618530273,16.889999389648438,5,16.56,2026-10-01 20:00:00+00:00,16.58,2026-10-01 19:59:54-04:00,0,0.0,"zero-volume is provider missing trade-size; preserved price proxy, cannot confirm afterhours volume",16.615509036957498,,,Yahoo5m extendedbars; bar timestamps not executable quote,0.0012077617574051125
36.75,36.13999938964844,-0.023770963188377903,0.8135575728826816,0.12472757112345367,34.380001068115234,0.05119250339888626,34.380001068115234,0.05119250339888626,0.8115613399602281,0.8517814305827188,384662983.4960556,0,0,0,0.07352971175618613,59.68869995117188,1.305273216738314,40.4629150267035,2.2677958617555363,48.58599987030029,28.85649316630256,0.10295283139528974,-0.20783781450212213,,,,False,False,False,OKLO,2026-10-01,44.779998779296875,36.029998779296875,37.5260009765625,4,36.14,2026-10-01 20:00:03+00:00,36.21,2026-10-01 19:59:14-04:00,0,0.0,"zero-volume is provider missing trade-size; preserved price proxy, cannot confirm afterhours volume",36.533460722080044,,,Yahoo5m extendedbars; bar timestamps not executable quote,0.0019369289300987802
7.920000076293945,7.789999961853027,-0.013924067365379988,0.8643329813607322,0.15418024651600826,7.75,0.005161285400390625,7.210000038146973,0.08044381700934355,0.9141653156584032,0.8034236103959886,337087607.01822996,0,0,0,0.03333253860397842,11.994000027179718,24.55770174229093,39.59748588771922,0.5917728025259974,9.67299997806549,7.109213065175052,0.08306752642726827,-0.3074579559473467,,,,False,False,False,SMR,2026-10-01,11.369999885559082,7.78000020980835,8.079999923706055,4,7.79,2026-10-01 20:00:03+00:00,7.81,2026-10-01 19:59:01-04:00,0,0.0,"zero-volume is provider missing trade-size; preserved price proxy, cannot confirm afterhours volume",7.893542885622178,,,Yahoo5m extendedbars; bar timestamps not executable quote,0.002567399004481441
139.0,139.11000061035156,-0.0027242445182290576,0.7003554106400612,0.12448863273509159,135.85000610351562,0.023997014062346667,135.85000610351562,0.023997014062346667,0.8008023807540208,0.7148826405385309,117328321.81289673,1,0,0,0.6815427184826612,200.9381504058838,26.44512963743368,37.86865404767827,9.160953148875466,170.8904998779297,142.75817866594846,0.06554070143808106,-0.31112716948417596,,,,False,False,False,LEU,2026-10-01,191.2100067138672,135.75,140.67999267578125,4,139.11,2026-10-01 20:00:03+00:00,138.31,2026-10-01 18:36:00-04:00,0,50979.0,"zero-volume is provider missing trade-size; preserved price proxy, cannot confirm afterhours volume",138.24690871144225,,,Yahoo5m extendedbars; bar timestamps not executable quote,-0.0057508490176229055
86.7699966430664,85.69000244140625,-0.0113072083563307,0.36638569239234764,0.10823180656510656,85.68000030517578,0.00011673828425351473,83.1500015258789,0.030547214298448422,0.46602096807449306,1.5509713087340606,262033108.2113266,0,0,0,0.5510201811925433,105.68174987792969,1.3210594987779416,32.83863090302795,3.313360251116357,98.37449989318847,83.72866647732394,0.05829446441248654,-0.23322654962825928,,,,False,False,False,CCJ,2026-10-01,104.12000274658203,83.80000305175781,87.2300033569336,4,85.69,2026-10-01 20:00:02+00:00,85.5109,2026-10-01 19:56:53-04:00,0,233470.0,"zero-volume is provider missing trade-size; preserved price proxy, cannot confirm afterhours volume",85.33954885695182,,,Yahoo5m extendedbars; bar timestamps not executable quote,-0.002090120624383407
9.390000343322754,9.359999656677246,-0.009523825862901236,0.5398230291809335,0.10258874565589016,8.979999542236328,0.04231627325298115,8.90999984741211,0.05050502996314177,0.759750207688329,1.0299344932704781,95601466.79048538,0,0,0,0.6097549061795648,13.044500017166138,42.32158309375391,35.740656298196214,0.5932667486113973,11.273000049591065,8.509356813939934,0.0871438384043133,-0.3168037490220307,,,,True,False,False,UEC,2026-10-01,12.260000228881836,9.109999656677246,9.520000457763672,5,9.36,2026-10-01 20:00:00+00:00,9.3468,2026-10-01 19:55:20-04:00,0,0.0,"zero-volume is provider missing trade-size; preserved price proxy, cannot confirm afterhours volume",9.326394457766932,,,Yahoo5m extendedbars; bar timestamps not executable quote,-0.0014102197822015716
46.5099983215332,46.09000015258789,-0.025375359266390785,0.5402539585127936,0.10217198841776598,44.75199890136719,0.029898133805590144,37.810001373291016,0.2189896450293669,0.6422876539376142,1.3217391979020383,258317966.67402267,0,0,0,0.6655569554772023,56.748649978637694,34.577865856332664,38.8080976299511,2.6674726462484,54.12649993896484,40.554359136621684,0.10432513333857425,-0.27971550357668196,,,,True,False,False,MP,2026-10-01,58.52000045776367,44.4900016784668,46.89400100708008,5,46.09,2026-10-01 20:00:03+00:00,46.07,2026-10-01 19:59:57-04:00,0,0.0,"zero-volume is provider missing trade-size; preserved price proxy, cannot confirm afterhours volume",45.434174992287176,,,Yahoo5m extendedbars; bar timestamps not executable quote,-0.0004339369173720353
2.619999885559082,2.569999933242798,-0.022813756116841444,0.7557034390292103,0.15737705789436374,2.619999885559082,-0.01908395209933933,2.619999885559082,-0.01908395209933933,0.5697430035223136,0.9136603631836635,28463989.467736483,0,0,0,0.46511602118044965,4.249300019741058,0.8948496652864293,32.395086684333776,0.13622255716881976,3.619000017642975,2.003464118783026,0.06654050205561411,-0.2684908941427231,,,,False,False,False,LAC,2026-10-01,3.319999933242798,2.509999990463257,2.6389999389648438,3,2.57,2026-10-01 20:00:02+00:00,2.58,2026-10-01 19:57:33-04:00,0,0.0,"zero-volume is provider missing trade-size; preserved price proxy, cannot confirm afterhours volume",2.5651241405420504,,,Yahoo5m extendedbars; bar timestamps not executable quote,0.003891076660295534
10.949999809265137,10.710000038146973,-0.029011759072637755,0.6161290256422176,0.14251399244115737,10.850000381469727,-0.012903256995442591,10.6899995803833,0.001870950285196793,0.7022092668948863,0.9457006809894244,85576845.46134949,0,0,0,0.17948667788254627,17.141950039863588,5.9125704199134645,30.162834906124985,0.6387747149165408,14.353000020980835,9.945356207014093,0.09787281677270238,-0.3728363105531345,,,,False,False,False,UUUU,2026-10-01,15.140000343322754,10.640000343322754,11.029999732971191,4,10.71,2026-10-01 20:00:00+00:00,10.76,2026-10-01 19:58:04-04:00,0,0.0,"zero-volume is provider missing trade-size; preserved price proxy, cannot confirm afterhours volume",10.807442595548673,,,Yahoo5m extendedbars; bar timestamps not executable quote,0.004668530501861445
142.77999877929688,140.30999755859375,-0.013429922976483044,0.6642176746343748,0.16482144310360858,138.30999755859375,0.01446027066230493,138.30999755859375,0.01446027066230493,0.7888515762272845,0.5373758893842585,352724323.60084534,0,0,0,0.3723200475907198,201.7174499511719,2.057086187452711,37.20352067515042,8.1744227299811,163.55699920654297,124.3366438596187,0.1241369996531667,-0.15725199026589798,,,,False,False,False,AVAV,2026-10-01,168.0,138.39999389648438,143.52999877929688,5,140.31,2026-10-01 20:00:01+00:00,140.7605,2026-10-01 19:59:45-04:00,0,0.0,"zero-volume is provider missing trade-size; preserved price proxy, cannot confirm afterhours volume",140.53212771852398,,,Yahoo5m extendedbars; bar timestamps not executable quote,0.0032107650862023274
43.040000915527344,42.81999969482422,0.003045234769201821,0.6804477634714611,0.13808374734725737,42.459999084472656,0.008478582621618935,42.459999084472656,0.008478582621618935,0.6247817737155771,1.162495173580055,190553907.93195724,0,1,0,0.592813742062223,69.102649974823,17.873585306202585,29.699774479817307,2.2824592472796614,52.7859992980957,40.64756967612631,0.11482183897849121,-0.22612058132391866,,,,False,False,False,KTOS,2026-10-01,50.04999923706055,41.83000183105469,43.5,4,42.82,2026-10-01 20:00:01+00:00,43.05,2026-10-01 19:59:10-04:00,0,0.0,"zero-volume is provider missing trade-size; preserved price proxy, cannot confirm afterhours volume",42.78407248301197,,,Yahoo5m extendedbars; bar timestamps not executable quote,0.0053713289774632855
21.489999771118164,21.149999618530273,-0.007508205134768797,0.6000378367752535,0.10834737644268377,20.0,0.05749998092651376,20.0,0.05749998092651376,0.8632463280219963,1.0408057985816195,20903399.611263275,0,0,0,0.300884806378978,27.541200008392334,5.085477105267373,40.798207922964345,1.4732941163893483,28.664499855041505,12.492319718434054,0.12054993917770591,-0.1503445886657736,,,,True,False,False,BKSY,2026-10-01,23.719999313354492,20.809999465942383,21.940000534057617,6,21.15,2026-10-01 20:00:03+00:00,21.22,2026-10-01 19:44:21-04:00,0,0.0,"zero-volume is provider missing trade-size; preserved price proxy, cannot confirm afterhours volume",21.400024552163742,,,Yahoo5m extendedbars; bar timestamps not executable quote,0.0033097107674837645
6.010000228881836,5.960000038146973,-0.01487605781000123,0.701701692958103,0.09284628882439616,5.929999828338623,0.005059057449712467,5.929999828338623,0.005059057449712467,0.6330544612161716,0.7223837654669691,162042708.0942297,0,0,0,0.352940681484141,9.618250017166138,18.664362607906696,33.98704475372638,0.2837947297528197,8.243499946594238,5.033308298813387,0.08220931841385837,-0.24841119582389393,,,,False,False,False,JOBY,2026-10-01,7.184999942779541,5.900000095367432,6.070000171661377,4,5.96,2026-10-01 20:00:03+00:00,5.97,2026-10-01 19:53:01-04:00,0,0.0,"zero-volume is provider missing trade-size; preserved price proxy, cannot confirm afterhours volume",5.970484410874107,,,Yahoo5m extendedbars; bar timestamps not executable quote,0.001677845937755329
4.960000038146973,5.03000020980835,0.012072519547206229,0.6559507353500914,0.13275861303531344,4.96999979019165,0.012072519547206229,4.300000190734863,0.1697674387657946,0.7762060735640176,0.8525036452580758,128342114.67496634,1,1,0,0.5500011920940324,6.218350007534027,31.421574424012377,38.740655192541425,0.2942384896367975,5.51300003528595,4.195485664431213,0.0973719521042683,-0.23204596384317744,,,,False,False,False,ACHR,2026-10-01,5.960000038146973,4.920000076293945,5.119999885559082,4,5.03,2026-10-01 20:00:03+00:00,5.03,2026-10-01 19:59:01-04:00,0,0.0,"zero-volume is provider missing trade-size; preserved price proxy, cannot confirm afterhours volume",5.015744273975745,,,Yahoo5m extendedbars; bar timestamps not executable quote,-4.1711399778598945e-08
4.070000171661377,4.070000171661377,-0.01452783077892561,0.43314759485124776,0.05128200283167916,3.0999999046325684,0.312903321570837,2.8399999141693115,0.4330986953046565,0.7483400536619902,0.8309456405784159,77839995.45369267,0,0,0,0.5238100644411242,3.5731250083446504,63.75069474296736,60.927195174145545,0.23960720744691424,3.331500005722046,2.7533123608795433,0.10188011044436662,0.0818305491754554,,,,False,False,False,RXRX,2026-10-01,4.289999961853027,3.9600000381469727,4.170000076293945,3,4.07,2026-10-01 20:00:01+00:00,4.102,2026-10-01 19:58:08-04:00,0,0.0,"zero-volume is provider missing trade-size; preserved price proxy, cannot confirm afterhours volume",4.0758973176941975,,,Yahoo5m extendedbars; bar timestamps not executable quote,0.007862365353552558
85.41999816894531,83.91999816894531,-0.01824994298928917,0.3544615525465745,0.15026330140024413,84.70999908447266,-0.009325946453376255,84.70999908447266,-0.009325946453376255,0.4592175389857659,0.8500155619863716,70588332.29873657,0,0,0,0.09529535916754607,98.159375,0.8810438725492844,26.987948541640222,3.862133268833278,104.36499938964843,83.4373239558479,0.03034172163311202,-0.28168243701840645,,,,False,False,False,MIRM,2026-10-01,103.2750015258789,83.68299865722656,86.16999816894531,4,83.92,2026-10-01 20:00:01+00:00,83.92,2026-10-01 19:30:05-04:00,0,0.0,"zero-volume is provider missing trade-size; preserved price proxy, cannot confirm afterhours volume",84.8776968919388,,,Yahoo5m extendedbars; bar timestamps not executable quote,2.1819050566307396e-08
55.44499969482422,55.439998626708984,0.0021691781009895994,0.2935780293667515,0.08695656271156116,51.33000183105469,0.08007006914166426,45.88999938964844,0.2081063273933006,0.5460907678613838,0.6484352974344516,90306604.95300293,0,1,0,0.35028179182965336,53.289325103759765,54.957828861308805,50.58363904123457,2.7045361253062894,53.19650020599365,45.62184137430145,0.07869296934114847,-0.14831287095168555,,,,False,False,False,CRSP,2026-10-01,60.720001220703125,54.81999969482422,56.59000015258789,1,55.44,2026-10-01 20:00:01+00:00,55.01,2026-10-01 19:50:57-04:00,0,0.0,"zero-volume is provider missing trade-size; preserved price proxy, cannot confirm afterhours volume",55.754496030174785,,,Yahoo5m extendedbars; bar timestamps not executable quote,-0.007756108177496057
11.979999542236328,12.119999885559082,0.004975079921621495,0.5709734553784396,0.06553588002850874,11.243000030517578,0.07800407832971712,10.149999618530273,0.1940887035534753,0.733532738738127,1.765019640566957,51166084.08876419,3,3,0,0.3592816491369533,12.838274989128113,74.81612573918599,49.41627520773091,0.6651255206913599,13.041499948501587,9.429530820073893,0.0944615824572984,-0.1724682384945001,,,,True,False,False,NTLA,2026-10-01,13.130000114440918,11.819999694824219,12.654999732971191,4,12.12,2026-10-01 20:00:00+00:00,12.18,2026-10-01 19:50:53-04:00,0,0.0,"zero-volume is provider missing trade-size; preserved price proxy, cannot confirm afterhours volume",12.3034199068686,,,Yahoo5m extendedbars; bar timestamps not executable quote,0.004950504538569156
11.279999732971191,11.210000038146973,-0.010591340367796742,0.5219616343951965,0.19814017130119654,9.989999771118164,0.12212215164968487,8.680000305175781,0.29147461336638236,0.8755170398165687,0.6568302409930438,555883986.3220739,0,0,0,0.62499975164757,10.968949992656707,1.1397987240184904,44.569745353781585,0.829212117919432,12.260999965667725,9.348455263983233,0.11213673348232202,-0.05163336835469878,,,,True,False,True,MARA,2026-10-01,13.979999542236328,10.90999984741211,11.390000343322754,5,11.21,2026-10-01 20:00:01+00:00,11.2199,2026-10-01 19:59:48-04:00,0,0.0,"zero-volume is provider missing trade-size; preserved price proxy, cannot confirm afterhours volume",11.117758782304715,,,Yahoo5m extendedbars; bar timestamps not executable quote,0.0008831366475769986
20.149999618530273,19.610000610351562,-0.02679895872961302,0.35323216333346164,0.22764863797725787,17.391000747680664,0.12759471952566237,17.391000747680664,0.12759471952566237,0.8781466396284405,1.2350342798674516,355897181.1493778,0,0,0,0.5712372138334145,19.30815002441406,0.8844876892737261,41.34568074457373,1.5014970782702919,22.77200002670288,16.784196044662043,0.10781244382847177,-0.06999055131873955,,,,True,False,True,RIOT,2026-10-01,25.389999389648438,18.760000228881836,20.24799919128418,5,19.61,2026-10-01 20:00:01+00:00,19.6192,2026-10-01 19:59:30-04:00,0,0.0,"zero-volume is provider missing trade-size; preserved price proxy, cannot confirm afterhours volume",19.332817217820008,,,Yahoo5m extendedbars; bar timestamps not executable quote,0.000469117254569662
114.80999755859375,114.66999816894531,-0.005808897088764753,0.15064891811521763,0.10477007223534063,114.62999725341797,0.0003489567869299215,88.56563316577017,0.2947459874680176,0.4599826118570654,0.8209078533128034,847623348.0474854,0,0,0,0.30434638385791324,111.0099787902832,11.448590658866976,39.80138960088906,3.9167014825584703,109.06673431396484,82.34628561485323,0.07357078895445757,-0.2042170229719822,,,,False,False,True,NEM,2026-10-01,130.7100067138672,114.18000030517578,115.79000091552734,2,114.67,2026-10-01 20:00:02+00:00,114.55,2026-10-01 19:59:47-04:00,0,0.0,"zero-volume is provider missing trade-size; preserved price proxy, cannot confirm afterhours volume",114.85919609171114,,,Yahoo5m extendedbars; bar timestamps not executable quote,-0.0010464652556156917
68.58999633789062,69.27999877929688,-0.010285731724330338,0.13659022153864464,0.07503341297850641,67.01000213623047,0.03387548978809951,55.86440695057745,0.24014560542257324,0.48926017310956843,1.0646007250349068,815575850.3306961,1,0,0,0.6708083364135226,63.31618154525757,2.4067236189048913,43.13228334754543,2.7316662914624783,66.75975303649902,56.218915977259286,0.06425494929871643,-0.1852088283731672,,,,False,False,True,FCX,2026-10-01,78.63999938964844,68.19999694824219,69.80999755859375,2,69.28,2026-10-01 20:04:23+00:00,69.3,2026-10-01 19:44:05-04:00,0,1591896.0,"zero-volume is provider missing trade-size; preserved price proxy, cannot confirm afterhours volume",69.06358143826323,,,Yahoo5m extendedbars; bar timestamps not executable quote,0.00028870122770707773
161.5,163.82000732421875,0.006574545770929419,0.05901085330403122,0.0066096435248643726,155.85000610351562,0.051138921453807606,136.2378289556867,0.20245609152729194,0.26081470215165486,0.8231567930428617,2313333792.0292664,3,2,0,0.9204910803861822,147.40557586669922,83.46174097456682,54.77108446588802,3.5618746447329883,151.8134864807129,132.70527556614644,0.03648471414278408,-0.12432174733059542,,,,False,False,False,XOM,2026-10-01,169.63999938964844,160.80999755859375,164.0800018310547,1,163.82,2026-10-01 20:03:39+00:00,163.97,2026-10-01 19:52:15-04:00,0,2463627.0,"zero-volume is provider missing trade-size; preserved price proxy, cannot confirm afterhours volume",163.38669354198277,,,Yahoo5m extendedbars; bar timestamps not executable quote,0.0009155943662264576
55.70000076293945,57.84000015258789,0.04555315386235348,0.13456199245437417,0.026426522451718282,54.7599983215332,0.05624546978562539,51.63307319331954,0.12021223172265927,0.3406465703154543,1.307301668729191,530590722.35406876,2,2,2,0.9749994436903358,53.50114793777466,85.24023876353081,49.00085616381816,1.5698264343771113,56.39055919647217,49.62084514256253,0.040338309250633995,-0.1683563399482938,,,,False,True,False,OXY,2026-10-01,63.77000045776367,55.5,57.900001525878906,2,57.84,2026-10-01 20:00:02+00:00,57.85,2026-10-01 19:47:10-04:00,0,0.0,"zero-volume is provider missing trade-size; preserved price proxy, cannot confirm afterhours volume",57.16008577979676,,,Yahoo5m extendedbars; bar timestamps not executable quote,0.00017288809449733655
99.62000274658203,101.5999984741211,0.019875483567048935,0.31071911342498126,0.06273065457600024,74.5999984741211,0.3619303023091396,63.31999969482422,0.604548309598711,1.3487092845697524,0.5749072872733444,257688820.7414627,1,1,1,0.6055547627894754,69.1997999382019,68.97337485025815,55.40860844485391,8.543295640000645,93.96450004577636,63.88512554140355,0.16432270837029617,0.14388993783012016,,,,False,False,False,AEHR,2026-10-01,108.4000015258789,98.33000183105469,103.7300033569336,3,101.6,2026-10-01 20:00:01+00:00,101.655,2026-10-01 19:59:51-04:00,0,0.0,"zero-volume is provider missing trade-size; preserved price proxy, cannot confirm afterhours volume",101.13186039636055,,,Yahoo5m extendedbars; bar timestamps not executable quote,0.0005413536093006321
7.559999942779541,7.639999866485596,0.021390353877556167,0.6328688100646418,0.11676298226430293,7.019999980926514,0.08831907225692803,6.28000020980835,0.21656044764984972,1.057591364604146,0.9376789457811834,63863806.60503626,1,1,1,0.6097556153346056,8.340149981975555,60.5698713856288,47.71300436281393,0.4631854475235781,9.642499947547913,4.482066324446752,0.10936413952850102,-0.07430051156992179,,,,False,False,False,POET,2026-10-01,8.75,7.389999866485596,7.800000190734863,4,7.64,2026-10-01 20:00:00+00:00,7.664,2026-10-01 19:58:12-04:00,0,0.0,"zero-volume is provider missing trade-size; preserved price proxy, cannot confirm afterhours volume",7.6245870600773955,,,Yahoo5m extendedbars; bar timestamps not executable quote,0.0031413787871497068
6.050000190734863,6.050000190734863,0.0049834235719934394,0.7271086977936442,0.027331126236508907,5.809999942779541,0.04130813258502464,5.650000095367432,0.07079647586119542,0.6113589644127387,0.6935621006052851,124080487.88188457,0,3,0,0.35000119209403235,7.819100003242493,79.25681135388318,42.76642692702064,0.26857554360099517,7.000500011444092,5.314588062522044,0.10270855184183812,-0.22998108867661682,,,,False,False,False,SOUN,2026-10-01,7.070000171661377,5.980000019073486,6.179999828338623,3,6.05,2026-10-01 20:00:00+00:00,6.0574,2026-10-01 19:59:53-04:00,0,0.0,"zero-volume is provider missing trade-size; preserved price proxy, cannot confirm afterhours volume",6.064633058245204,,,Yahoo5m extendedbars; bar timestamps not executable quote,0.0012231089308838428
215.97999572753906,212.3000030517578,0.15776849378264868,0.2556433266850634,0.06734613848006032,172.11000061035156,0.23351346405717832,129.5,0.6393822629479369,0.6203184260383611,5.436019028467668,978138511.6918182,0,3,4,0.07594990264365924,193.8087762069702,98.43969049641737,70.00914144020794,9.579786838954972,165.50080108642578,124.05669845932096,0.04524242686590769,0.008869320891532917,,,,False,False,False,ACN,2026-10-01,197.6300048828125,211.0399932861328,227.6300048828125,1,212.3,2026-10-01 20:00:03+00:00,213.01,2026-10-01 19:53:51-04:00,0,0.0,"zero-volume is provider missing trade-size; preserved price proxy, cannot confirm afterhours volume",219.35429751143013,,,Yahoo5m extendedbars; bar timestamps not executable quote,0.0033443096468965816
181.92999267578125,169.52000427246094,-0.04576408614323246,0.5612154944366677,0.20785044732494884,168.6999969482422,0.004860742970080434,162.35000610351562,0.044163830609120325,1.172300120972107,1.8839191462594558,1263931506.9625092,0,0,0,0.06883897245634553,,0.76740491758855,36.89172597712414,14.195596331552931,211.1724998474121,160.33256986087656,0.11414075392220832,-0.20360347166094261,,,,True,False,False,CBRS,2026-10-01,222.5,168.39999389648438,184.6699981689453,5,169.52,2026-10-01 20:00:01+00:00,171.64,2026-10-01 19:59:58-04:00,0,0.0,"zero-volume is provider missing trade-size; preserved price proxy, cannot confirm afterhours volume",173.87092506026593,,,Yahoo5m extendedbars; bar timestamps not executable quote,0.012505873490491926
24.440000534057617,24.15999984741211,-0.008617192638057158,0.5237062479215633,0.16973095038973185,23.389999389648438,0.032920071733924194,22.93000030517578,0.05364149698500831,0.841404438881639,1.0995703988045216,412199160.7943535,0,0,0,0.4956520729569387,32.099900026321414,18.297969675491203,41.188320309743744,1.6420540745468062,33.42450008392334,17.901036296452794,0.08162832754771442,-0.15241986306526834,,,,True,False,False,APLD,2026-10-01,29.149999618530273,23.59000015258789,24.739999771118164,5,24.16,2026-10-01 20:00:00+00:00,24.279,2026-10-01 19:59:49-04:00,0,0.0,"zero-volume is provider missing trade-size; preserved price proxy, cannot confirm afterhours volume",24.140376233449466,,,Yahoo5m extendedbars; bar timestamps not executable quote,0.004925503035573708
76.55999755859375,80.08000183105469,0.0417588001792466,0.4064630676115234,0.004722809566763964,65.80000305175781,0.21702124797873235,65.80000305175781,0.21702124797873235,0.8008700060174567,0.9490443465512464,827204512.101593,2,3,2,0.9124429552853818,80.3058999633789,94.66571835525431,59.2574890739465,3.401565162308805,92.37850036621094,56.840322547121886,0.06196072918780132,-0.015316644296354376,,,,False,False,False,ON,2026-10-01,77.68000030517578,76.12000274658203,80.45999908447266,3,80.08,2026-10-01 20:00:01+00:00,85.75,2026-10-01 19:59:34-04:00,0,0.0,"zero-volume is provider missing trade-size; preserved price proxy, cannot confirm afterhours volume",78.57626504407038,,,Yahoo5m extendedbars; bar timestamps not executable quote,0.07080417131991767
101.12000274658203,106.1500015258789,0.046844180754649356,0.28810944208050837,0.004408189913671645,88.08999633789062,0.20501766305807,88.08999633789062,0.20501766305807,0.6356718133306214,1.6563154102185773,56015163.78311157,1,3,2,0.9241934074696639,98.57740020751953,94.25301896204141,59.748290668959626,4.4585969812205475,115.8185001373291,84.45883832914126,0.06426283758741934,-0.016467073382242514,,,,False,True,False,SYNA,2026-10-01,103.04000091552734,100.41999816894531,106.62000274658203,3,106.15,2026-10-01 20:00:00+00:00,122.04,2026-10-01 19:59:46-04:00,0,0.0,"zero-volume is provider missing trade-size; preserved price proxy, cannot confirm afterhours volume",103.66351840016561,,,Yahoo5m extendedbars; bar timestamps not executable quote,0.14969381296002315
