symbol,eligible,a_hit5,a_hit10,a_close3,a_down3,b_hit5,b_hit10,b_close3,b_down3,p_hit5,p_hit10,p_close3,p_down3,close,daily_pct,volume_ratio,atr,atr_pct,rsi,ema20,ema50,rs20_qqq_pp,ret20_pct,range_position,high,low,prior_high20,adv20,history_sessions,high_close_pct,max_feature_abs,last,last_at,age_minutes,session,after_hours_change_pct,after_hours_volume,after_hours_high,after_hours_low,regular_quote_at,quote_note,evaluation_score_neighbors,evaluation_score_dates,empirical_hit5,empirical_hit5_dateblock95,model_disagreement,extension_atr
IOVA,True,0.6149228661307308,0.1477113139634664,0.3687707817653999,0.8231813645304056,0.7248978431535341,0.41324800760749125,0.4711418319920342,0.8766632127582353,0.6699103546421324,0.2804796607854788,0.41995630687871705,0.8499222886443205,14.449999809265137,31.483167517800048,5.589583547487864,0.8389614655520131,5.805961775958521,86.44518893488029,10.048767525665069,8.235167135857253,73.80573600953436,76.86658108110946,0.662698322593146,15.300000190734863,12.779999732971191,11.170000076293945,133761240.07045746,2513,5.882355658750371,,14.45,2026-09-29 19:49:22-04:00,1.1746131666666666,after_hours,1.3199644710581993e-06,834752.0,14.55,14.36,2026-09-29 16:00:01-04:00,"Vendor latest observation, no executable bid/ask or overnight-session venue feed; after-hours bar volumes and extremes may include late regular-session batches and are not reliable liquidity/support measures",188,127,0.4734042553191489,"[0.3848673059768064, 0.5602259824638869]",0.10997497702280334,5.24604819686704
KOD,True,0.7098539306476604,0.23461162679547726,0.44835024006390795,0.8640218762702825,0.616833037346354,0.28454796805433713,0.16846630756309205,0.6041308834260065,0.6633434839970072,0.2595797974249072,0.3084082738135,0.7340763798481444,91.12000274658203,1.3345246909170383,2.1779927728816504,6.765267475424814,7.424568998576532,89.96446275478715,44.51199905784475,40.70807705750339,140.90168898238707,143.96253405396217,0.787482288985918,93.13860321044922,83.64009857177734,95.7699966430664,201396680.0480652,2006,2.2153208988384243,,90.9521,2026-09-29 19:48:18-04:00,2.2453409333333334,after_hours,-0.1842655196675036,10497.0,91.44,90.17,2026-09-29 16:00:01-04:00,"Vendor latest observation, no executable bid/ask or overnight-session venue feed; after-hours bar volumes and extremes may include late regular-session batches and are not reliable liquidity/support measures",198,133,0.46464646464646464,"[0.3795465848806366, 0.5426677098379071]",0.09302089330130647,6.889306868951343
AAOI,True,0.29596914767096144,0.05023592329889725,0.23607396729325997,0.5706779083342501,0.2911321819647585,0.05488540803518074,0.156596227542901,0.4590080230761553,0.29355066481785996,0.05256066566703899,0.19633509741808047,0.5148429657052027,100.66999816894531,3.9764495829955226,1.0776783969409494,8.136620073902153,8.08246768838438,45.040004910243226,104.13504957996398,112.67036981403939,-9.579560006399724,-6.51871493482461,0.5062495455146919,103.83000183105469,97.43000030517578,116.9000015258789,693394028.4222794,2513,3.1389726031446186,,101.4287,2026-09-29 19:50:00-04:00,0.5296251833333333,after_hours,0.7536523739490208,2732.0,101.6,98.7654,2026-09-29 16:00:01-04:00,"Vendor latest observation, no executable bid/ask or overnight-session venue feed; after-hours bar volumes and extremes may include late regular-session batches and are not reliable liquidity/support measures",1721,409,0.31202789076118537,"[0.27833689656917315, 0.34575679194447584]",0.004836965706202956,-0.4258588184709105
CIFR,True,0.26628302610145055,0.04536498133591429,0.20697058083943212,0.535965572364277,0.26646390244894697,0.03138778819214674,0.2024140685827656,0.5174512603563232,0.26637346427519876,0.03837638476403052,0.20469232471109886,0.5267084163603001,16.510000228881836,-1.373951883996738,0.8423922101684118,1.4877039916763122,9.010926535747657,45.925966349400085,17.294730602046762,18.042765382484777,3.45528543733995,6.516130508915063,0.07506928446735578,17.3700008392334,16.440200805664062,19.7450008392334,577877506.1219311,1492,5.208967888729132,,16.65,2026-09-29 19:48:50-04:00,1.7064215999999999,after_hours,0.8479695286330413,8574.0,16.74,16.51,2026-09-29 16:00:01-04:00,"Vendor latest observation, no executable bid/ask or overnight-session venue feed; after-hours bar volumes and extremes may include late regular-session batches and are not reliable liquidity/support measures",1979,429,0.2875189489641233,"[0.2562926275331936, 0.3175516829953812]",0.000180876347496417,-0.5274774938801564
FICO,True,0.19167819165518976,0.04666275838885669,0.10946771752514561,0.5783095135346809,0.31963306011692744,0.0938427203855028,0.13803074508161323,0.48120863931565433,0.2556556258860586,0.07025273938717974,0.12374923130337942,0.5297590764251676,617.8699951171875,-26.52190127676698,10.937648701480034,58.38617138677001,9.449588400177333,16.525514469121248,926.9981532950169,1027.9108285825084,-49.202352192707146,-46.14150712113203,0.25253305079965505,685.0,595.1900024414062,1158.2900390625,425539950.54504395,2513,10.864745887212134,,612.21,2026-09-29 19:50:02-04:00,0.5118525333333334,after_hours,-0.9160495188172968,117707.0,617.87,606.1528,2026-09-29 16:00:03-04:00,"Vendor latest observation, no executable bid/ask or overnight-session venue feed; after-hours bar volumes and extremes may include late regular-session batches and are not reliable liquidity/support measures",2077,431,0.27924891670678864,"[0.2499381188118812, 0.31050110198560615]",0.12795486846173768,-5.294544081852165
UMAC,True,0.2562871653698739,0.038399582310940455,0.20732704054767076,0.5578337639609215,0.22313773530343556,0.028156202620716185,0.15421287974135656,0.49053815997715017,0.23971245033665473,0.033277892465828324,0.18076996014451366,0.5241859619690359,24.940000534057617,4.090156456725635,1.0490283000769438,1.852902978720197,7.429442417973912,53.450052889209786,23.981631386966775,23.66439905867504,2.3045983321856145,5.365443403760728,0.9393158547330682,25.020000457763672,23.70170021057129,26.200000762939453,57368997.657203674,658,0.32076953485549176,,24.8902,2026-09-29 19:45:44-04:00,4.802300783333333,after_hours,-0.19968136724620722,181163.0,25.0,24.8,2026-09-29 16:00:00-04:00,"Vendor latest observation, no executable bid/ask or overnight-session venue feed; after-hours bar volumes and extremes may include late regular-session batches and are not reliable liquidity/support measures",2238,431,0.25603217158176944,"[0.22853433886472016, 0.2866841060726221]",0.033149430066438335,0.5172257576879654
BE,True,0.22348453111355537,0.03332310578386788,0.18936640313405897,0.48931908830990584,0.24021673238261174,0.02723479621178898,0.16757984468966178,0.4915141755287865,0.23185063174808357,0.03027895099782843,0.17847312391186038,0.49041663191934615,291.25,10.79621311293466,1.3980138267848259,21.31205741723768,7.317444606776885,60.265466008019345,263.00325595481365,248.43774437824683,38.11704910757785,41.177894179152965,0.6432333108795132,302.35400390625,271.2300109863281,292.7200012207031,4434920569.416046,2056,3.8125335300429164,,293.64,2026-09-29 19:49:14-04:00,1.3003328666666667,after_hours,0.8206008583691027,788012.0,295.2605,290.51,2026-09-29 16:00:03-04:00,"Vendor latest observation, no executable bid/ask or overnight-session venue feed; after-hours bar volumes and extremes may include late regular-session batches and are not reliable liquidity/support measures",2354,432,0.2463891248937978,"[0.2211272441742621, 0.27441813808256255]",0.016732201269056363,1.325387947873101
NBIS,True,0.2330583560058613,0.03335310057540815,0.2024343311772744,0.547070944849213,0.21387707716487056,0.031507975177236545,0.13779694900975187,0.44717608935954967,0.22346771658536593,0.03243053787632234,0.17011564009351315,0.49712351710438135,237.35499572753906,2.3611310718634426,0.8607260527593183,16.531855776699402,6.965033841409599,55.241009702448366,227.20983711225418,221.08194547347045,11.9813162804991,15.042161352074213,0.28020902191944413,246.97500610351562,233.61000061035156,254.74000549316406,3407446549.345627,486,4.05300522387968,,240.05,2026-09-29 19:49:51-04:00,0.68321285,after_hours,1.1354318724997814,399164.0,240.73,237.0,2026-09-29 16:00:00-04:00,"Vendor latest observation, no executable bid/ask or overnight-session venue feed; after-hours bar volumes and extremes may include late regular-session batches and are not reliable liquidity/support measures",2483,433,0.24164317358034634,"[0.2169529508619048, 0.2687593119328186]",0.019181278840990745,0.6136733076019112
NVTS,True,0.21312101334688366,0.030675151534846054,0.17244107148106927,0.4959552441425289,0.18874755893651518,0.03020913951885813,0.15841472353975616,0.5739925574000606,0.20093428614169942,0.030442145526852094,0.1654278975104127,0.5349739007712948,11.729999542236328,0.0,3.128186814936984,0.7932482933737084,6.762560309720825,48.2311879919161,11.785943792556447,12.654826333224436,-1.8529124761887505,1.2079325953863629,0.04878007176595738,12.899999618530273,11.670000076293945,12.630000114440918,130023351.39751434,1240,9.974425592099244,,11.741,2026-09-29 19:49:15-04:00,1.2825217333333332,after_hours,0.09378054725459606,1725614.0,11.79,11.7,2026-09-29 16:00:00-04:00,"Vendor latest observation, no executable bid/ask or overnight-session venue feed; after-hours bar volumes and extremes may include late regular-session batches and are not reliable liquidity/support measures",2934,434,0.2304021813224267,"[0.20741691157328196, 0.2557752142773277]",0.024373454410368478,-0.0705255224466807
CBRS,True,0.19923056704556322,0.030654857398919592,0.17098477781166066,0.4686537390436735,0.19026298382306972,0.02381852207657719,0.15415355227087177,0.47268736470547945,0.19474677543431645,0.02723668973774839,0.16256916504126623,0.4706705518745765,194.9499969482422,-0.9098345506471373,1.5490419100581225,13.780446086575195,7.068708028876658,47.50481020283601,198.96048641211573,204.03419351095087,2.752220025991603,5.813065097566716,0.037429977015326715,213.97999572753906,194.2100067138672,222.5,1146419052.436905,95,9.761476828516802,,194.4999,2026-09-29 19:50:05-04:00,0.4607620666666667,after_hours,-0.230878150955649,,197.9,194.05,2026-09-29 16:00:01-04:00,"Vendor latest observation, no executable bid/ask or overnight-session venue feed; after-hours bar volumes and extremes may include late regular-session batches and are not reliable liquidity/support measures",3058,433,0.22661870503597123,"[0.20431308756784344, 0.252296002712899]",0.008967583222493497,-0.2910275501009019
CRDO,True,0.18892667322568474,0.027824283556651716,0.17304954120553512,0.4558835952682699,0.19791978890206816,0.02296734873697084,0.1608958710441025,0.4491872494450177,0.19342323106387643,0.02539581614681128,0.1669727061248188,0.4525354223566438,192.35000610351562,-0.1660829752793691,0.6632069255911309,13.877224950583996,7.214569540026834,49.50136762763895,189.99093647663574,202.40990023427443,-18.02171689289125,-14.960871821316136,0.3220837275551089,199.3800048828125,189.00999450683594,238.39500427246094,1770394278.8430023,1172,3.654795194294702,,193.79,2026-09-29 19:49:48-04:00,0.7290844333333334,after_hours,0.7486321033488341,651.0,199.782,186.3045,2026-09-29 16:00:01-04:00,"Vendor latest observation, no executable bid/ask or overnight-session venue feed; after-hours bar volumes and extremes may include late regular-session batches and are not reliable liquidity/support measures",3088,433,0.226360103626943,"[0.2045656239008783, 0.2516084524211137]",0.008993115676383417,0.1699957761930356
SMMT,True,0.20736327635656188,0.031147944771382646,0.1497622284133845,0.45022193700041924,0.1772291830184015,0.031743423459855265,0.20385756029877142,0.7448509589708276,0.19229622968748167,0.03144568411561895,0.17680989435607797,0.5975364479856234,16.389999389648438,5.8785521597027435,4.396621775481629,1.1384662164785502,6.946102860733359,52.40920572420122,16.283759961198136,15.618646501158954,17.276890077940642,20.33773514951576,0.08219170029021745,19.06999969482422,16.149999618530273,18.829999923706055,104371607.54114151,2513,16.351436271976993,,16.27,2026-09-29 19:48:48-04:00,1.7417465,after_hours,-0.7321500556261573,688104.0,16.52,16.2,2026-09-29 16:00:00-04:00,"Vendor latest observation, no executable bid/ask or overnight-session venue feed; after-hours bar volumes and extremes may include late regular-session batches and are not reliable liquidity/support measures",3112,434,0.22332904884318766,"[0.20066665549057924, 0.24713559580127814]",0.03013409333816039,0.09331803343178352
ALAB,True,0.18886500395352382,0.0241194367413995,0.17435569013624685,0.4804669107304215,0.19215179203641636,0.025182802276395033,0.12807602172458746,0.4139145162874204,0.1905083979949701,0.024651119508897264,0.15121585593041714,0.4471907135089209,357.8399963378906,1.858756888410995,0.6474004761371548,22.869060715355893,6.390862103005883,61.34066468222099,323.3129404515822,314.8376463561626,17.432111726909305,20.492956798484418,0.4934245079068177,366.70001220703125,349.2099914550781,377.8699951171875,1263021747.8121948,634,2.4759713726283827,,359.8,2026-09-29 19:49:47-04:00,0.7450668833333334,after_hours,0.5477318584193869,,361.39,356.28,2026-09-29 16:00:01-04:00,"Vendor latest observation, no executable bid/ask or overnight-session venue feed; after-hours bar volumes and extremes may include late regular-session batches and are not reliable liquidity/support measures",3153,434,0.22137646685696163,"[0.19944533798211184, 0.24493482816570247]",0.003286788082892539,1.5097714906640007
MDB,True,0.1796970085342183,0.0323859069632626,0.13558150106436936,0.47148333981996987,0.19525722896121694,0.015849674340241277,0.17513941411882555,0.5191369392500498,0.1874771187477176,0.024117790651751937,0.15536045759159745,0.4953101395350098,337.19000244140625,0.7499730550241113,3.2639083966788536,27.81171302327272,8.24808352024185,37.68946951940275,388.82292809892084,383.1375310392432,-28.68671222799135,-25.625867156416238,0.5782143729073661,349.0,321.0,455.9700012207031,1065447271.9622803,2247,3.5024755992419943,,336.11,2026-09-29 19:49:08-04:00,1.4044088666666668,after_hours,-0.3202949178761294,,337.48,332.9265,2026-09-29 16:00:01-04:00,"Vendor latest observation, no executable bid/ask or overnight-session venue feed; after-hours bar volumes and extremes may include late regular-session batches and are not reliable liquidity/support measures",3237,434,0.2205746061167748,"[0.1975812608916544, 0.24479964311029148]",0.015560220426998644,-1.8565172743695573
ABCL,True,0.1769791101736223,0.019172938192755784,0.15332628388304836,0.5042064905170432,0.189482363517147,0.01563461589638038,0.1613936606679176,0.620714877011717,0.18323073684538466,0.01740377704456808,0.15735997227548298,0.5624606837643802,14.819999694824219,6.465514465499123,2.073396520042856,0.8102096981528023,5.467002124404647,76.93719618481147,12.265035435315363,10.555283589909433,26.033234072763012,29.094079144338124,0.7999995761445686,15.0,14.100000381469727,14.229999542236328,52606865.57137966,1455,1.2145769830119946,,14.98,2026-09-29 19:49:13-04:00,1.3247621666666667,after_hours,1.0796242137013135,2681.0,14.98,14.72,2026-09-29 16:00:01-04:00,"Vendor latest observation, no executable bid/ask or overnight-session venue feed; after-hours bar volumes and extremes may include late regular-session batches and are not reliable liquidity/support measures",3333,433,0.21782178217821782,"[0.1969290369071176, 0.24098790132542272]",0.0125032533435247,3.1534604749041146
SMR,True,0.15947472327755727,0.027035532773402655,0.14826064553482848,0.3778955613921622,0.20261892242995524,0.02305105425890662,0.18895780705265988,0.47703189341006436,0.18104682285375626,0.025043293516154638,0.1686092262937442,0.42746372740111327,7.760000228881836,-1.8963289686958484,0.7986129102754328,0.6283873925043933,8.097775437758457,38.84564631876171,8.75786216477625,9.161320806444039,-19.349951374878504,-16.28910630330339,0.024390811228239936,8.15999984741211,7.75,11.369999885559082,332752253.8018513,1150,5.154634107374378,,7.83,2026-09-29 19:47:15-04:00,3.2945399833333338,after_hours,0.9020588795556117,1108127.0,7.8841,7.72,2026-09-29 16:00:02-04:00,"Vendor latest observation, no executable bid/ask or overnight-session venue feed; after-hours bar volumes and extremes may include late regular-session batches and are not reliable liquidity/support measures",3389,434,0.21658306285039836,"[0.1939111998431728, 0.24014521838263814]",0.04314419915239798,-1.5879725592798843
SNDK,True,0.17245584146687723,0.02263882765137504,0.16540154217481753,0.44810623781194747,0.1880427688746802,0.028489119678079766,0.1250733527033315,0.3947820730473375,0.1802493051707787,0.025563973664727402,0.14523744743907452,0.4214441554296425,1729.760009765625,0.9848849005433591,0.5594697052017495,108.1667563835388,6.2532811356989875,54.219519520943614,1685.5333294154166,1612.569010388529,7.347022655221114,10.407867726796226,0.6474108981773308,1749.780029296875,1693.0,1909.47998046875,17767203350.282593,408,1.1573871183415019,,1725.0001,2026-09-29 19:49:55-04:00,0.6114140333333334,after_hours,-0.2751774661659545,256710.0,1731.92,1702.075,2026-09-29 16:00:00-04:00,"Vendor latest observation, no executable bid/ask or overnight-session venue feed; after-hours bar volumes and extremes may include late regular-session batches and are not reliable liquidity/support measures",3412,434,0.21629542790152403,"[0.19410531130088166, 0.24063085461812275]",0.015586927407802958,0.4088749799743371
FSLY,True,0.19563966037378416,0.027482627921927006,0.1615309810847437,0.4973017888991323,0.16379817076831685,0.01239998392930843,0.17461301426032094,0.47896020033232684,0.17971891557105052,0.019941305925617717,0.16807199767253234,0.48813099461572956,25.479999542236328,2.2471888612677127,0.4905597674576732,2.5060134005823214,9.835217604412772,52.79635349043899,24.840681124357747,23.710145161634955,8.742570982156717,11.80341605373183,0.9549539487249983,25.530000686645508,24.420000076293945,31.329999923706055,208368199.4341755,1852,0.19623683401679415,,25.5365,2026-09-29 19:47:21-04:00,3.189126283333333,after_hours,0.22174434371560192,100.0,25.65,25.1112,2026-09-29 16:00:01-04:00,"Vendor latest observation, no executable bid/ask or overnight-session venue feed; after-hours bar volumes and extremes may include late regular-session batches and are not reliable liquidity/support measures",3414,434,0.2182190978324546,"[0.1961546702279378, 0.24225412512191352]",0.031841489605467316,0.25511372673826194
ARM,True,0.16905255885210108,0.02388426513601796,0.15559031436832402,0.41554288065042166,0.17755863373382338,0.018796061190491965,0.14833807193478976,0.41144729788713635,0.17330559629296222,0.02134016316325496,0.1519641931515569,0.413495089268779,293.6700134277344,3.6494643509367597,1.0798122842496272,19.678938411778525,6.7010377335039255,54.76730766203451,282.0053807189036,274.81332426612516,18.335545727509572,21.396390799084685,0.47417263777329716,301.0,287.0600891113281,336.9800109863281,1571174363.990631,763,2.4959942238261146,,295.38,2026-09-29 19:49:30-04:00,1.0314147333333332,after_hours,0.5822816406437115,244875.0,296.0,293.32,2026-09-29 16:00:00-04:00,"Vendor latest observation, no executable bid/ask or overnight-session venue feed; after-hours bar volumes and extremes may include late regular-session batches and are not reliable liquidity/support measures",3530,434,0.21841359773371105,"[0.19770208584969864, 0.24235602474651388]",0.008506074881722309,0.5927470509206473
COHR,True,0.16930509432728347,0.025234904269219587,0.15901383169119876,0.4031476301854231,0.1717394829229679,0.01954682200932527,0.15029405331558293,0.3983239722228186,0.1705222886251257,0.02239086313927243,0.15465394250339085,0.4007358012041209,292.2099914550781,3.4554713493490485,0.8610832923097103,20.40822306904626,6.98409488581216,48.8255064936562,294.91346072394305,301.91895459439047,2.1149838805931465,5.17582895216826,0.37699983357332545,302.7200012207031,285.8500061035156,332.8599853515625,1851745120.9654236,2513,3.5967318274401805,,294.1,2026-09-29 19:46:24-04:00,4.1294571499999995,after_hours,0.6467980562575804,327408.0,294.847,291.9971,2026-09-29 16:00:03-04:00,"Vendor latest observation, no executable bid/ask or overnight-session venue feed; after-hours bar volumes and extremes may include late regular-session batches and are not reliable liquidity/support measures",3581,434,0.21390672996369728,"[0.19291071980275393, 0.23651977544511815]",0.002434388595684428,-0.1324696059876644
IREN,True,0.15990817931805867,0.023749912512022044,0.1519383872081901,0.4138331279851364,0.17568028317005469,0.024139976725503554,0.13856122304094395,0.3951252261901833,0.16779423124405668,0.0239449446187628,0.14524980512456703,0.40447917708765985,41.380001068115234,-0.814957197122923,0.9169798776294581,2.8473316238001165,6.880936564291408,45.281864441696165,43.65985210741207,43.270587416416724,8.430463555046575,11.491308626621688,0.2139046814725964,42.849998474121094,40.97999954223633,49.369998931884766,1606031409.5251656,1220,3.5524344322420687,,41.6824,2026-09-29 19:49:52-04:00,0.6668383,after_hours,0.7307852201042575,1391089.0,41.7,41.19,2026-09-29 16:00:01-04:00,"Vendor latest observation, no executable bid/ask or overnight-session venue feed; after-hours bar volumes and extremes may include late regular-session batches and are not reliable liquidity/support measures",3660,434,0.21065573770491802,"[0.19010882849808416, 0.2335252897079593]",0.01577210385199601,-0.8006974039272929
VICR,True,0.15639983651578776,0.01823873531911309,0.14893136258429335,0.4048512443970446,0.17135481696822083,0.013413811077834292,0.14502508225064611,0.42402074153958,0.16387732674200428,0.01582627319847369,0.14697822241746972,0.41443599296831235,290.67999267578125,1.9572032454603372,0.5813101008196448,17.389633763844632,5.982397895282971,72.19775765266844,237.3673543607814,229.577399944279,51.81980498148269,54.8806500530578,0.5287095004995233,297.0,283.5899963378906,291.5299987792969,201943159.4556427,2513,2.1742147665690714,,291.8171,2026-09-29 19:47:02-04:00,3.4976251333333335,after_hours,0.39118871366115027,16245.0,292.0,284.01,2026-09-29 16:00:00-04:00,"Vendor latest observation, no executable bid/ask or overnight-session venue feed; after-hours bar volumes and extremes may include late regular-session batches and are not reliable liquidity/support measures",3799,434,0.2050539615688339,"[0.18512997380447044, 0.22725413397802058]",0.01495498045243307,3.065771196736985
WULF,True,0.14690195106458542,0.022427019487216048,0.14079125694199404,0.36058218762410243,0.16820008367337572,0.019249547967839144,0.15975484764411405,0.39506867160996245,0.15755101736898058,0.020838283727527596,0.15027305229305404,0.37782542961703247,15.09000015258789,-0.19841093385088993,0.7624006541596614,1.0833666913554194,7.179368326047533,42.60373259324635,16.135163880582812,17.19310084727255,-3.325220230533965,-0.26437515895885166,0.25196855123940254,15.5649995803833,14.930000305175781,18.079999923706055,450570263.79452705,2513,3.14777616297075,,15.22,2026-09-29 19:49:16-04:00,1.2732515500000001,after_hours,0.8614966606863561,1085634.0,15.2892,15.09,2026-09-29 16:00:00-04:00,"Vendor latest observation, no executable bid/ask or overnight-session venue feed; after-hours bar volumes and extremes may include late regular-session batches and are not reliable liquidity/support measures",3994,435,0.1957936905358037,"[0.1766870892721859, 0.2166217528421434]",0.021298132608790293,-0.9647368119535766
ASTS,True,0.14842186326647125,0.020085554650834274,0.14037183504198614,0.39320757505491394,0.16525128593822647,0.02252490842192164,0.15083740469958629,0.5170171418637423,0.15683657460234884,0.021305231536377957,0.1456046198707862,0.45511235845932807,59.400001525878906,-2.6229483182312996,1.6323491119735898,4.168931808144627,7.018403537125065,45.463821233613984,61.36255292582398,64.60951376000241,-2.553225681552318,0.5076193900227954,0.11901302865950751,65.47000122070312,58.58000183105469,67.19999694824219,595017596.6607857,1735,10.218854442587322,,59.83,2026-09-29 19:50:00-04:00,0.5347274833333333,after_hours,0.7239031364902448,713172.0,59.88,59.3,2026-09-29 16:00:01-04:00,"Vendor latest observation, no executable bid/ask or overnight-session venue feed; after-hours bar volumes and extremes may include late regular-session batches and are not reliable liquidity/support measures",4025,435,0.19577639751552794,"[0.17604491621913337, 0.21668060631096508]",0.016829422671755218,-0.4707564168142388
CRWV,True,0.15371353161903026,0.022849973209819994,0.15140137850121024,0.40136790957913765,0.1554015556784373,0.018783500983802093,0.13928979971663466,0.39988073627906207,0.15455754364873378,0.020816737096811044,0.14534558910892245,0.4006243229290999,85.93000030517578,1.010932894600547,0.8822400499295815,5.414920399210027,6.30154821363811,48.93003801055129,86.48019942977753,87.95566707614213,-1.8357291297623535,1.22511594181276,0.14805800570665284,90.47000122070312,85.14099884033203,104.58999633789062,2521540024.078903,378,5.283371231704614,,86.2003,2026-09-29 19:49:47-04:00,0.7500148166666667,after_hours,0.31455800519524235,853521.0,87.4971,85.7,2026-09-29 16:00:01-04:00,"Vendor latest observation, no executable bid/ask or overnight-session venue feed; after-hours bar volumes and extremes may include late regular-session batches and are not reliable liquidity/support measures",4076,435,0.1935721295387635,"[0.17536580926182121, 0.21301568814796168]",0.001688024059407045,-0.10160798018046846
VKTX,True,0.14613600725357972,0.02400204116964785,0.12709287535682523,0.36439722789276485,0.15954346059223587,0.014370134543273657,0.16710575581400425,0.4181664438921511,0.15283973392290778,0.019186087856460754,0.14709931558541472,0.39128183589245796,31.809999465942383,-3.6936099256509314,1.1330310424070513,2.7904852262303494,8.772352320275905,45.64515349713911,33.71244896253754,33.7406286511255,-6.019964502559116,-2.959119430984003,0.17513106651009774,33.64690017700195,31.420000076293945,43.099998474121094,260066785.76942444,2513,5.774601514930122,,32.0614,2026-09-29 19:49:19-04:00,1.2252382333333334,after_hours,0.7903192023840822,393559.0,32.2199,31.81,2026-09-29 16:00:00-04:00,"Vendor latest observation, no executable bid/ask or overnight-session venue feed; after-hours bar volumes and extremes may include late regular-session batches and are not reliable liquidity/support measures",4150,435,0.19397590361445782,"[0.17604578665199955, 0.21330550246578767]",0.013407453338656145,-0.6817629703652538
SMTC,True,0.14582918644588977,0.018743975440197905,0.14244098596744134,0.4099353634471164,0.15332928728707343,0.013761508310190022,0.14586002255524552,0.4391184449128122,0.1495792368664816,0.016252741875193964,0.14415050426134343,0.4245269041799643,180.10000610351562,3.0438307365687756,0.8241703284174458,11.470987586373525,6.3692322030130155,60.628308172626774,164.91827117673847,151.27479748105378,32.39342464059085,35.45426971216597,0.4016522299437293,184.4499969482422,177.17999267578125,190.63999938964844,534828237.9046631,2513,2.415319654251613,,181.0,2026-09-29 19:47:45-04:00,2.780800816666667,after_hours,0.4997189705630012,120711.0,183.0,177.408,2026-09-29 16:00:00-04:00,"Vendor latest observation, no executable bid/ask or overnight-session venue feed; after-hours bar volumes and extremes may include late regular-session batches and are not reliable liquidity/support measures",4267,435,0.19100070307007266,"[0.17284063844900346, 0.21074517598223536]",0.00750010084118366,1.3234897878201572
LITE,True,0.14660210631570622,0.02001054391929673,0.14210783132809987,0.40865160499944875,0.14778328361162282,0.015646734619322363,0.1327347627742244,0.4261349568858845,0.14719269496366452,0.017828639269309547,0.13742129705116213,0.4173932809426666,973.489990234375,5.662525777734162,1.3573304727123576,63.270673428465436,6.499365588056283,57.33880576495179,919.3309894087829,885.9078426745139,3.3594159632068354,6.420261034781949,0.6055920054611651,998.8800048828125,934.5050048828125,1026.760009765625,4075829674.189453,2513,2.608143371081262,,980.0,2026-09-29 19:49:22-04:00,1.1626168166666666,after_hours,0.6687289885803249,,981.9,971.0,2026-09-29 16:00:01-04:00,"Vendor latest observation, no executable bid/ask or overnight-session venue feed; after-hours bar volumes and extremes may include late regular-session batches and are not reliable liquidity/support measures",4364,435,0.1881301558203483,"[0.17061742310093636, 0.20716633132126086]",0.0011811772959166023,0.8559890055038675
APLD,True,0.13929232910700115,0.021545162226240422,0.1353614714823482,0.3477199841440402,0.15360001292036388,0.019807270077691536,0.13557234305451143,0.3459316677779412,0.1464461710136825,0.02067621615196598,0.1354669072684298,0.3468258259609907,25.40999984741211,3.587440424515309,1.0271191819532266,1.7037433008121199,6.7050110627436235,44.940038620944456,26.508905271541312,28.212637175064604,-3.0608450715751134,0.0,0.7903223573602906,25.670000076293945,24.43000030517578,29.149999618530273,406668124.46878433,1119,1.023220111936829,,25.52,2026-09-29 19:49:17-04:00,1.2609103666666668,after_hours,0.4329010360033303,,25.61,25.27,2026-09-29 16:00:01-04:00,"Vendor latest observation, no executable bid/ask or overnight-session venue feed; after-hours bar volumes and extremes may include late regular-session batches and are not reliable liquidity/support measures",4388,435,0.18869644484958978,"[0.17115091603450994, 0.20777706650209968]",0.014307683813362726,-0.6449947146412197
ACMR,True,0.14590364054869426,0.018105328168443444,0.147179018455104,0.39929559445355584,0.14205388533652324,0.01802957938264189,0.13216230616179556,0.39527790616782443,0.14397876294260875,0.01806745377554267,0.13967066230844977,0.39728675031069016,75.61000061035156,-0.4476581323924478,0.6383707746056914,4.911807442043886,6.4962404475518865,51.15070800589443,74.26965174912242,76.86889779210868,0.7705212113413129,3.8313662829164263,0.2000007775173095,78.75,74.82499694824219,82.77999877929688,78961438.45127106,2237,4.152888988627446,,75.61,2026-09-29 19:30:05-04:00,20.448888783333334,after_hours,-8.072365553779548e-07,,76.1,74.5,2026-09-29 16:00:01-04:00,"Vendor latest observation, no executable bid/ask or overnight-session venue feed; after-hours bar volumes and extremes may include late regular-session batches and are not reliable liquidity/support measures",4515,435,0.18693244739756368,"[0.16924949248705248, 0.20574987338407366]",0.0038497552121710132,0.2728830226030611
RCAT,True,0.1255763174808744,0.018753237435603733,0.13416732717763483,0.334433437143321,0.15210819990557342,0.020405207505782105,0.15397469759650695,0.3595381002826336,0.13884225869322392,0.01957922247069292,0.14407101238707087,0.3469857687129773,6.449999809265137,-0.7692337036132812,0.6139985496837088,0.46596710381379064,7.224296396791356,31.668388643658197,7.395492746377525,8.297399750748001,-27.97353779927012,-24.912692727695006,0.13333220305218296,6.644999980926514,6.420000076293945,8.979999542236328,63806940.35709143,2513,3.023258564771858,,6.49,2026-09-29 19:49:30-04:00,1.0353441333333333,after_hours,0.6201580142282337,,6.5,6.43,2026-09-29 16:00:01-04:00,"Vendor latest observation, no executable bid/ask or overnight-session venue feed; after-hours bar volumes and extremes may include late regular-session batches and are not reliable liquidity/support measures",4795,435,0.18769551616266944,"[0.1704745926094487, 0.2063202672342045]",0.026531882424699033,-2.029098040127368
RDW,True,0.11939829516602274,0.01533583892339866,0.12296945318822895,0.37432029297152825,0.12585640513077695,0.015052184264999229,0.12736536461899603,0.41949971821046694,0.12262735014839984,0.015194011594198944,0.1251674089036125,0.3969100055909976,10.729999542236328,-4.196431027079162,1.0645649055655133,0.7416060219062888,6.911519604330985,45.559405953736245,11.167336044358406,11.293469756437574,-2.7804737303979365,0.2803713411771769,0.08333325054910777,11.609999656677246,10.649999618530273,12.069999694824219,141111057.56286144,1433,8.201306169464285,,10.7997,2026-09-29 19:49:20-04:00,1.2017002499999998,after_hours,0.6495849090143002,1125947.0,10.7997,10.6846,2026-09-29 16:00:02-04:00,"Vendor latest observation, no executable bid/ask or overnight-session venue feed; after-hours bar volumes and extremes may include late regular-session batches and are not reliable liquidity/support measures",5845,434,0.1647562018819504,"[0.1498461577474234, 0.18107157268233628]",0.006458109964754211,-0.5897154138499436
LUNR,True,0.11636626360004201,0.01554659516944822,0.12050688600700785,0.3491694368068338,0.1279785985506192,0.0158212237067525,0.1330518726886232,0.3907373941102296,0.1221724310753306,0.015683909438100357,0.12677937934781552,0.3699534154585317,14.550000190734863,-4.276313333465087,0.9276779227786967,1.0402020240058711,7.149154710446328,44.8276519474896,15.191529138518717,16.263008943972075,-8.334279212507944,-5.273434140932832,0.009950475366263086,15.545000076293945,14.539999961853027,16.260000228881836,106216957.09479332,1220,6.838487096327861,,14.66,2026-09-29 19:49:40-04:00,0.868217,after_hours,0.75601242490142,592693.0,14.66,14.55,2026-09-29 16:00:00-04:00,"Vendor latest observation, no executable bid/ask or overnight-session venue feed; after-hours bar volumes and extremes may include late regular-session batches and are not reliable liquidity/support measures",5863,434,0.16322701688555347,"[0.14846394415929853, 0.17928413137598204]",0.011612334950577174,-0.6167349543440547
KRMN,True,0.10700920545709128,0.015814180606520102,0.115073696728835,0.30510944517011956,0.13584943915470138,0.017762811889086,0.1473055190412765,0.35823214429782413,0.12142932230589633,0.01678849624780305,0.13118960788505574,0.3316707947339719,32.86000061035156,-2.4346784067522886,0.6299772191600319,2.620255573037332,7.9739973352645,31.42429004231633,37.45381002734025,43.777450826777866,-23.78460862882028,-20.723763557245167,0.18137228319305573,34.529998779296875,32.4900016784668,45.220001220703125,156932090.89784622,408,5.082161101418947,,33.24,2026-09-29 19:23:23-04:00,27.1627703,after_hours,1.1564193018570146,602968.0,33.73,32.7656,2026-09-29 16:00:02-04:00,"Vendor latest observation, no executable bid/ask or overnight-session venue feed; after-hours bar volumes and extremes may include late regular-session batches and are not reliable liquidity/support measures",5916,434,0.16328600405679514,"[0.14856462089802422, 0.17924245973273595]",0.0288402336976101,-1.7531913544080995
OKLO,True,0.11132089814915226,0.016127159284833804,0.12154142135902128,0.2968598233490109,0.13075715449630765,0.01653805673926657,0.13526181152739133,0.33796483489060897,0.12103902632272995,0.016332608012050186,0.1284016164432063,0.31741232911980993,37.11000061035156,0.0,0.7569999345043682,2.3692542840917565,6.384409175759675,42.857366331981886,38.993615234015735,42.11746902112248,-11.589312191366762,-8.52846711979165,0.20437883036278634,38.20000076293945,36.83000183105469,44.779998779296875,383304159.6046257,1313,2.93721405190126,,37.2318,2026-09-29 19:48:58-04:00,1.5777278666666668,after_hours,0.32821176945618813,1158613.0,37.35,37.08,2026-09-29 16:00:02-04:00,"Vendor latest observation, no executable bid/ask or overnight-session venue feed; after-hours bar volumes and extremes may include late regular-session batches and are not reliable liquidity/support measures",5962,434,0.1633679973163368,"[0.14840452183808805, 0.17904167550602215]",0.019436256347155387,-0.7950242556536088
SEI,True,0.10970783982527257,0.014756936709744964,0.11645921445534116,0.3423791378002927,0.1242923302934116,0.01322012713945284,0.1260798801375516,0.378149374560153,0.11700008505934209,0.013988531924598903,0.12126954729644637,0.36026425618022284,68.33999633789062,-1.1713740710260767,0.7946792274552987,4.185312571436041,6.1242505058718075,57.402314968713576,65.03067443710326,62.79092974824457,31.811046010172305,34.87189108174742,0.1794913596348223,71.21990203857422,67.70999908447266,72.16899871826172,182127351.70850754,2358,4.2140852429148445,,67.5,2026-09-29 19:14:12-04:00,36.346266199999995,after_hours,-1.2291430829721839,197799.0,69.9,67.5,2026-09-29 16:00:03-04:00,"Vendor latest observation, no executable bid/ask or overnight-session venue feed; after-hours bar volumes and extremes may include late regular-session batches and are not reliable liquidity/support measures",6271,433,0.1601020570881837,"[0.1455596335042109, 0.17567731861480426]",0.01458449046813902,0.7906988652108942
INTC,True,0.10626672627858472,0.013131586123953857,0.1151190997095062,0.3459637793420635,0.11490688329225474,0.013275255980989479,0.11047198824567599,0.34675109726902864,0.11058680478541973,0.013203421052471668,0.11279554397759109,0.3463574383055461,115.93000030517578,-0.08618329326306462,0.8056282755594371,6.291791752590774,5.427233447794507,58.40940185859422,110.19289882465888,104.63804736160976,26.455407345372862,29.516252416947975,0.4100417541865914,118.75,113.97000122070312,127.44000244140625,11541514503.655813,2513,2.4325021024763416,,116.69,2026-09-29 19:49:48-04:00,0.7311181666666666,after_hours,0.6555677502144253,686767.0,116.88,115.79,2026-09-29 16:00:01-04:00,"Vendor latest observation, no executable bid/ask or overnight-session venue feed; after-hours bar volumes and extremes may include late regular-session batches and are not reliable liquidity/support measures",6888,433,0.15345528455284552,"[0.13911994562582494, 0.16883862630309518]",0.008640157013670019,0.9118390604956894
ONTO,True,0.11602379522880377,0.01458880367970212,0.12417799492242089,0.3184259698319356,0.10428109260674141,0.014566115899256004,0.10030723833377608,0.28192093103628485,0.1101524439177726,0.014577459789479063,0.11224261662809848,0.30017345043411026,304.69000244140625,5.524005245717567,0.7706111403265167,15.51996897687639,5.093691572588101,60.70817069482586,278.2124957869871,281.3261815311242,10.965580655334527,14.026425726909642,0.9893684138423324,304.7799987792969,296.31500244140625,292.3599853515625,224745158.4867096,1739,0.02953701702370637,,305.0,2026-09-29 17:35:58-04:00,134.56362546666665,after_hours,0.10174195284053944,75864.0,305.0,304.0,2026-09-29 16:00:02-04:00,"Vendor latest observation, no executable bid/ask or overnight-session venue feed; after-hours bar volumes and extremes may include late regular-session batches and are not reliable liquidity/support measures",6936,433,0.15239331026528258,"[0.13801153946628084, 0.1678944703834351]",0.011742702622062354,1.70602832350172
TEM,True,0.1114202371617789,0.01227234738680986,0.11507666166599664,0.381882034362554,0.10821276697785052,0.009339621992942087,0.12455391285351863,0.39547186909876525,0.10981650206981472,0.010805984689875973,0.11981528725975764,0.38867695173065964,82.58000183105469,-2.938410844142092,0.9044282704793479,4.926189883374136,5.965354533961289,67.52306015057374,73.61967316574096,65.22557725239452,27.914575753671265,30.97542082524638,0.10943957851494986,89.08999633789062,81.77999877929688,86.44000244140625,501147426.18911743,574,7.8832578862789715,,82.57,2026-09-29 19:49:17-04:00,1.2574704333333335,after_hours,-0.012111686646798514,288737.0,82.77,82.0,2026-09-29 16:00:00-04:00,"Vendor latest observation, no executable bid/ask or overnight-session venue feed; after-hours bar volumes and extremes may include late regular-session batches and are not reliable liquidity/support measures",6965,433,0.15147164393395549,"[0.137128238693961, 0.16678442608742033]",0.0032074701839283765,1.818916622673191
TSEM,True,0.10712948102514275,0.013929103022591564,0.1184217195933494,0.2969715923073514,0.10726491885477497,0.011903754881112229,0.11488920581100615,0.3027557616156948,0.10719719993995885,0.012916428951851897,0.11665546270217778,0.29986367696152305,234.42999267578125,3.7117322769639083,0.5999134661881856,13.550277162674965,5.780095374321458,55.51601924783542,222.09033968122316,224.84551469258304,11.267362286026072,14.328207357601187,0.6687886430527951,237.5500030517578,228.1300048828125,240.0,428075573.39920044,2513,1.3308921526485662,,234.44,2026-09-29 19:38:09-04:00,12.382375683333333,after_hours,0.004268790057326832,163809.0,236.5,231.1185,2026-09-29 16:00:00-04:00,"Vendor latest observation, no executable bid/ask or overnight-session venue feed; after-hours bar volumes and extremes may include late regular-session batches and are not reliable liquidity/support measures",7189,433,0.14730838781471692,"[0.1334889905987135, 0.16247431539140866]",0.00013543782963222617,0.9106568704401408
MSTR,True,0.10278845272042311,0.013471572776715497,0.10782835952469771,0.3031682862237108,0.10885171167798388,0.010471927993150606,0.12312628216089816,0.3467222317048239,0.1058200821992035,0.01197175038493305,0.11547732084279794,0.32494525896426735,154.6699981689453,-1.5718475437806578,0.6723261903178614,8.753047306635525,5.659175929564965,60.335077289359084,144.9303674134981,130.4006628400427,13.284871288041057,16.34571635961617,0.2510778165459227,161.6199951171875,152.33999633789062,171.19000244140625,3484475134.7968674,2513,4.493435721548744,,155.59,2026-09-29 19:49:27-04:00,1.08929035,after_hours,0.5948159578108791,1365319.0,156.05,154.4,2026-09-29 16:00:01-04:00,"Vendor latest observation, no executable bid/ask or overnight-session venue feed; after-hours bar volumes and extremes may include late regular-session batches and are not reliable liquidity/support measures",7325,433,0.14498293515358363,"[0.1315164131269217, 0.15954660205760016]",0.006063258957560769,1.112713140264167
CIEN,True,0.09796705714407407,0.013116466777214798,0.1080787409764079,0.2823566374824353,0.09615692927758773,0.011360067094926679,0.11358543980843913,0.2871127425275993,0.0970619932108309,0.01223826693607074,0.11083209039242352,0.2847346900050173,354.9200134277344,3.1174673611139347,0.779425735728938,21.808564638966118,6.144642120444015,48.04748455575398,355.9623440278672,378.2402329555818,-10.344015200700829,-7.283170129125716,0.8869432416023194,356.2099914550781,344.79998779296875,382.94000244140625,977347997.8213501,2513,0.3634559840357987,,355.96,2026-09-29 19:44:35-04:00,5.947941066666667,after_hours,0.2930199856079341,213756.0,355.96,347.3115,2026-09-29 16:00:02-04:00,"Vendor latest observation, no executable bid/ask or overnight-session venue feed; after-hours bar volumes and extremes may include late regular-session batches and are not reliable liquidity/support measures",8372,432,0.1322264691829909,"[0.11988999164520694, 0.14554030597766657]",0.0018101278664863357,-0.04779455307528272
PL,True,0.08913252856755507,0.011930171064337447,0.10344850597448754,0.27414539340495103,0.10336603828833182,0.014803570418212992,0.11970688290459239,0.30543492663781524,0.09624928342794345,0.01336687074127522,0.11157769443953997,0.28979016002138314,16.3799991607666,-2.325589065899636,0.8022318713141623,1.0647134058501948,6.500082175830618,36.32258747793205,17.65245039609624,20.56096068035446,-20.541959197610215,-17.481114126035102,0.24999914850426258,17.219999313354492,16.100000381469727,20.3799991607666,226299440.54463387,1364,5.128206322500062,,16.3982,2026-09-29 19:44:28-04:00,6.068520716666667,after_hours,0.11111624032920098,2130741.0,16.44,16.3155,2026-09-29 16:00:02-04:00,"Vendor latest observation, no executable bid/ask or overnight-session venue feed; after-hours bar volumes and extremes may include late regular-session batches and are not reliable liquidity/support measures",8482,432,0.13062956849799576,"[0.11865703367858846, 0.14366310702736398]",0.01423350972077675,-1.1951114998064285
MRVL,True,0.0962633897471706,0.01115195758991947,0.10922718043730617,0.30831647795140343,0.09498485167702435,0.011987432673984565,0.098179884807466,0.29921061443193187,0.09562412071209747,0.011569695131952017,0.10370353262238609,0.3037635461916677,263.2699890136719,4.513694082049047,0.8798619860477078,13.453887947408193,5.110300645285292,61.56423554200807,243.61724897176921,232.01027325146603,21.322592733685376,24.38343780526049,0.8502990850798575,264.3949890136719,256.8800048828125,267.4800109863281,4318353990.056839,2513,0.42731798038004865,,264.74,2026-09-29 19:49:58-04:00,0.5615855,after_hours,0.558366334057081,1321452.0,264.77,262.4761,2026-09-29 16:00:00-04:00,"Vendor latest observation, no executable bid/ask or overnight-session venue feed; after-hours bar volumes and extremes may include late regular-session batches and are not reliable liquidity/support measures",8559,432,0.13038906414300735,"[0.11835503055916068, 0.1435643128752967]",0.0012785380701462457,1.46074800969995
GLW,True,0.09446375666266847,0.012690814624782195,0.10865026499593752,0.26219973893617277,0.09519302224737511,0.011221633632650278,0.11083080987332421,0.28291362824207805,0.09482838945502178,0.011956224128716237,0.10974053743463086,0.27255668358912544,158.7100067138672,4.696886699638303,0.8564984761878652,8.188894274609341,5.159658451387263,53.17850648491596,154.35129059788022,157.65892795319672,3.6493084099126882,6.710153481487802,0.5373933211616848,161.3699951171875,155.6199951171875,171.3000030517578,1335222603.0485535,2513,1.6760054758966136,,160.4,2026-09-29 19:35:10-04:00,15.379756383333334,after_hours,1.0648309587558913,7287780.0,160.68,158.71,2026-09-29 16:04:24-04:00,"Vendor latest observation, no executable bid/ask or overnight-session venue feed; after-hours bar volumes and extremes may include late regular-session batches and are not reliable liquidity/support measures",8652,432,0.1289875173370319,"[0.11710582159737276, 0.14175051190547844]",0.000729265584706637,0.5322716315317066
WDC,True,0.09777898124561055,0.011690252114831585,0.11136063384804183,0.3066843947360564,0.0889948420028585,0.010304335238834806,0.11013999953775498,0.3080239602118445,0.09338691162423451,0.010997293676833195,0.1107503166928984,0.30735417747395044,453.4800109863281,0.05515963063786877,0.9176185443678063,26.982046190717423,5.949996810671088,48.776996905563244,453.5831918546605,470.54658939497,-2.3782121570539383,0.6826329145211751,0.34621634549231084,465.6600036621094,447.0299987792969,495.489990234375,2951261165.205536,2513,2.685894059429317,,454.3,2026-09-29 19:49:58-04:00,0.5620868333333333,after_hours,0.18082142405535517,464427.0,455.0,452.0,2026-09-29 16:00:01-04:00,"Vendor latest observation, no executable bid/ask or overnight-session venue feed; after-hours bar volumes and extremes may include late regular-session batches and are not reliable liquidity/support measures",8874,432,0.12778904665314403,"[0.11564093275132908, 0.1406739895498734]",0.008784139242752051,-0.003824056470850557
PATH,True,0.08534891393329047,0.012409334556113765,0.09884560355998138,0.2466381455794525,0.09874935602054719,0.012052187509441791,0.12096741747234316,0.27584597165486197,0.09204913497691883,0.012230761032777778,0.10990651051616226,0.2612420586171572,12.319999694824219,1.0664488836416464,0.6293294182743173,0.7825609808793106,6.351956170973559,34.28544799987259,13.789414877877107,13.985293171833789,-37.07263058588038,-34.011785514305274,0.9166649006061119,12.350000381469727,11.989999771118164,18.829999923706055,844743605.6854677,1367,0.24351207295980615,,12.304,2026-09-29 19:37:34-04:00,12.972132633333333,after_hours,-0.12986765601090688,1300097.0,12.33,12.1967,2026-09-29 16:00:02-04:00,"Vendor latest observation, no executable bid/ask or overnight-session venue feed; after-hours bar volumes and extremes may include late regular-session batches and are not reliable liquidity/support measures",9059,432,0.12495860470250579,"[0.11292328009207417, 0.13815757639836454]",0.013400442087256714,-1.8777005485269738
FN,True,0.09739824549633803,0.013078027079244789,0.10749329173087346,0.2638874909323669,0.08638733473545569,0.011611259692120181,0.10219116486171975,0.26003345896953245,0.09189279011589686,0.012344643385682485,0.10484222829629661,0.26196047495094965,424.1199951171875,3.4539964770345044,0.9620062059528321,21.60422425337507,5.093894299278595,51.31309002470711,412.17648824156396,448.08752211035016,-0.3509420275033648,2.7099030440717486,0.9620925013303718,424.6199951171875,411.42999267578125,428.5,310977499.62783813,2513,0.11789116423568391,,424.22,2026-09-29 19:18:57-04:00,31.582909466666667,after_hours,0.023579384128047387,87873.0,424.22,422.52,2026-09-29 16:00:03-04:00,"Vendor latest observation, no executable bid/ask or overnight-session venue feed; after-hours bar volumes and extremes may include late regular-session batches and are not reliable liquidity/support measures",9074,432,0.12475203879215341,"[0.11269863690519409, 0.13781876741375165]",0.011010910760882342,0.5528320172735521
RBLX,True,0.08178774765205445,0.01276752106514222,0.08684957197182458,0.2404818244701488,0.10035703151621522,0.01175845228775604,0.11420076559138934,0.31855099910430457,0.09107238958413483,0.01226298667644913,0.10052516878160696,0.2795164117872267,41.18000030517578,-1.624463199380899,1.5905002683037606,2.524431696515471,6.130237197201242,40.34242970882605,45.39265084041865,44.91548033544369,-3.3272548751898112,-0.2664098036146978,0.27702700961149357,42.25,40.77000045776367,51.959999084472656,531472030.4586601,1396,2.598347952634028,,41.21,2026-09-29 19:27:08-04:00,23.407325816666667,after_hours,0.07285015687688023,18151663.0,41.5695,41.17,2026-09-29 16:04:01-04:00,"Vendor latest observation, no executable bid/ask or overnight-session venue feed; after-hours bar volumes and extremes may include late regular-session batches and are not reliable liquidity/support measures",9210,432,0.12410423452768729,"[0.112224441604251, 0.13697564079533034]",0.018569283864160777,-1.6687520367683892
HIMS,True,0.09254776727855522,0.01089978181176698,0.10795295876607273,0.2859067985906335,0.08603117481967501,0.010505226157878338,0.10806645571457929,0.28017116838393896,0.08928947104911511,0.01070250398482266,0.10800970724032602,0.28303898348728623,28.700000762939453,-0.2779705413390676,0.6939750645395892,1.7016188539925625,5.928985396369316,48.40280196804411,28.903496018171126,29.412683249504983,-6.035825338770284,-2.974980267195171,0.2632096310748932,29.83370018005371,28.295000076293945,31.809999465942383,268962784.7815895,1770,3.950172080058656,,28.67,2026-09-29 19:47:34-04:00,2.97444895,after_hours,-0.10453227227154027,390050.0,30.5922,28.61,2026-09-29 16:00:03-04:00,"Vendor latest observation, no executable bid/ask or overnight-session venue feed; after-hours bar volumes and extremes may include late regular-session batches and are not reliable liquidity/support measures",9462,432,0.12111604311984782,"[0.10950684921475147, 0.1340353398644062]",0.006516592458880213,-0.11958921044757176
CLS,True,0.08579360020203515,0.011005673825512652,0.09919944241998711,0.27980605681397563,0.08835912940639447,0.009567543903989825,0.10357679324276536,0.2961516407192965,0.08707636480421481,0.010286608864751239,0.10138811783137625,0.28797884876663604,366.4700012207031,2.787984875168781,1.042526923802441,19.491978742760416,5.31884702099301,60.5787465328629,341.28280665426996,335.01981512225484,19.340627437274627,22.40147250884974,0.35125137924757693,375.2799987792969,361.70001220703125,381.29998779296875,763629907.6142883,2513,2.4040160256631804,,369.938,2026-09-29 19:49:35-04:00,0.9493489333333333,after_hours,0.9463254202922489,472154.0,369.938,365.95715,2026-09-29 16:00:02-04:00,"Vendor latest observation, no executable bid/ask or overnight-session venue feed; after-hours bar volumes and extremes may include late regular-session batches and are not reliable liquidity/support measures",9851,432,0.11613034209724901,"[0.10504986168467477, 0.1280856722263769]",0.002565529204359318,1.2921825382037226
ONDS,True,0.0875416723997886,0.010775611664908265,0.10447010114232114,0.2856164007348261,0.08551011888190098,0.011188089664748603,0.10649763790293247,0.3157323872620401,0.08652589564084479,0.010981850664828433,0.10548386952262681,0.3006743939984331,7.480000019073486,-2.6041642413474064,0.7648865759836222,0.4352261755364877,5.818531743672337,45.82283260639155,7.601602001569569,7.939298382018861,-5.346935025049393,-2.2860899534742796,0.02272778995759401,7.909999847412109,7.46999979019165,7.980000019073486,473271138.0727768,1460,5.748660792007398,,7.5,2026-09-29 19:49:31-04:00,1.0188312166666667,after_hours,0.2673794234694604,1970024.0,7.51,7.45,2026-09-29 16:00:00-04:00,"Vendor latest observation, no executable bid/ask or overnight-session venue feed; after-hours bar volumes and extremes may include late regular-session batches and are not reliable liquidity/support measures",9963,432,0.11522633744855967,"[0.10416304548308561, 0.12755534636271806]",0.002031553517887627,-0.27939951531221296
CAMT,True,0.08668456721531759,0.01150187010539769,0.10107842835173542,0.2367895045055722,0.08017347647428412,0.010744472577244089,0.09864547111261464,0.24943579586256964,0.08342902184480086,0.01112317134132089,0.09986194973217502,0.2431126501840709,152.82000732421875,7.159390414535971,0.9091413108045674,7.646891286820922,5.0038548097943005,55.6860729027987,145.7456113492663,148.34900942720685,10.983936513662762,14.044781585237875,0.7396180424370209,154.4499969482422,148.19000244140625,152.7100067138672,53598902.57255554,2513,1.0666074767064382,,152.82,2026-09-29 19:30:05-04:00,20.447123583333333,after_hours,-4.7927093405064625e-06,30079.0,156.98,150.1,2026-09-29 16:00:00-04:00,"Vendor latest observation, no executable bid/ask or overnight-session venue feed; after-hours bar volumes and extremes may include late regular-session batches and are not reliable liquidity/support measures",10481,432,0.11201221257513597,"[0.10126384355075546, 0.12328522375569259]",0.006511090741033468,0.9251335882262176
TER,True,0.08433400305966078,0.010198893472814103,0.10109363531916897,0.27682364885594846,0.08235682531308637,0.009875028223626887,0.09789482163111231,0.28820490604278487,0.08334541418637358,0.010036960848220495,0.09949422847514064,0.28251427744936664,403.0199890136719,0.428607344386589,0.8807387470026875,19.945251335363487,4.948948409277752,59.28939458738408,377.9231515916505,373.4688618295933,12.18794086436754,15.248785935942655,0.20164837610377145,415.6099853515625,399.8399963378906,401.9700012207031,902943687.0887756,2513,3.1239136224242126,,404.0,2026-09-29 19:47:25-04:00,3.1139576333333334,after_hours,0.24316684359169116,5800.0,406.18,399.17,2026-09-29 16:00:00-04:00,"Vendor latest observation, no executable bid/ask or overnight-session venue feed; after-hours bar volumes and extremes may include late regular-session batches and are not reliable liquidity/support measures",10498,432,0.11173556867974853,"[0.10108200520670291, 0.12306088821980127]",0.00197717774657441,1.258286345959652
RKLB,True,0.08208700343651436,0.009778444550533744,0.09864712042696325,0.28443685921650164,0.0817429391986125,0.011179539242902525,0.09874933566058458,0.2984875115494058,0.08191497131756342,0.010478991896718134,0.09869822804377391,0.2914621853829537,69.69999694824219,-3.449238688120426,0.9297748186168396,3.9129142996944997,5.613937548089351,50.90750340669865,68.9303703830768,72.22881825737218,5.981706469211723,9.042551540786835,0.061854745720852165,74.25,69.4000015258789,75.45999908447266,1326354633.1516266,1467,6.527981708717356,,70.19,2026-09-29 19:49:41-04:00,0.8512386166666667,after_hours,0.7030173216817648,1708750.0,70.24,69.6,2026-09-29 16:00:01-04:00,"Vendor latest observation, no executable bid/ask or overnight-session venue feed; after-hours bar volumes and extremes may include late regular-session batches and are not reliable liquidity/support measures",10766,432,0.10858257477243173,"[0.09814899000683461, 0.11966543318935324]",0.00034406423790185603,0.19668883758212397
CDNA,True,0.07264649817643119,0.007858315063152843,0.08540580375967238,0.2947825629173333,0.08762714307844094,0.010993974013692212,0.09776360376299248,0.3437143180767177,0.08013682062743607,0.009426144538422528,0.09158470376133243,0.3192484404970255,64.0199966430664,-0.8978356729946957,0.6285867728127122,2.856602022516021,4.46204650469222,77.87047779764681,55.606068373835676,48.577738921699066,24.698077026385022,27.758922097960138,0.4352011309789963,65.4800033569336,62.89500045776367,65.49500274658203,69156291.13010406,2513,2.280547938806099,,64.99,2026-09-29 19:45:16-04:00,5.2749204999999995,after_hours,1.5151568381699398,,65.0,63.47,2026-09-29 16:00:01-04:00,"Vendor latest observation, no executable bid/ask or overnight-session venue feed; after-hours bar volumes and extremes may include late regular-session batches and are not reliable liquidity/support measures",11124,432,0.10544768069039914,"[0.09504107882136031, 0.11626618462197587]",0.014980644902009746,2.9454324413801123
VRT,True,0.07254770031404253,0.009659075530536023,0.09409325720467815,0.21725335175646257,0.07500806310748057,0.009271547736772433,0.10460134683075532,0.2479102398874933,0.07377788171076155,0.009465311633654227,0.09934730201771674,0.23258179582197794,248.33999633789062,1.762007527477727,0.6101772803398554,12.429235151301423,5.004926848106353,46.10453546252846,252.65843837239368,265.1917333667616,-7.049372689309619,-3.9885276177345053,0.20576107569104024,254.1300048828125,246.83999633789062,295.3399963378906,1358816773.4403229,2050,2.33148450926286,,249.9691,2026-09-29 19:48:24-04:00,2.1330689333333335,after_hours,0.6559972965018535,299737.0,261.5636,248.34,2026-09-29 16:00:03-04:00,"Vendor latest observation, no executable bid/ask or overnight-session venue feed; after-hours bar volumes and extremes may include late regular-session batches and are not reliable liquidity/support measures",12370,431,0.09409862570735651,"[0.0845115690378141, 0.10400473311365928]",0.002460362793438031,-0.3474422988972802
COIN,True,0.06863732102428034,0.008621545068533208,0.08550825272017364,0.2336417519681752,0.07775976094564942,0.008446301742486327,0.10331547198206997,0.2870911349705075,0.07319854098496488,0.008533923405509767,0.09441186235112181,0.26036644346934135,190.02000427246094,-0.9228787088131463,0.5845434321370965,11.03468000339439,5.807114911739646,53.909388008194,186.2547524589632,177.53746435555567,-2.050846557546948,1.0099985140281653,0.1968937198067633,197.6300048828125,188.154296875,208.3300018310547,1837390286.4231873,1372,4.004841826779426,,190.46,2026-09-29 19:49:26-04:00,1.10611075,after_hours,0.23155231956957234,2298.0,190.55,189.38,2026-09-29 16:00:01-04:00,"Vendor latest observation, no executable bid/ask or overnight-session venue feed; after-hours bar volumes and extremes may include late regular-session batches and are not reliable liquidity/support measures",12488,431,0.09328955797565663,"[0.08367007867162743, 0.10330447776270762]",0.009122439921369074,0.3412198461885173
MU,True,0.0722603427964163,0.008188891762537226,0.09342320340969426,0.26469863224431367,0.07405904626591733,0.009943703582101428,0.08693603877083997,0.27657964409917846,0.07315969453116682,0.009066297672319326,0.09017962109026711,0.27063913817174606,1065.0799560546875,1.053148616826749,0.7477521154193457,46.92536282610648,4.405806583754455,59.657514723252234,1015.5300078089723,969.1391000865461,8.031952457708357,11.092797529283471,0.295673735279158,1082.659912109375,1057.699951171875,1108.719970703125,25009060989.732666,2513,1.650576180196639,,1071.4,2026-09-29 19:49:59-04:00,0.5446038333333333,after_hours,0.5933868071955395,1453155.0,1124.5815,1064.5002,2026-09-29 16:00:00-04:00,"Vendor latest observation, no executable bid/ask or overnight-session venue feed; after-hours bar volumes and extremes may include late regular-session batches and are not reliable liquidity/support measures",12507,431,0.09314783721116175,"[0.08360325379619273, 0.1031455584495364]",0.001798703469501034,1.0559310628952359
ORCL,True,0.07154319864714026,0.01021380160868715,0.08911978606016867,0.22281664658271222,0.0746409522053739,0.009384972754993086,0.09897252839823116,0.25650893304163974,0.07309207542625708,0.009799387181840119,0.09404615722919991,0.23966278981217598,137.7899932861328,3.9140173029596825,1.324784756408427,7.278070936986518,5.282002534010561,43.07895679652989,144.34417440436778,147.0853664110118,-10.658754273591175,-7.597909202016062,0.4714641151475417,143.66990661621094,132.5449981689453,170.6999969482422,5062245279.948044,2513,4.267300686972231,,138.9015,2026-09-29 19:50:00-04:00,0.5359417000000001,after_hours,0.8066672240552686,44682654.0,139.18,137.76,2026-09-29 16:04:32-04:00,"Vendor latest observation, no executable bid/ask or overnight-session venue feed; after-hours bar volumes and extremes may include late regular-session batches and are not reliable liquidity/support measures",12510,431,0.09304556354916067,"[0.0835307820024016, 0.10302530316522403]",0.0030977535582336346,-0.9005382298387875
AMD,True,0.07130372984100271,0.007980875611813352,0.09080445654681472,0.26333235367661917,0.07243272523232339,0.009133707689204735,0.08710724416410193,0.2752510187138697,0.07186822753666305,0.008557291650509044,0.08895585035545833,0.26929168619524446,607.5700073242188,-0.049350649872248464,0.7432559626056405,24.94908240358057,4.106371628424861,65.52487340648648,560.6275543608036,522.5649493274756,26.011640853948958,29.07248592552407,0.12288171208741473,624.1300048828125,605.25,639.0,11993444786.605988,2513,2.7256114289652134,,609.0,2026-09-29 19:49:54-04:00,0.6277536666666667,after_hours,0.23536261805927605,1441809.0,617.8584,561.1174,2026-09-29 16:00:01-04:00,"Vendor latest observation, no executable bid/ask or overnight-session venue feed; after-hours bar volumes and extremes may include late regular-session batches and are not reliable liquidity/support measures",12817,431,0.09058281969259577,"[0.08119332837665535, 0.10049492756412738]",0.001128995391320678,1.881530238429858
TEAM,True,0.0708999823697972,0.00979773925186388,0.08046908947816027,0.2695129406469372,0.07265281966717532,0.010152528149508728,0.08738478237714485,0.28986563289470496,0.07177640101848626,0.009975133700686305,0.08392693592765256,0.27968928677082106,175.9600067138672,-1.445046863047017,1.3171773293517932,9.315459470364484,5.294077696594191,47.72534104678948,183.2844882687105,161.89294553068686,-12.439220529576511,-9.378375458001397,0.690830198284352,179.5,168.0500030517578,200.0,624155297.7794647,2513,2.0118169760525717,,176.5,2026-09-29 19:48:49-04:00,1.7216753500000002,after_hours,0.3068841018009971,,176.645,173.03,2026-09-29 16:00:00-04:00,"Vendor latest observation, no executable bid/ask or overnight-session venue feed; after-hours bar volumes and extremes may include late regular-session batches and are not reliable liquidity/support measures",12831,431,0.09032811160470736,"[0.08095584533010489, 0.10029181232350791]",0.0017528372973781292,-0.7862716356766816
RDDT,True,0.06943351695639959,0.009803632823046414,0.08394844526194783,0.20487103121561262,0.07354507132274074,0.009150366547582969,0.09783258739225933,0.2367008353716399,0.07148929413957017,0.00947699968531469,0.09089051632710358,0.22078593329362628,145.36000061035156,1.5935132444218514,1.02421223691138,7.5292705226091075,5.179740293749643,42.185045082221286,152.8389937430705,157.96255248052847,-4.718376354106246,-1.6575312825311328,0.650468089080707,147.52999877929688,141.3217010498047,166.17999267578125,739094648.4422302,633,1.4928440835399792,,145.8284,2026-09-29 19:49:51-04:00,0.6905087000000001,after_hours,0.3222340311513916,4875788.0,145.8999,145.0,2026-09-29 16:04:35-04:00,"Vendor latest observation, no executable bid/ask or overnight-session venue feed; after-hours bar volumes and extremes may include late regular-session batches and are not reliable liquidity/support measures",12896,431,0.09002791563275435,"[0.0807063220036055, 0.10004152887784565]",0.004111554366341155,-0.9933224088921754
LRCX,True,0.07216800052980078,0.008602322102978007,0.09229257637090128,0.2378838086869986,0.06974678515436133,0.009658669213942784,0.0845898327936852,0.2340170834222389,0.07095739284208105,0.009130495658460396,0.08844120458229324,0.23595044605461873,323.8599853515625,2.985971346840577,0.8398630955090934,14.406986122490197,4.448523057533909,59.67483152793643,303.5709549478374,307.1993185565464,4.473085298461998,7.533930370037112,0.513226773692215,328.32379150390625,319.1535949707031,322.2099914550781,2760089391.3945007,2513,1.3783135781650024,,325.0,2026-09-29 19:49:01-04:00,1.5132935833333332,after_hours,0.3520084913237964,24914.0,342.873,322.76,2026-09-29 16:00:01-04:00,"Vendor latest observation, no executable bid/ask or overnight-session venue feed; after-hours bar volumes and extremes may include late regular-session batches and are not reliable liquidity/support measures",12998,431,0.08862901984920757,"[0.07933193416402747, 0.09876239245074493]",0.0024212153754394478,1.408277222676899
MTSI,True,0.0702178853817353,0.00897757783482715,0.08791802440102417,0.2291803282173057,0.07041476027430787,0.008901284575836606,0.09128132219195122,0.23300869029328544,0.07031632282802158,0.008939431205331878,0.08959967329648769,0.23109450925529557,284.2699890136719,2.0498246356701166,0.690869566863977,13.826161363115048,4.8637428843922335,54.55026039356608,274.39844454506414,281.0760803955507,4.686569355028558,7.7474144266036715,0.7211539670762227,286.29998779296875,279.0199890136719,289.260009765625,354801129.127655,2513,0.714109423347975,,284.5132,2026-09-29 19:31:31-04:00,19.015398899999997,after_hours,0.08555633578204436,156556.0,286.28,283.4,2026-09-29 16:00:01-04:00,"Vendor latest observation, no executable bid/ask or overnight-session venue feed; after-hours bar volumes and extremes may include late regular-session batches and are not reliable liquidity/support measures",13109,431,0.08787855671675948,"[0.0785868376108131, 0.09801492520956052]",0.00019687489257257107,0.7139757890387928
TWLO,True,0.07146678695948566,0.007849130116884526,0.08291584922727094,0.26919313220806196,0.06851980277734686,0.006902837655299236,0.08762904759463722,0.3009024128192894,0.06999329486841627,0.007375983886091881,0.08527244841095408,0.2850477725136757,290.7799987792969,1.3241297816905417,1.1716325394683578,14.175200655802149,4.874888477649792,66.87212961417882,259.7712732202625,237.87453835589872,20.344490731864905,23.405335803440018,0.8225131919915845,292.67999267578125,281.9750061035156,304.75,612451783.325119,2513,0.6534128566134445,,290.72,2026-09-29 18:13:31-04:00,97.02229116666668,after_hours,-0.020633736690534032,246493.0,290.78,289.1993,2026-09-29 16:00:02-04:00,"Vendor latest observation, no executable bid/ask or overnight-session venue feed; after-hours bar volumes and extremes may include late regular-session batches and are not reliable liquidity/support measures",13177,431,0.08727327919860363,"[0.07793591226599526, 0.09744086308610789]",0.0029469841821388038,2.187533447460722
APP,True,0.06955789320488495,0.009095171814442684,0.08818450481852942,0.20912281158137105,0.06992148644537147,0.010967956356035107,0.0944423716496323,0.2169024726254794,0.06973968982512821,0.010031564085238896,0.09131343823408086,0.21301264210342524,305.6600036621094,-0.8370057922412633,0.7701831577007489,15.721346010135449,5.143409612568921,40.4988035300005,318.5316991369478,347.47224472340673,-5.111730781552303,-2.0508857099771904,0.0960194969250176,313.3800048828125,304.8399963378906,338.3399963378906,1517782899.0037537,1371,2.5256824995779192,,306.79,2026-09-29 19:49:35-04:00,0.9546898166666666,after_hours,0.36969061190610386,,306.79,305.6,2026-09-29 16:00:01-04:00,"Vendor latest observation, no executable bid/ask or overnight-session venue feed; after-hours bar volumes and extremes may include late regular-session batches and are not reliable liquidity/support measures",13224,431,0.08703871748336359,"[0.07777526544129872, 0.09720166393083193]",0.000363593240486515,-0.8187400408680097
HOOD,True,0.06534536261905108,0.008272390769979723,0.08389315316766713,0.22555545051935263,0.07334964832606114,0.008170537201199493,0.09819312211507568,0.26450509791274357,0.06934750547255611,0.008221463985589608,0.0910431376413714,0.24503027421604812,116.22000122070312,-0.20607750786212353,0.6251370137025707,5.937605979504845,5.108936428445963,53.604909300639584,114.98838202949426,108.34025949731934,7.825524480843438,10.88636955241855,0.30282401487228533,119.18990325927734,114.93000030517578,126.73999786376953,2653320205.6288147,1298,2.5554138765962797,,117.1543,2026-09-29 19:50:05-04:00,0.4562687166666667,after_hours,0.8039053256613249,782.0,124.2907,115.98,2026-09-29 16:00:01-04:00,"Vendor latest observation, no executable bid/ask or overnight-session venue feed; after-hours bar volumes and extremes may include late regular-session batches and are not reliable liquidity/support measures",13307,431,0.08596979033591343,"[0.07659186180182884, 0.09602014191480168]",0.008004285707010061,0.20742689822465663
ARWR,True,0.06505375324466958,0.009438333911660438,0.08328269923515086,0.20049448875654052,0.07313553747332013,0.009237512041004795,0.09938842449819008,0.22626773830839514,0.06909464535899486,0.009337922976332617,0.09133556186667047,0.21338111353246783,66.25,1.2068452896063953,1.21756782848963,3.6360899866901355,5.488437715758695,32.7068106128795,72.99923528598646,77.84743734216862,-22.6506005142439,-19.58975544266879,0.7433622642401164,66.83000183105469,64.56999969482422,87.19999694824219,164931259.8682022,2513,0.8754744619693389,,67.72,2026-09-29 19:44:18-04:00,6.245970583333333,after_hours,2.2188679245283005,14607.0,68.42,66.25,2026-09-29 16:00:01-04:00,"Vendor latest observation, no executable bid/ask or overnight-session venue feed; after-hours bar volumes and extremes may include late regular-session batches and are not reliable liquidity/support measures",13367,431,0.08528465624298646,"[0.07603518815792434, 0.09514043815446827]",0.008081784228650551,-1.8561793879392299
STX,True,0.06893740961532807,0.0075562979868043275,0.08784657721986118,0.25550701136190496,0.0676647535529419,0.007718623437848336,0.09257367942736788,0.2803441565286372,0.06830108158413498,0.007637460712326332,0.09021012832361452,0.2679255839452711,913.4500122070312,-0.8746511131923262,0.6715858742691024,49.87002221680257,5.459523953183729,57.72584798533623,872.5854610575398,856.5688930181041,7.296991381799178,10.357836453374292,0.30115117244455825,944.4299926757812,900.0999755859375,936.9400024414062,3234290091.842041,2513,3.3915353938085424,,916.54,2026-09-29 19:48:32-04:00,1.9955812833333333,after_hours,0.33827661630907446,,917.0,906.69,2026-09-29 16:00:01-04:00,"Vendor latest observation, no executable bid/ask or overnight-session venue feed; after-hours bar volumes and extremes may include late regular-session batches and are not reliable liquidity/support measures",13539,431,0.08486594283181918,"[0.07553826112815999, 0.09467292995093887]",0.0012726560623861766,0.819421153891588
CCL,True,0.07673482345386747,0.010914619503935769,0.08284998643736394,0.18596307212904692,0.0556989118950763,0.010567430363240878,0.07998637963554482,0.21332578368353647,0.06621686767447188,0.010741024933588323,0.08141818303645437,0.1996444279062917,25.110000610351562,13.414640029718106,3.2162668618294976,0.944823433651761,3.7627375973151467,61.60508801575928,23.12258849503839,24.555241441953925,2.0458993900080547,5.106744461583168,0.8604649787382528,25.290000915527344,24.0,24.559999465942383,529081764.28741455,2513,0.7168470760672729,,25.0803,2026-09-29 19:50:04-04:00,0.4781980833333333,after_hours,-0.11828199772849768,3433393.0,25.17,24.8201,2026-09-29 16:00:02-04:00,"Vendor latest observation, no executable bid/ask or overnight-session venue feed; after-hours bar volumes and extremes may include late regular-session batches and are not reliable liquidity/support measures",13981,431,0.08082397539517917,"[0.0719146179477347, 0.09024342969771437]",0.021035911558791164,2.103474622376571
KMX,True,0.0831314443302984,0.011162959755536977,0.0815422599985971,0.2883858648764373,0.04893046452022448,0.008345261041198829,0.06833544834215778,0.19672006109063767,0.06603095442526144,0.009754110398367903,0.07493885417037743,0.24255296298353748,59.22999954223633,4.739169480694572,5.135772338946896,2.566217664032788,4.332631578365695,51.16793335713824,58.776636382102495,58.041476999889426,-6.484947837140364,-3.424102765565251,0.21136753237073727,63.66999816894531,58.040000915527344,63.38999938964844,139577133.96417618,2513,7.496198988728442,,59.23,2026-09-29 19:03:01-04:00,47.52835265,after_hours,7.728577999799313e-07,12076877.0,59.6,59.23,2026-09-29 16:04:43-04:00,"Vendor latest observation, no executable bid/ask or overnight-session venue feed; after-hours bar volumes and extremes may include late regular-session batches and are not reliable liquidity/support measures",14012,431,0.08035969169283472,"[0.07140023756943051, 0.08961955240257413]",0.03420097981007392,0.17666590269719237
AMAT,True,0.07171149373707021,0.008610880735187202,0.08813779065078263,0.22035161867028236,0.060154537859075936,0.008635381346577176,0.07940432020818347,0.2085093119331771,0.06593301579807308,0.00862313104088219,0.08377105542948304,0.2144304653017297,512.010009765625,5.187361223893028,1.1227258124966537,20.25793054416202,3.9565497075799714,63.03090724677822,469.70234723109735,483.5167830843885,8.636616348545779,11.697461420120892,0.9099916298444708,513.280029296875,499.1700134277344,487.67999267578125,2864942412.284088,2513,0.24804584032085408,,514.0,2026-09-29 19:49:31-04:00,1.0131256833333333,after_hours,0.388662369176318,433205.0,515.48,507.846,2026-09-29 16:00:01-04:00,"Vendor latest observation, no executable bid/ask or overnight-session venue feed; after-hours bar volumes and extremes may include late regular-session batches and are not reliable liquidity/support measures",14043,431,0.08011108737449263,"[0.0712334815116771, 0.0892775348370447]",0.011556955877994275,2.088449382442965
RBRK,True,0.06152633685450286,0.007096918377907455,0.0768531410431246,0.2279800154092451,0.06231612080447021,0.006872196811292046,0.08633199458684754,0.24692666264642943,0.06192122882948653,0.00698455759459975,0.08159256781498607,0.23745333902783727,114.7699966430664,1.4855428062410247,0.5969571415051932,5.70767071420118,4.973138347256366,64.34792312643435,105.0547342165237,95.91937783980009,20.294696108253675,23.355541179828787,0.9424958963856092,114.9749984741211,111.41000366210938,116.12000274658203,339936937.74593353,609,0.17861970641355196,,113.888,2026-09-29 18:50:21-04:00,60.187876833333334,after_hours,-0.7684906063118557,390491.0,114.77,113.888,2026-09-29 16:00:02-04:00,"Vendor latest observation, no executable bid/ask or overnight-session venue feed; after-hours bar volumes and extremes may include late regular-session batches and are not reliable liquidity/support measures",15011,431,0.07281327026846979,"[0.06448650329538637, 0.08150749505911038]",0.0007897839499673501,1.70214136606905
UPST,True,0.059927913548745576,0.007937014178233759,0.08243962586986758,0.1983391879900725,0.06320468282470376,0.009999267572154868,0.08804645998709834,0.1973743309599252,0.06156629818672467,0.008968140875194312,0.08524304292848296,0.19785675947499887,23.139999389648438,0.4776322176434533,0.9127931682787053,1.209406118422264,5.226474288341104,32.09118542064435,25.547582584652215,27.48651612407496,-22.377444989907602,-19.31659991833249,0.3032242821597596,23.68000030517578,22.905000686645508,29.040000915527344,113697773.9461708,1452,2.3336254527686284,,23.29,2026-09-29 19:45:10-04:00,5.3736965833333326,after_hours,0.6482308310633123,354274.0,23.4,23.06,2026-09-29 16:00:00-04:00,"Vendor latest observation, no executable bid/ask or overnight-session venue feed; after-hours bar volumes and extremes may include late regular-session batches and are not reliable liquidity/support measures",15103,431,0.07223730384691783,"[0.06403519448252906, 0.08080539443155452]",0.0032767692759581857,-1.9907152430687225
MLYS,False,0.05361753369146627,0.007652788003051394,0.07047232769943128,0.1889298833188501,0.06510272539791627,0.008967555201812605,0.09080082107321824,0.23502973539207123,0.05936012954469127,0.008310171602432,0.08063657438632477,0.21197980935546068,24.479999542236328,-4.4869280381821035,1.1453823544577941,1.4700152013251149,6.004964169990439,36.53619910090229,27.175071444254346,27.214991124887753,-7.696608727674881,-4.635763656099767,0.03816737209475013,25.739999771118164,24.43000030517578,31.989999771118164,41074323.88203621,911,5.147059854751657,,24.47,2026-09-29 19:30:04-04:00,20.478976883333335,after_hours,-0.0408478040168081,116762.0,25.5633,24.47,2026-09-29 16:00:01-04:00,"Vendor latest observation, no executable bid/ask or overnight-session venue feed; after-hours bar volumes and extremes may include late regular-session batches and are not reliable liquidity/support measures",15711,431,0.06842339761950227,"[0.06053203295834178, 0.07664116564125954]",0.011485191706450001,-1.8333632873922672
CRWD,True,0.05680665000935901,0.006447825366812279,0.07367254755651909,0.22396817780022282,0.05884174801680288,0.0068991637108589575,0.08239483374494176,0.2523695075480074,0.057824199013080946,0.006673494538835619,0.07803369065073043,0.23816884267411512,262.739990234375,1.3461871685149562,0.5827727017016996,11.886983462083036,4.524238374021158,66.00849364070402,239.26483357533547,218.97381310613403,10.679410441141336,13.740255512716448,0.984493890033507,262.8500061035156,255.7550048828125,263.8699951171875,2796141358.922043,1835,0.04187252539762376,,263.9,2026-09-29 19:49:49-04:00,0.7204381333333333,after_hours,0.44150483700262644,,263.9725,262.01,2026-09-29 16:00:01-04:00,"Vendor latest observation, no executable bid/ask or overnight-session venue feed; after-hours bar volumes and extremes may include late regular-session batches and are not reliable liquidity/support measures",16145,431,0.06503561474140601,"[0.05746234801803495, 0.07298664936459578]",0.002035098007443871,1.9748623975056678
VERA,True,0.054363765954532337,0.006863829996203488,0.07123771149759515,0.17844775505714008,0.058477192667090706,0.008006946495624785,0.08295671325285446,0.18964842364132659,0.056420479310811525,0.0074353882459141365,0.07709721237522481,0.18404808934923333,32.375,-0.38461538461538325,0.5660185521407586,1.948772323901672,6.019373973441458,44.64944761524535,33.615997146204435,34.23127988934427,-8.063784447890054,-5.0029393763149415,0.6884058171324003,32.59000015258789,31.899999618530273,37.13999938964844,87477884.71107483,1350,0.6640931354066071,,32.85,2026-09-29 19:36:42-04:00,13.842050183333333,after_hours,1.4671814671814776,113476.0,32.85,32.16,2026-09-29 16:00:00-04:00,"Vendor latest observation, no executable bid/ask or overnight-session venue feed; after-hours bar volumes and extremes may include late regular-session batches and are not reliable liquidity/support measures",16577,431,0.062134282439524645,"[0.05480577020675259, 0.07001992728849633]",0.00411342671255837,-0.6368097139843472
NET,True,0.05205668770210112,0.006073398559024381,0.06977242432192658,0.21283761452775804,0.05493463325560231,0.006471885969171476,0.07864772442040105,0.23814091186288475,0.05349566047885171,0.006272642264097929,0.07421007437116381,0.2254892631953214,352.260009765625,-0.4887088664864758,0.6669517377635846,17.250853112158836,4.897193162413364,62.73861331772028,330.4183243605044,305.5637233342163,12.392606692625252,15.453451764200366,0.4879495060296277,356.7189025878906,348.010986328125,367.42999267578125,1035990992.8466797,1770,1.2657959174055433,,352.26,2026-09-29 18:02:20-04:00,108.20360703333334,after_hours,-2.7722775075567085e-06,2120572.0,352.26,351.5,2026-09-29 16:04:20-04:00,"Vendor latest observation, no executable bid/ask or overnight-session venue feed; after-hours bar volumes and extremes may include late regular-session batches and are not reliable liquidity/support measures",17297,431,0.05775568017575302,"[0.0508836983555964, 0.06530380393931545]",0.002877945553501189,1.2661220441165322
KGS,True,0.05241235117595374,0.0071533925461919725,0.07460644157184657,0.1917902182100595,0.053259119830915025,0.007834955474281417,0.08051930139511003,0.20144192460593885,0.052835735503434386,0.0074941740102366945,0.07756287148347829,0.1966160714079992,51.75,-1.8399112258028705,1.1463420664928963,2.5144538781751686,4.858848073768442,31.65428909833352,56.73410416259853,59.59945100291103,-15.005715588989432,-11.94487051741432,0.257510293961149,53.47999954223633,51.150001525878906,65.16999816894531,112760682.9910469,816,3.342994284514633,,51.75,2026-09-29 17:21:38-04:00,148.90108461666665,after_hours,0.0,321755.0,51.75,51.75,2026-09-29 16:00:02-04:00,"Vendor latest observation, no executable bid/ask or overnight-session venue feed; after-hours bar volumes and extremes may include late regular-session batches and are not reliable liquidity/support measures",17466,431,0.056910569105691054,"[0.04999823553692926, 0.06455278616197896]",0.0008467686549612843,-1.9821815806045622
DDOG,True,0.05463869649430882,0.006040317263540173,0.07085034850749919,0.2060034354262537,0.0509288376197714,0.00614568708381492,0.07481301566274108,0.21732977429657355,0.052783767057040104,0.0060930021736775464,0.07283168208512014,0.21166660486141364,268.55999755859375,-0.05210816601288748,0.7924873987235715,12.7093485461315,4.732405667883805,67.07653367959239,244.87736250437257,239.7596690803235,10.23649089080525,13.297335962380362,0.9135554502994802,269.44000244140625,259.260009765625,280.70001220703125,867433366.4497375,1766,0.32767533914670466,,268.7832,2026-09-29 19:49:54-04:00,0.63677085,after_hours,0.08311082939951309,169578.0,270.0,267.1,2026-09-29 16:00:00-04:00,"Vendor latest observation, no executable bid/ask or overnight-session venue feed; after-hours bar volumes and extremes may include late regular-session batches and are not reliable liquidity/support measures",17473,431,0.056830538545183995,"[0.04995925874030851, 0.06436901897445264]",0.003709858874537418,1.8634027517822505
KLAC,True,0.056180572917420644,0.006668924806453876,0.07543075865138373,0.1828048747598146,0.048613503570119544,0.007262966049847693,0.07165580326574895,0.1715967674731399,0.052397038243770094,0.006965945428150784,0.07354328095856634,0.17720082111647725,196.52999877929688,3.890680700741167,0.8095278356082696,7.927064619416955,4.033513798735147,60.98941673977751,184.0748801584903,189.36199452209559,8.953975217805276,12.01482028938039,0.8081625281042333,197.47000122070312,192.57000732421875,190.8699951171875,1719197946.4956665,2513,0.4782997238309106,,197.86,2026-09-29 19:49:50-04:00,0.6967977333333334,after_hours,0.6767420897390464,38318.0,197.86,196.01,2026-09-29 16:00:01-04:00,"Vendor latest observation, no executable bid/ask or overnight-session venue feed; after-hours bar volumes and extremes may include late regular-session batches and are not reliable liquidity/support measures",17595,431,0.056265984654731455,"[0.0494895659801315, 0.06377408408629276]",0.0075670693473011,1.5712144682532785
AFRM,True,0.051544353540024436,0.006559022857418132,0.07236659796183767,0.1793907515018494,0.05190870402709646,0.0071741158248493225,0.07970957361973499,0.1887374611392032,0.051726528783560446,0.006866569341133727,0.07603808579078633,0.1840641063205263,69.30000305175781,3.1096622463248957,0.7134287099106204,3.5702106950036954,5.151818957839334,44.846347375778976,71.28559877930665,72.69570436440611,-9.978231381294723,-6.917386309719609,0.577408048215232,70.30999755859375,67.91999816894531,76.9489974975586,347651160.0008011,1434,1.457423466607355,,69.6,2026-09-29 19:48:29-04:00,2.056731083333333,after_hours,0.4328960101460888,,69.8,68.55,2026-09-29 16:00:01-04:00,"Vendor latest observation, no executable bid/ask or overnight-session venue feed; after-hours bar volumes and extremes may include late regular-session batches and are not reliable liquidity/support measures",17766,431,0.055330406394236184,"[0.04867439408562643, 0.062489803334742786]",0.000364350487072021,-0.5561564560678639
ZS,True,0.048820680541817804,0.006197978063406218,0.06593645727645023,0.1838740410413429,0.054205874615788116,0.006600392351002269,0.07794466296278584,0.20691887592186556,0.05151327757880296,0.006399185207204243,0.07194056011961802,0.19539645848160422,198.35499572753906,-0.5190850420169646,0.4321036399758487,10.276831559953639,5.181029861264458,56.221675024113324,192.50464376339474,178.66609869127916,2.2315091558956723,5.292354227470786,0.5167190681445989,201.38999938964844,195.11000061035156,216.97000122070312,744127508.595047,2146,1.5300868279003454,,198.38,2026-09-29 19:48:09-04:00,2.387435766666667,after_hours,0.012605819364019943,203318.0,199.0,197.0,2026-09-29 16:00:00-04:00,"Vendor latest observation, no executable bid/ask or overnight-session venue feed; after-hours bar volumes and extremes may include late regular-session batches and are not reliable liquidity/support measures",17828,431,0.055025802109041955,"[0.048444918540213884, 0.06216760693317562]",0.005385194073970312,0.5692758444092584
S,True,0.048611732128006284,0.0061063687012790245,0.06534333460939183,0.18212824359766744,0.05092173843380261,0.006458782183364695,0.07451477763066912,0.20772937629632202,0.049766735280904445,0.00628257544232186,0.06992905612003047,0.19492880994699474,23.309999465942383,2.50659498927599,0.7755107630466421,1.1463332153014751,4.917774524089338,57.48430349102345,22.405378614616883,21.10619009863772,2.414263813432904,5.475108885008018,0.8888875433189425,23.415000915527344,22.469999313354492,24.398000717163086,197758123.89507294,1318,0.4504566794966136,,23.3382,2026-09-29 19:49:21-04:00,1.1875822833333334,after_hours,0.12098041485939515,1093447.0,23.3712,23.07,2026-09-29 16:00:02-04:00,"Vendor latest observation, no executable bid/ask or overnight-session venue feed; after-hours bar volumes and extremes may include late regular-session batches and are not reliable liquidity/support measures",18322,431,0.05217770985700251,"[0.04597737967549315, 0.0591417392857066]",0.002310006305796329,0.7891430164026028
CLBT,False,0.04882720158374587,0.006498737030471339,0.06518673820763371,0.15827605582534285,0.05067929027596929,0.009514391117262088,0.06433314972398962,0.16199148408601793,0.04975324592985758,0.008006564073866714,0.06475994396581167,0.1601337699556804,10.930000305175781,-1.2646738347598552,1.2988611858966659,0.5018504143996452,4.591494971523463,39.163136429266096,11.509959158515853,12.318128745354622,-11.977509195110269,-8.916664123535156,0.6190480515528994,11.010000228881836,10.800000190734863,12.130000114440918,30999011.784911156,1479,0.7319297481462206,,11.2169,2026-09-29 19:30:05-04:00,20.46247161666667,after_hours,2.624882770482273,,11.37,10.93,2026-09-29 16:00:01-04:00,"Vendor latest observation, no executable bid/ask or overnight-session venue feed; after-hours bar volumes and extremes may include late regular-session batches and are not reliable liquidity/support measures",18322,431,0.05217770985700251,"[0.04598484981259231, 0.05913688060950462]",0.0018520886922234192,-1.1556408776385418
SNOW,True,0.04809212602352345,0.006200994018751659,0.06683057669740317,0.18501806029073453,0.051338425854937815,0.006406697493791314,0.07643882448905223,0.22873139735410442,0.049715275939230634,0.006303845756271486,0.0716347005932277,0.20687472882241947,330.30999755859375,0.6674394959149232,1.018143034190629,14.826807743539227,4.488755367118156,51.38345285695931,330.8706458043396,313.9510398458601,-3.39877318367664,-0.3379281121015265,0.6645011493645467,333.4100036621094,324.1700134277344,384.55999755859375,1872609187.2532654,1516,0.9385141613722059,,331.08,2026-09-29 18:10:00-04:00,100.53660985,after_hours,0.23311508797720926,243781.0,331.08,330.0,2026-09-29 16:00:03-04:00,"Vendor latest observation, no executable bid/ask or overnight-session venue feed; after-hours bar volumes and extremes may include late regular-session batches and are not reliable liquidity/support measures",18328,431,0.05221518987341772,"[0.045976733491331113, 0.05917169531175849]",0.003246299831414362,-0.037813145988227055
RNG,True,0.04666901289599041,0.005762823847176428,0.06242571303904326,0.19778723791052924,0.05154349465475606,0.008123331099427391,0.06708518718477716,0.22822239400015681,0.04910625377537323,0.00694307747330191,0.06475545011191021,0.21300481595534304,74.43000030517578,-2.2330185335266983,0.9250440309008396,3.3580293930859026,4.511661130347179,55.88419831794196,73.57716713178462,65.9940881131192,3.8480853634066614,6.908930434981775,0.5587463098050621,76.12000274658203,72.29000091552734,81.9000015258789,119273790.77339172,2513,2.270593086761985,,74.43,2026-09-29 17:52:00-04:00,118.5386422,after_hours,-4.100171646648221e-07,172370.0,74.7,74.43,2026-09-29 16:00:03-04:00,"Vendor latest observation, no executable bid/ask or overnight-session venue feed; after-hours bar volumes and extremes may include late regular-session batches and are not reliable liquidity/support measures",18487,431,0.051387461459403906,"[0.04516723030037943, 0.05837129776713083]",0.0048744817587656475,0.25396834677716734
DUOL,True,0.04564828149899094,0.006488062490098475,0.061779738955620445,0.14615693788783649,0.052499780651929034,0.008721774187568735,0.06711095105761332,0.17632296823321789,0.04907403107545999,0.007604918338833605,0.06444534500661689,0.16123995306052719,142.6199951171875,6.195079580320817,0.8821805048781193,7.7283621801673075,5.418849000672798,48.4177848469266,145.05236058011548,140.89912103685023,-6.929816134900635,-3.8689710633255214,0.9891942884881346,142.7100067138672,134.3800048828125,167.3800048828125,179860621.0987091,1299,0.06311288722575803,,142.33,2026-09-29 19:50:06-04:00,0.4409573666666667,after_hours,-0.20333412362635306,259.0,152.2962,140.5,2026-09-29 16:00:01-04:00,"Vendor latest observation, no executable bid/ask or overnight-session venue feed; after-hours bar volumes and extremes may include late regular-session batches and are not reliable liquidity/support measures",18496,431,0.05136245674740485,"[0.045137755826149664, 0.05834767039960165]",0.006851499152938097,-0.314732333478103
AMPL,False,0.04961483042965948,0.005909130275875838,0.06631870822602477,0.2039250055308545,0.04652986945666846,0.006440559603431296,0.06955926927314081,0.21497210299996383,0.04807234994316397,0.006174844939653567,0.06793898874958279,0.20944855426540915,13.640000343322754,2.5563920880598445,0.9465530907111548,0.6777690748113193,4.968981361815803,57.14289169132889,13.247641900060984,12.164114416088164,-6.323256601375538,-3.262411529800424,0.9230767976759692,13.6850004196167,13.100000381469727,14.378000259399414,20857531.08668804,1256,0.32991257449619393,,13.4,2026-09-29 19:30:05-04:00,20.455158349999998,after_hours,-1.7595332645298778,194921.0,13.88,13.4,2026-09-29 16:00:01-04:00,"Vendor latest observation, no executable bid/ask or overnight-session venue feed; after-hours bar volumes and extremes may include late regular-session batches and are not reliable liquidity/support measures",18710,431,0.04917156600748263,"[0.04328236935698472, 0.055943820878046106]",0.003084960972991019,0.5788969397445536
SOFI,True,0.04846413104481891,0.006228555343298466,0.07402519657341194,0.18164863659107852,0.04703654530168053,0.007732998966164683,0.07298532978119009,0.17701955052009904,0.04775033817324972,0.006980777154731574,0.07350526317730102,0.17933409355558877,15.90999984741211,-0.1255521492813383,0.7922500990705432,0.6740667016020192,4.236748636497703,36.53594084735376,17.009683929500067,17.391302707771413,-14.078738840145233,-11.017893768570119,0.14285792136806166,16.209999084472656,15.859999656677246,18.709999084472656,771374125.3299522,1441,1.8856017595081598,,15.9393,2026-09-29 19:50:05-04:00,0.45687968333333334,after_hours,0.18416186592644657,1613389.0,15.9954,15.9,2026-09-29 16:00:00-04:00,"Vendor latest observation, no executable bid/ask or overnight-session venue feed; after-hours bar volumes and extremes may include late regular-session batches and are not reliable liquidity/support measures",18766,431,0.04843866567195993,"[0.04253030828746777, 0.05517732669717521]",0.0014275857431383862,-1.631417305549133
QCOM,True,0.04499349062823293,0.005319988670686234,0.06521901657566517,0.17806675095988408,0.04617658207776704,0.006422308799595962,0.07241501320830149,0.19364193520132486,0.045585036352999986,0.005871148735141099,0.06881701489198333,0.18585434308060447,184.10000610351562,-1.8028534782641659,0.6648045124452648,9.023040726813097,4.901162644035779,51.974006155753216,184.09682752358705,178.23194512564442,5.516103351940549,8.576948423515663,0.24067044372219987,190.0,182.22999572753906,205.85000610351562,2737046270.8566284,2513,3.204776589288616,,184.81,2026-09-29 19:49:13-04:00,1.3149134166666667,after_hours,0.385656639296994,1659434.0,190.471,183.93,2026-09-29 16:00:00-04:00,"Vendor latest observation, no executable bid/ask or overnight-session venue feed; after-hours bar volumes and extremes may include late regular-session batches and are not reliable liquidity/support measures",19037,431,0.045122655880653464,"[0.039592446433173695, 0.051517491473969564]",0.0011830914495341086,0.0003522736985024678
SHOP,True,0.04587277172898129,0.005578483436810032,0.06379955888120006,0.16438766053977344,0.04471371944266591,0.006133919187470568,0.06734420124734306,0.1782560756447303,0.0452932455858236,0.0058562013121403,0.06557188006427156,0.17132186809225186,148.25999450683594,2.951184058130263,0.8108592311032445,6.949457908011829,4.687345315995817,58.42420829754599,140.15475663472816,136.95207308072096,-2.4569233648934263,0.6039217066816871,0.8437045935334567,149.33999633789062,142.42999267578125,151.2899932861328,1454988322.277565,2513,0.7284512822539613,,148.5027,2026-09-29 19:49:42-04:00,0.8381848000000001,after_hours,0.1637026184786894,237612.0,148.77,147.5,2026-09-29 16:00:01-04:00,"Vendor latest observation, no executable bid/ask or overnight-session venue feed; after-hours bar volumes and extremes may include late regular-session batches and are not reliable liquidity/support measures",19059,431,0.044755758434335484,"[0.039373712121019255, 0.050930140429369726]",0.0011590522863153818,1.1663122475730783
PLTR,True,0.04470096490760782,0.005489511782167458,0.06529948472230826,0.17799652644051478,0.04551640333869169,0.0066697165472336985,0.06752304291972785,0.1859546618275525,0.04510868412314975,0.006079614164700578,0.06641126382101806,0.18197559413403364,186.97000122070312,-0.27202609262755306,0.5414336450403928,6.513497379988558,3.4837125407620317,60.37168859803117,180.5078861757771,168.76222365644978,-2.7442894741752877,0.31655559739982575,0.5654449006982281,188.6300048828125,184.80999755859375,194.67999267578125,4645361349.382706,1506,0.8878449223252094,,187.3679,2026-09-29 19:50:03-04:00,0.4857818666666667,after_hours,0.2128142358127194,3063483.0,187.47,177.5179,2026-09-29 16:00:00-04:00,"Vendor latest observation, no executable bid/ask or overnight-session venue feed; after-hours bar volumes and extremes may include late regular-session batches and are not reliable liquidity/support measures",19076,431,0.0445586076745649,"[0.03917566517565599, 0.05074423604287462]",0.0008154384310838717,0.992111406197785
PANW,True,0.042892014897899185,0.0049420733618287605,0.06184183498026226,0.1852860811919242,0.04685908184555212,0.006087764250444774,0.07099224688329477,0.21370331588062824,0.04487554837172565,0.005514918806136767,0.06641704093177851,0.19949469853627622,388.4100036621094,-0.9385581652560093,0.7155259173197307,18.143751699451176,4.671288465380264,58.22787201936327,370.9943547518174,354.0684193773539,-1.4174256334122504,1.643419438162863,0.7577079832723425,391.75,377.9649963378906,396.29998779296875,2570922226.1480713,2513,0.8599151171184038,,388.01,2026-09-29 19:49:33-04:00,0.9872661833333333,after_hours,-0.10298490212351519,434778.0,389.5,382.75,2026-09-29 16:00:00-04:00,"Vendor latest observation, no executable bid/ask or overnight-session venue feed; after-hours bar volumes and extremes may include late regular-session batches and are not reliable liquidity/support measures",19104,431,0.04423157453936349,"[0.038968187085220686, 0.05029565787050897]",0.0039670669476529336,0.9598703288481821
MPWR,True,0.03940978288203835,0.004605870415840346,0.06142388871940154,0.14877446232989486,0.03894423575695119,0.005845613458168754,0.06366838539677912,0.15328533015850346,0.03917700931949477,0.00522574193700455,0.06254613705809033,0.15102989624419916,1355.989990234375,0.3545026077262481,0.602922136728629,53.92883299547871,3.9770819389424417,58.73903976708856,1287.84726176272,1305.2250738287032,3.897827979846613,6.9586730514217265,0.30751883860137796,1374.3199462890625,1347.8499755859375,1387.4599609375,930905473.8549805,2513,1.351776649289227,,1358.06,2026-09-29 19:47:04-04:00,3.465241616666667,after_hours,0.15265671432185268,1857.0,1371.41,1350.0,2026-09-29 16:00:01-04:00,"Vendor latest observation, no executable bid/ask or overnight-session venue feed; after-hours bar volumes and extremes may include late regular-session batches and are not reliable liquidity/support measures",18759,431,0.036729036729036726,"[0.03218290819571952, 0.04197230255151714]",0.00046554712508715956,1.2635676443687898
NOW,True,0.03476196160568365,0.004378996667496124,0.0541475334994005,0.14325576165794704,0.037351376182862224,0.006365220972899753,0.05661857534176025,0.15587439929737693,0.036056668894272934,0.005372108820197939,0.05538305442058038,0.14956508047766198,129.94000244140625,-1.1487215990050537,0.7118632581494632,5.957174842765442,4.584558050513895,45.4373590604196,135.0776599653589,128.31723793775075,-15.257616733017866,-12.196771661442751,0.4212972774410489,132.44000244140625,128.1199951171875,149.60000610351562,1901885637.25708,2513,1.923964870731254,,129.45,2026-09-29 19:49:44-04:00,0.8031177166666666,after_hours,-0.3770989935352853,805091.0,129.98,128.6859,2026-09-29 16:00:03-04:00,"Vendor latest observation, no executable bid/ask or overnight-session venue feed; after-hours bar volumes and extremes may include late regular-session batches and are not reliable liquidity/support measures",18069,431,0.034977032486579226,"[0.03064128150158164, 0.04015468529281524]",0.002589414577178574,-0.8624318841660245
SE,True,0.03810008515090213,0.00479108613456292,0.060902292143752014,0.14256520821704133,0.03397101625882577,0.0065402534320571715,0.05415446280941753,0.12888217608689873,0.03603555070486395,0.005665669783310045,0.05752837747658478,0.13572369215197003,98.62000274658203,-0.29319674935816,0.9844713322646522,3.545787026227115,3.5954034957173073,33.53769493342623,104.94359566966824,107.02869216513965,-16.155663692272327,-13.094818620697213,0.5380227749597669,99.48509979248047,97.61250305175781,118.25,363859101.6573334,2246,0.8772024151342039,,98.62,2026-09-29 19:23:26-04:00,27.1106324,after_hours,-2.7850151629316144e-06,689119.0,98.7289,98.161,2026-09-29 16:00:03-04:00,"Vendor latest observation, no executable bid/ask or overnight-session venue feed; after-hours bar volumes and extremes may include late regular-session batches and are not reliable liquidity/support measures",18059,431,0.03499640068663824,"[0.030654724469306983, 0.04017537903089318]",0.004129068892076357,-1.7834102489271082
GEV,True,0.03613030046110544,0.0044320210784705195,0.058157847850393025,0.13623004168453778,0.034402808605872595,0.005713834935457664,0.059606133434602186,0.13452765455077784,0.03526655453348902,0.005072928006964092,0.058881990642497606,0.13537884811765782,962.489990234375,1.339268500958024,0.6422352780800886,35.07040926560543,3.6437167785054543,52.82739186652887,946.5302366980948,965.5422464174953,4.057443561198859,7.1182886327739725,0.42405034766932787,973.4099731445312,954.4500122070312,983.3400268554688,2076656132.5723267,629,1.1345554780779699,,966.0,2026-09-29 19:30:00-04:00,20.533804316666664,after_hours,0.36468013187027637,139162.0,967.0,961.53,2026-09-29 16:00:02-04:00,"Vendor latest observation, no executable bid/ask or overnight-session venue feed; after-hours bar volumes and extremes may include late regular-session batches and are not reliable liquidity/support measures",17816,431,0.033958239784463405,"[0.02959209136136578, 0.03912289759182631]",0.0017274918552328475,0.45507748185683217
CRM,True,0.03443725366694282,0.0042910400033189895,0.0552567145935121,0.14241257439898647,0.033318677010432965,0.006241739613887308,0.05204566850259304,0.14376810202809467,0.03387796533868789,0.005266389808603149,0.05365119154805257,0.14309033821354056,225.30999755859375,-0.86241328684864,0.6391474866445315,8.909750455410657,3.9544407935531587,44.15650064982085,235.68071551420996,220.5414084156219,-15.42149438753796,-12.360649315962846,0.3321098297454161,228.9499969482422,223.5,268.2699890136719,3319392669.8910522,2513,1.615551652874081,,224.94,2026-09-29 19:05:03-04:00,45.48628915,after_hours,-0.1642171064768383,1838501.0,225.31,223.75,2026-09-29 16:00:03-04:00,"Vendor latest observation, no executable bid/ask or overnight-session venue feed; after-hours bar volumes and extremes may include late regular-session batches and are not reliable liquidity/support measures",17388,431,0.03255118472509777,"[0.028325123669694467, 0.03750940010239137]",0.0011185766565098565,-1.1639740088700632
WDAY,True,0.03419592871177994,0.004338163597628393,0.05252811124106053,0.13410250405595012,0.0333769534119664,0.006224291596841639,0.05195517342260526,0.13745030830151822,0.033786441061873174,0.005281227597235016,0.05224164233183289,0.13577640617873415,189.1699981689453,0.3022227184429793,0.6492357515514109,7.824847235542604,4.136410271862631,50.02964007775918,190.5691923309568,181.10551934815624,-7.254311218585141,-4.193466147010028,0.960829881937657,189.33999633789062,185.0,211.8300018310547,538810263.7755585,2513,0.08986529079177963,,187.44,2026-09-29 19:30:05-04:00,20.45276235,after_hours,-0.914520370931271,244404.0,189.17,181.47,2026-09-29 16:00:00-04:00,"Vendor latest observation, no executable bid/ask or overnight-session venue feed; after-hours bar volumes and extremes may include late regular-session batches and are not reliable liquidity/support measures",17359,431,0.03254795783167233,"[0.028295872046889457, 0.03746887303744566]",0.0008189752998135416,-0.17881424645020202
ETN,True,0.03349421282910188,0.0040759471422093935,0.05454746531798637,0.13339119660507287,0.03174161537139353,0.0055220130932622045,0.05406406426980277,0.13370322535924997,0.032617914100247704,0.004798980117735799,0.05430576479389457,0.13354721098216144,433.2699890136719,0.4311409878708483,0.8293255480560977,13.914493436087316,3.2115064022235433,55.51183206143562,424.05314017158827,418.62139188659773,4.7499401751337045,7.810785246708818,0.4197613735204024,437.0158996582031,430.5600891113281,447.3299865722656,872188491.146698,2513,0.8645672997242837,,435.1442,2026-09-29 18:51:15-04:00,59.28396615,after_hours,0.43257346085630033,293407.0,435.1442,429.5556,2026-09-29 16:00:03-04:00,"Vendor latest observation, no executable bid/ask or overnight-session venue feed; after-hours bar volumes and extremes may include late regular-session batches and are not reliable liquidity/support measures",16991,431,0.0315461126478724,"[0.02725038362989656, 0.03650982930627142]",0.001752597457708352,0.6623919788685702
BA,True,0.034190971666472496,0.004659841114569428,0.05601380974860564,0.1311174257430697,0.030576335304904334,0.006355992854826951,0.05068679602529096,0.11737302192560223,0.03238365348568842,0.005507916984698189,0.0533503028869483,0.12424522383433596,187.67999267578125,1.784257984176496,1.4214212665420893,6.1383340860241615,3.270638494017945,32.23962912533735,201.38181861074872,209.6104221021661,-12.73454139538045,-9.673696323805336,0.4538515207111295,190.90499877929688,185.0,215.2899932861328,1442175964.396515,2513,1.7183537027768647,,191.88,2026-09-29 19:50:00-04:00,0.5447001833333334,after_hours,2.237855652240084,1666496.0,194.0,187.68,2026-09-29 16:00:02-04:00,"Vendor latest observation, no executable bid/ask or overnight-session venue feed; after-hours bar volumes and extremes may include late regular-session batches and are not reliable liquidity/support measures",16928,431,0.03154536862003781,"[0.02725109814706628, 0.03650286195230517]",0.0036146363615681618,-2.232173378468267
ASML,True,0.0342708656022826,0.00407751153016761,0.05359426365387534,0.12879992374215424,0.029706229732988334,0.005434823749854278,0.04981012259731201,0.12369542160081673,0.03198854766763547,0.004756167640010944,0.051702193125593675,0.12624767267148548,1834.3900146484375,3.555358683395693,1.258459421757658,53.386628111041105,2.9103204708227057,63.15992498295142,1721.0717327343548,1716.9719279565431,5.098305174356255,8.159150245931368,0.8217042825440295,1841.7652587890625,1800.4000244140625,1790.0,2203195422.2369385,2513,0.4020543113367525,,1835.92,2026-09-29 19:49:37-04:00,0.9150749499999999,after_hours,0.08340567378501973,104.0,1839.21,1829.0,2026-09-29 16:00:01-04:00,"Vendor latest observation, no executable bid/ask or overnight-session venue feed; after-hours bar volumes and extremes may include late regular-session batches and are not reliable liquidity/support measures",16785,431,0.031575811736669644,"[0.027290886250237106, 0.036555128730748024]",0.004564635869294269,2.1225967236287566
VST,True,0.033093896219477614,0.004198522180849738,0.05423364846491647,0.11879979027492504,0.028713962193358603,0.005564938455636278,0.05045834029906628,0.1156507257850853,0.03090392920641811,0.004881730318243007,0.052345994381991376,0.11722525803000516,140.8300018310547,2.0359349888488865,1.0574540150397678,4.48043934646376,3.181452310026009,47.78785350201815,141.25172546198206,144.44959761835358,-0.37419537575982265,2.686649695815291,0.4248815452976676,143.50999450683594,138.85009765625,154.89999389648438,651553533.8626862,2509,1.9029983958931407,,142.41,2026-09-29 19:47:59-04:00,2.5509456666666663,after_hours,1.1219187306698686,353570.0,144.2758,140.83,2026-09-29 16:00:02-04:00,"Vendor latest observation, no executable bid/ask or overnight-session venue feed; after-hours bar volumes and extremes may include late regular-session batches and are not reliable liquidity/support measures",16419,430,0.030635239661367927,"[0.026256732206810428, 0.03570524615976741]",0.004379934026119012,-0.09412550830762273
AVGO,True,0.03228621446666215,0.003910082734856391,0.0564672869990162,0.12258426473048692,0.02656127140391337,0.005423866415347339,0.05051905179372899,0.10952591845633863,0.02942374293528776,0.0046669745751018645,0.053493169396372595,0.11605509159341278,355.1000061035156,1.5819431482769986,0.6825966418195214,10.868306505633148,3.0606325876730387,46.24581017148909,357.5860452986447,368.7898245935753,-7.001375283013944,-3.9405302114388308,0.13995014676419884,361.8599853515625,354.0,372.75,9877807096.789398,2513,1.9036832249662794,,356.7,2026-09-29 19:49:59-04:00,0.5442507333333333,after_hours,0.4505755756078367,2625032.0,356.88,354.85,2026-09-29 16:00:01-04:00,"Vendor latest observation, no executable bid/ask or overnight-session venue feed; after-hours bar volumes and extremes may include late regular-session batches and are not reliable liquidity/support measures",15900,430,0.028867924528301888,"[0.02475320124284115, 0.03382668535787041]",0.005724943062748778,-0.22874209462537173
MLKN,False,0.03138275677711758,0.0035470270394608585,0.055390495192361236,0.1406303644853253,0.026356313061230922,0.005588481150242546,0.046358315272566245,0.11175637216699603,0.028869534919174253,0.004567754094851702,0.05087440523246374,0.12619336832616065,19.959999084472656,-1.5779171170520412,0.7150713984613764,0.8341994470022142,4.17935613860402,34.20067868729463,20.94597260015729,21.20251967350201,-14.70316933164797,-11.642324260072856,0.33333200878967173,20.280000686645508,19.799999237060547,23.0,15911191.675634384,2513,1.60321451328016,,19.96,2026-09-29 17:30:00-04:00,140.54251985000002,after_hours,4.586810553597331e-06,,19.96,19.74,2026-09-29 16:00:01-04:00,"Vendor latest observation, no executable bid/ask or overnight-session venue feed; after-hours bar volumes and extremes may include late regular-session batches and are not reliable liquidity/support measures",15696,430,0.02873343527013252,"[0.024713814962094034, 0.03347499226577781]",0.005026443715886661,-1.1819397857764549
CEG,True,0.029450127743537856,0.003790887614403501,0.05184710632350002,0.11372078014493014,0.028229230311237023,0.005448990057323316,0.05053021959697394,0.11361111654477735,0.02883967902738744,0.0046199388358634085,0.05118866296023698,0.11366594834485375,264.5799865722656,1.593516113042659,0.6435692916084651,8.996382147003521,3.400250436004278,45.77836399844103,268.19305275909886,270.48809806193935,-6.769402355427257,-3.708557283852143,0.3777391232746997,270.114990234375,261.2200012207031,305.79998779296875,790941781.5027618,1178,2.091996350070713,,266.94,2026-09-29 19:48:37-04:00,1.9174447666666665,after_hours,0.8919848618594406,176.0,267.0,263.5,2026-09-29 16:00:01-04:00,"Vendor latest observation, no executable bid/ask or overnight-session venue feed; after-hours bar volumes and extremes may include late regular-session batches and are not reliable liquidity/support measures",15685,430,0.028753586228881096,"[0.024735309092062546, 0.03349665373620654]",0.0012208974323008326,-0.4016132404998672
BILI,True,0.025943604336405267,0.0033712985173850645,0.047120872432101855,0.0976602667940491,0.02642971815865055,0.006018064272481269,0.04653485560442079,0.09785709665270223,0.026186661247527908,0.004694681394933167,0.04682786401826132,0.09775868172337566,14.84000015258789,-1.981507159391671,0.5971517435531084,0.4699653810151241,3.1668825888331855,40.097939619289114,15.40079959440963,16.387415074747473,-11.22916009192213,-8.168315020347016,0.37931125200599825,15.020000457763672,14.729999542236328,16.600000381469727,56199061.36859894,2138,1.212940049359723,,14.88,2026-09-29 19:35:59-04:00,14.560474233333334,after_hours,0.2695407479839762,,14.9347,14.84,2026-09-29 16:00:01-04:00,"Vendor latest observation, no executable bid/ask or overnight-session venue feed; after-hours bar volumes and extremes may include late regular-session batches and are not reliable liquidity/support measures",14772,430,0.027145951800704036,"[0.023142664337632065, 0.03174098586948616]",0.0004861138222452821,-1.1932781955351988
KBH,True,0.027708548679407842,0.0033275090558149627,0.05086355574294319,0.11315600689148043,0.024647983722354383,0.005636094761586296,0.04488920732330303,0.09478325633452228,0.026178266200881112,0.004481801908700629,0.04787638153312311,0.10396963161300135,47.41999816894531,-0.9607412049041364,0.6988449848024316,1.5789233703085426,3.3296571726621393,36.43829963684496,49.41974609844863,51.88141326684002,-14.092742167788863,-11.03189709621375,0.4193540448083218,47.959999084472656,47.029998779296875,54.459999084472656,85276622.02280045,2513,1.13876199151981,,47.42,2026-09-29 18:19:42-04:00,90.84284810000001,after_hours,3.8613554576016895e-06,310052.0,47.5,47.42,2026-09-29 16:03:03-04:00,"Vendor latest observation, no executable bid/ask or overnight-session venue feed; after-hours bar volumes and extremes may include late regular-session batches and are not reliable liquidity/support measures",14772,430,0.027145951800704036,"[0.023142664337632065, 0.03174098586948616]",0.003060564957053459,-1.2665262717040773
THO,True,0.0267745563594208,0.003273059959921689,0.04759709192013534,0.11061026986217723,0.02533101028584953,0.0055102657327821755,0.045077190094864245,0.10550386580826561,0.026052783322635165,0.004391662846351932,0.04633714100749979,0.10805706783522143,70.16000366210938,-1.7091533178087537,0.9448720725361305,2.519504465689569,3.591083714623939,41.77584624435319,72.44891821758011,74.47370944364121,-10.745050779325938,-7.684205707750824,0.30366651088289454,71.48999786376953,69.58000183105469,77.80000305175781,61447236.4623642,2513,1.895658683350998,,70.16,2026-09-29 16:00:48-04:00,229.74236365,after_hours,-5.219653920196521e-06,92778.0,70.16,70.16,2026-09-29 16:00:02-04:00,"Vendor latest observation, no executable bid/ask or overnight-session venue feed; after-hours bar volumes and extremes may include late regular-session batches and are not reliable liquidity/support measures",14732,430,0.027016019549280477,"[0.02299341530553697, 0.031638674988194164]",0.001443546073571271,-0.9084780704463968
BABA,True,0.026521977838228145,0.00343023918986551,0.04872930744688045,0.10272351712556593,0.023944991545853275,0.005398777334952007,0.04411871149155895,0.09461944839281856,0.02523348469204071,0.004414508262408758,0.0464240094692197,0.09867148275919224,107.73999786376953,-0.9378487057983942,0.6726637979169565,2.9516700953994968,2.7396233097495495,38.91205459226749,111.97749339125471,114.91763462818143,-8.56864981126133,-5.507804739686217,0.24444042566418192,108.76000213623047,107.41000366210938,120.4000015258789,950239287.515564,2513,0.9467275781373852,,107.97,2026-09-29 19:36:38-04:00,13.910152833333333,after_hours,0.2134788758036743,5632045.0,107.98,107.66,2026-09-29 16:03:34-04:00,"Vendor latest observation, no executable bid/ask or overnight-session venue feed; after-hours bar volumes and extremes may include late regular-session batches and are not reliable liquidity/support measures",14442,430,0.02631214513225315,"[0.02231395162593806, 0.030927835051546393]",0.0025769862923748707,-1.4356264048918557
NVDA,True,0.025398750122424697,0.002949188065451662,0.04694304351323523,0.11241194407568163,0.021117669896847758,0.004733615124146212,0.04164837238005639,0.10314962069695321,0.023258210009636227,0.003841401594798937,0.04429570794664581,0.10778078238631741,227.2100067138672,-0.7209621131189281,0.8659566565487279,6.006917024160637,2.643773093904856,56.70904522973898,222.6146739692009,217.82924986009735,-0.03328638529103145,3.027558686284082,0.03192621029959292,232.82000732421875,227.02499389648438,234.75999450683594,25247024621.93817,2513,2.469081662154271,,228.249,2026-09-29 19:49:59-04:00,0.5440843333333334,after_hours,0.4572832425647766,12198900.0,234.7265,215.2615,2026-09-29 16:00:00-04:00,"Vendor latest observation, no executable bid/ask or overnight-session venue feed; after-hours bar volumes and extremes may include late regular-session batches and are not reliable liquidity/support measures",13754,430,0.02515631816198924,"[0.021435566284399143, 0.029329526491130454]",0.004281080225576939,0.7650068622861322
TSM,True,0.02490638312119134,0.002886471607558714,0.04339077238691762,0.10630482565922339,0.020468769456327102,0.004789122721825919,0.037225448060607624,0.08831491218714507,0.02268757628875922,0.0038377971646923166,0.04030811022376262,0.09730986892318423,456.94000244140625,0.8964841712639338,1.0131293185511006,10.77515864492121,2.35811235333963,65.30426629239653,437.1749924194204,427.1574281609797,7.25549804834551,10.316343119920624,0.7985442406644742,459.42999267578125,447.07000732421875,455.2699890136719,4213071495.2638245,2513,0.5449271722920201,,457.2301,2026-09-29 19:47:56-04:00,2.5952413,after_hours,0.06348701296532422,1432705.0,457.98,455.0,2026-09-29 16:00:02-04:00,"Vendor latest observation, no executable bid/ask or overnight-session venue feed; after-hours bar volumes and extremes may include late regular-session batches and are not reliable liquidity/support measures",13532,430,0.024756133609222585,"[0.021049753813178626, 0.028961182411601026]",0.0044376136648642366,1.834312669846578
JKHY,True,0.02144405274976909,0.002686205336184808,0.041812111106057884,0.09345009305171612,0.020088004735719783,0.005813726477661705,0.033271914431207916,0.07567120254881299,0.020766028742744434,0.004249965906923257,0.0375420127686329,0.08456064780026455,146.22000122070312,-1.0824015858734715,0.8264024861062124,4.42175911150632,3.0240453252576285,34.38519408463808,154.228762937941,154.83671056169405,-15.661842327848053,-12.600997256272938,0.5063288694308524,147.38999938964844,145.02000427246094,170.9499969482422,165115220.74523926,2513,0.8001628772929203,,146.22,2026-09-29 19:30:05-04:00,20.462167866666668,after_hours,-8.348400415414403e-07,,146.22,146.22,2026-09-29 16:00:01-04:00,"Vendor latest observation, no executable bid/ask or overnight-session venue feed; after-hours bar volumes and extremes may include late regular-session batches and are not reliable liquidity/support measures",12804,430,0.02296157450796626,"[0.019288003994576426, 0.02717553067677101]",0.0013560480140493054,-1.8112161959247066
FERG,True,0.02320897294432996,0.002741026124592876,0.04344857977181044,0.10047039201259711,0.018230422979602874,0.004650576652152331,0.035922221695231495,0.0831088526499523,0.02071969796196642,0.0036958013883726035,0.03968540073352097,0.0917896223312747,223.8699951171875,-1.5090223882615938,0.9491111266034579,5.763588063673694,2.5745245854214063,48.81672794297302,223.22261611211925,228.19130851897566,-3.345910059908608,-0.28506498833349436,0.29208319449072534,227.75999450683594,222.26499938964844,230.44000244140625,316311221.9025421,2513,1.737615345733201,,223.87,2026-09-29 16:10:49-04:00,219.72602461666665,after_hours,2.181092861874845e-06,244045.0,223.87,223.87,2026-09-29 16:00:02-04:00,"Vendor latest observation, no executable bid/ask or overnight-session venue feed; after-hours bar volumes and extremes may include late regular-session batches and are not reliable liquidity/support measures",12791,430,0.022906731295442108,"[0.019268976319931998, 0.02706637291156038]",0.004978549964727085,0.11232221975551941
NKE,True,0.021122386666962156,0.0025432870562400907,0.04185520948238083,0.08891914789128365,0.017504378328861796,0.005357969441195415,0.03264358821787869,0.06947639122790553,0.019313382497911976,0.003950628248717752,0.03724939885012976,0.0791977695595946,35.84000015258789,-1.511402160718367,0.8816911071170292,0.9725903217511187,2.7137006629752793,38.30097553835367,36.845088162114536,38.72071103532836,-10.331223499398778,-7.270378427823665,0.22439464051037003,36.4276008605957,35.66999816894531,39.880001068115234,1202560041.5456772,2513,1.6395108970594707,,35.8602,2026-09-29 19:45:22-04:00,5.176656633333334,after_hours,0.056361181155439866,1959260.0,35.8871,35.8,2026-09-29 16:00:03-04:00,"Vendor latest observation, no executable bid/ask or overnight-session venue feed; after-hours bar volumes and extremes may include late regular-session batches and are not reliable liquidity/support measures",12282,430,0.02190197036313304,"[0.018440474097054575, 0.025829144001473847]",0.003618008338100359,-1.0334135422168456
FDX,True,0.020560332790612867,0.0024917750933164257,0.04252284212949431,0.08807740632172967,0.01773273175929638,0.00501603306102976,0.033969128998193945,0.06797531240307354,0.019146532274954622,0.0037539040771730928,0.03824598556384413,0.0780263593624016,287.4700012207031,-0.7526299746998588,0.6857546257157549,7.242389880660368,2.519355010925148,34.66174499167256,301.4591064545914,309.9713048760225,-14.912243105617229,-11.851398034042116,0.44933529911539805,290.1600036621094,285.2749938964844,330.4800109863281,526320252.756958,2513,0.9357506626721079,,288.0,2026-09-29 16:58:58-04:00,171.5764963,after_hours,0.18436663896974625,356876.0,288.0,287.18,2026-09-29 16:00:03-04:00,"Vendor latest observation, no executable bid/ask or overnight-session venue feed; after-hours bar volumes and extremes may include late regular-session batches and are not reliable liquidity/support measures",12200,430,0.02180327868852459,"[0.01823221488422451, 0.02575150728284397]",0.0028276010313164866,-1.9315592593604927
AZO,True,0.01846332141974436,0.002191363942266703,0.036531420723373294,0.08137145894137747,0.016306388320511775,0.005001099928373678,0.029375950258555557,0.06638179710189442,0.017384854870128065,0.0035962319353201903,0.032953685490964425,0.07387662802163594,2875.969970703125,-1.2806890590176034,1.0036311502762294,82.34096868603292,2.8630677484404323,45.98214230402519,2898.8028391802754,2966.497608425715,-6.9144315409850226,-3.8535864694099087,0.4748528135890271,2920.155029296875,2836.0166015625,3007.8798828125,1171767593.7634277,2513,1.5363532666840651,,2875.97,2026-09-29 17:54:01-04:00,116.52553503333334,after_hours,1.0186780530219153e-06,24806.0,2875.97,2875.97,2026-09-29 16:00:03-04:00,"Vendor latest observation, no executable bid/ask or overnight-session venue feed; after-hours bar volumes and extremes may include late regular-session batches and are not reliable liquidity/support measures",11518,430,0.01944782080222261,"[0.016141594072078606, 0.022968259180025995]",0.0021569330992325837,-0.2772965735223791
PDD,True,0.018829560435286052,0.0022525624539819966,0.03944160459778189,0.07967366006440846,0.015694254986987066,0.004958418871595921,0.030374439598903246,0.05992569516709043,0.01726190771113656,0.003605490662788959,0.03490802209834257,0.06979967761574944,77.5,-1.2613044855572686,0.6229010792754199,1.829791026658342,2.3610206795591506,38.1874137342887,79.90139006360039,82.71762250631662,-10.798940309670346,-7.738095238095233,0.3116903062159712,78.55999755859375,77.0199966430664,85.19999694824219,537995812.5455475,2055,1.3677387852822687,,77.68,2026-09-29 19:45:31-04:00,5.026981233333333,after_hours,0.23225806451614428,299326.0,77.77,72.6149,2026-09-29 16:00:01-04:00,"Vendor latest observation, no executable bid/ask or overnight-session venue feed; after-hours bar volumes and extremes may include late regular-session batches and are not reliable liquidity/support measures",11473,430,0.019349777739039484,"[0.01601747756245679, 0.022827810760176478]",0.003135305448298986,-1.3123848727064367
COST,True,0.014024883206714567,0.0016866306567382974,0.029893771802085047,0.061409789990974586,0.010761946529799372,0.004355037002942262,0.021420686809094657,0.04350221640557438,0.01239341486825697,0.0030208338298402795,0.025657229305589852,0.05245600319827448,924.5900268554688,0.18095219263174478,1.0136612907639873,15.713967250503158,1.6995605397071358,53.16487429466683,914.9438129633628,929.2245463317294,-5.105573535002838,-2.044728463427725,0.8963227572671286,925.969970703125,912.6599731445312,952.0999755859375,2162976212.8378296,2513,0.14924926806201277,,924.2912,2026-09-29 19:49:35-04:00,0.95967475,after_hours,-0.03231993064916061,11919.0,925.02,922.0,2026-09-29 16:00:01-04:00,"Vendor latest observation, no executable bid/ask or overnight-session venue feed; after-hours bar volumes and extremes may include late regular-session batches and are not reliable liquidity/support measures",9418,428,0.016245487364620937,"[0.01307845806737649, 0.019913602475600024]",0.003262936676915195,0.6138624154124463
