symbol,eligible,a_hit5,a_hit10,a_close3,a_down3,b_hit5,b_hit10,b_close3,b_down3,p_hit5,p_hit10,p_close3,p_down3,close,daily_pct,volume_ratio,atr,atr_pct,rsi,ema20,ema50,rs20_qqq_pp,ret20_pct,range_position,high,low,prior_high20,adv20,history_sessions,high_close_pct,max_feature_abs,last,last_at,age_minutes,session,after_hours_change_pct,after_hours_volume,after_hours_high,after_hours_low,regular_quote_at,quote_note,evaluation_score_neighbors,evaluation_score_dates,empirical_hit5,empirical_hit5_dateblock95,model_disagreement,extension_atr,weekly_bb_pos,weekly_bb_mid,daily_z20,baby_price_trigger,baby_no_chase,rsi2,lrcx_signal,drawdown_252
IOVA,True,0.6149228661307308,0.1477113139634664,0.3687707817653999,0.8231813645304056,0.7248978431535341,0.4132480076074912,0.4711418319920342,0.8766632127582353,0.6699103546421324,0.2804796607854788,0.419956306878717,0.8499222886443205,14.449999809265137,31.483167517800048,5.589583547487864,0.8389614655520131,5.805961775958521,86.44518893488029,10.048767525665069,8.235167135857253,73.80573600953436,76.86658108110946,0.662698322593146,15.300000190734863,12.779999732971191,11.170000076293944,133761240.07045746,2513,5.882355658750371,,14.45,2026-09-29 19:49:22-04:00,1.1746131666666666,after_hours,1.3199644710581993e-06,834752.0,14.55,14.36,2026-09-29 16:00:01-04:00,"Vendor latest observation, no executable bid/ask or overnight-session venue feed; after-hours bar volumes and extremes may include late regular-session batches and are not reliable liquidity/support measures",188,127,0.4734042553191489,"[0.3848673059768064, 0.5602259824638869]",0.1099749770228033,5.24604819686704,1.8325465647583588,5.949500036239624,3.2962879476280498,False,False,99.06228036402216,False,0.055555579795643184
KOD,True,0.7098539306476604,0.2346116267954772,0.4483502400639079,0.8640218762702825,0.616833037346354,0.2845479680543371,0.168466307563092,0.6041308834260065,0.6633434839970072,0.2595797974249072,0.3084082738135,0.7340763798481444,91.12000274658205,1.3345246909170383,2.1779927728816504,6.765267475424814,7.424568998576532,89.96446275478715,44.51199905784475,40.70807705750339,140.90168898238707,143.96253405396217,0.787482288985918,93.13860321044922,83.64009857177734,95.7699966430664,201396680.0480652,2006,2.2153208988384243,,90.9521,2026-09-29 19:48:18-04:00,2.2453409333333334,after_hours,-0.1842655196675036,10497.0,91.44,90.17,2026-09-29 16:00:01-04:00,"Vendor latest observation, no executable bid/ask or overnight-session venue feed; after-hours bar volumes and extremes may include late regular-session batches and are not reliable liquidity/support measures",198,133,0.4646464646464646,"[0.3795465848806366, 0.5426677098379071]",0.0930208933013064,6.889306868951343,7.087715286803245,37.43549995422363,3.021956186360407,False,False,98.8028223313624,False,0.048553764847824366
AAOI,True,0.2959691476709614,0.0502359232988972,0.2360739672932599,0.5706779083342501,0.2911321819647585,0.0548854080351807,0.156596227542901,0.4590080230761553,0.2935506648178599,0.0525606656670389,0.1963350974180804,0.5148429657052027,100.66999816894533,3.976449582995522,1.0776783969409494,8.136620073902153,8.08246768838438,45.040004910243226,104.13504957996398,112.6703698140394,-9.579560006399724,-6.51871493482461,0.5062495455146919,103.83000183105467,97.43000030517578,116.9000015258789,693394028.4222794,2513,3.1389726031446186,,101.4287,2026-09-29 19:50:00-04:00,0.5296251833333333,after_hours,0.7536523739490208,2732.0,101.6,98.7654,2026-09-29 16:00:01-04:00,"Vendor latest observation, no executable bid/ask or overnight-session venue feed; after-hours bar volumes and extremes may include late regular-session batches and are not reliable liquidity/support measures",1721,409,0.3120278907611853,"[0.27833689656917315, 0.34575679194447584]",0.0048369657062029,-0.4258588184709105,-0.5191621436818301,132.30100135803224,-0.3935129762031573,False,True,59.862964675253956,False,0.5691787608259402
CIFR,True,0.2662830261014505,0.0453649813359142,0.2069705808394321,0.535965572364277,0.2664639024489469,0.0313877881921467,0.2024140685827656,0.5174512603563232,0.2663734642751987,0.0383763847640305,0.2046923247110988,0.5267084163603001,16.510000228881836,-1.373951883996738,0.8423922101684118,1.4877039916763122,9.010926535747656,45.925966349400085,17.294730602046762,18.042765382484777,3.45528543733995,6.516130508915063,0.0750692844673557,17.3700008392334,16.440200805664062,19.7450008392334,577877506.1219311,1492,5.208967888729132,,16.65,2026-09-29 19:48:50-04:00,1.7064216,after_hours,0.8479695286330413,8574.0,16.74,16.51,2026-09-29 16:00:01-04:00,"Vendor latest observation, no executable bid/ask or overnight-session venue feed; after-hours bar volumes and extremes may include late regular-session batches and are not reliable liquidity/support measures",1979,429,0.2875189489641233,"[0.2562926275331936, 0.3175516829953812]",0.0001808763474964,-0.5274774938801564,-0.5513318991527089,20.491500043869017,-0.43450693161210263,False,True,3.2321408720977116,False,0.4522229408354871
FICO,True,0.1916781916551897,0.0466627583888566,0.1094677175251456,0.5783095135346809,0.3196330601169274,0.0938427203855028,0.1380307450816132,0.4812086393156543,0.2556556258860586,0.0702527393871797,0.1237492313033794,0.5297590764251676,617.8699951171875,-26.52190127676698,10.937648701480034,58.38617138677001,9.449588400177332,16.525514469121248,926.9981532950168,1027.9108285825084,-49.202352192707146,-46.14150712113203,0.252533050799655,685.0,595.1900024414062,1158.2900390625,425539950.54504395,2513,10.864745887212134,,612.21,2026-09-29 19:50:02-04:00,0.5118525333333334,after_hours,-0.9160495188172968,117707.0,617.87,606.1528,2026-09-29 16:00:03-04:00,"Vendor latest observation, no executable bid/ask or overnight-session venue feed; after-hours bar volumes and extremes may include late regular-session batches and are not reliable liquidity/support measures",2077,431,0.2792489167067886,"[0.2499381188118812, 0.31050110198560615]",0.1279548684617376,-5.294544081852165,-2.177180499600885,1125.3949951171876,-3.0649696727121944,False,True,0.6947828682629745,False,0.6907573074723152
UMAC,True,0.2562871653698739,0.0383995823109404,0.2073270405476707,0.5578337639609215,0.2231377353034355,0.0281562026207161,0.1542128797413565,0.4905381599771501,0.2397124503366547,0.0332778924658283,0.1807699601445136,0.5241859619690359,24.940000534057617,4.090156456725635,1.0490283000769438,1.852902978720197,7.429442417973912,53.450052889209786,23.981631386966775,23.66439905867504,2.3045983321856145,5.365443403760728,0.9393158547330682,25.020000457763672,23.70170021057129,26.200000762939453,57368997.657203674,658,0.3207695348554917,,24.8902,2026-09-29 19:45:44-04:00,4.802300783333333,after_hours,-0.1996813672462072,181163.0,25.0,24.8,2026-09-29 16:00:00-04:00,"Vendor latest observation, no executable bid/ask or overnight-session venue feed; after-hours bar volumes and extremes may include late regular-session batches and are not reliable liquidity/support measures",2238,431,0.2560321715817694,"[0.22853433886472016, 0.2866841060726221]",0.0331494300664383,0.5172257576879654,0.19025064329854346,23.1915002822876,1.4003546538163258,False,True,89.22904208167198,False,0.2859187576271285
BE,True,0.2234845311135553,0.0333231057838678,0.1893664031340589,0.4893190883099058,0.2402167323826117,0.0272347962117889,0.1675798446896617,0.4915141755287865,0.2318506317480835,0.0302789509978284,0.1784731239118603,0.4904166319193461,291.25,10.79621311293466,1.398013826784826,21.31205741723768,7.317444606776885,60.265466008019345,263.00325595481365,248.43774437824683,38.11704910757785,41.177894179152965,0.6432333108795132,302.35400390625,271.2300109863281,292.7200012207031,4434920569.416046,2056,3.812533530042917,,293.64,2026-09-29 19:49:14-04:00,1.3003328666666667,after_hours,0.8206008583691027,788012.0,295.2605,290.51,2026-09-29 16:00:03-04:00,"Vendor latest observation, no executable bid/ask or overnight-session venue feed; after-hours bar volumes and extremes may include late regular-session batches and are not reliable liquidity/support measures",2354,432,0.2463891248937978,"[0.2211272441742621, 0.27441813808256255]",0.0167322012690563,1.325387947873101,0.5418180992099476,251.69050140380858,1.3840999772932552,False,True,70.66188279024928,False,0.17088931618054548
NBIS,True,0.2330583560058613,0.0333531005754081,0.2024343311772744,0.547070944849213,0.2138770771648705,0.0315079751772365,0.1377969490097518,0.4471760893595496,0.2234677165853659,0.0324305378763223,0.1701156400935131,0.4971235171043813,237.35499572753903,2.3611310718634426,0.8607260527593183,16.531855776699402,6.965033841409599,55.241009702448366,227.20983711225415,221.08194547347043,11.9813162804991,15.042161352074212,0.2802090219194441,246.9750061035156,233.61000061035156,254.7400054931641,3407446549.345627,486,4.05300522387968,,240.05,2026-09-29 19:49:51-04:00,0.68321285,after_hours,1.1354318724997814,399164.0,240.73,237.0,2026-09-29 16:00:00-04:00,"Vendor latest observation, no executable bid/ask or overnight-session venue feed; after-hours bar volumes and extremes may include late regular-session batches and are not reliable liquidity/support measures",2483,433,0.2416431735803463,"[0.2169529508619048, 0.2687593119328186]",0.0191812788409907,0.6136733076019112,0.28424266430842504,222.49449996948243,0.9521536683056595,False,True,61.90434638452149,False,0.20844725097528838
NVTS,True,0.2131210133468836,0.030675151534846,0.1724410714810692,0.4959552441425289,0.1887475589365151,0.0302091395188581,0.1584147235397561,0.5739925574000606,0.2009342861416994,0.030442145526852,0.1654278975104127,0.5349739007712948,11.729999542236328,0.0,3.128186814936984,0.7932482933737084,6.762560309720825,48.2311879919161,11.785943792556449,12.654826333224436,-1.8529124761887503,1.2079325953863629,0.0487800717659573,12.899999618530272,11.670000076293944,12.630000114440918,130023351.39751434,1240,9.974425592099244,,11.741,2026-09-29 19:49:15-04:00,1.2825217333333332,after_hours,0.093780547254596,1725614.0,11.79,11.7,2026-09-29 16:00:00-04:00,"Vendor latest observation, no executable bid/ask or overnight-session venue feed; after-hours bar volumes and extremes may include late regular-session batches and are not reliable liquidity/support measures",2934,434,0.2304021813224267,"[0.20741691157328196, 0.2557752142773277]",0.0243734544103684,-0.0705255224466807,-0.3929227360707596,16.39949998855591,0.43510882145963165,False,True,29.630694676550334,False,0.656716412911696
CBRS,True,0.1992305670455632,0.0306548573989195,0.1709847778116606,0.4686537390436735,0.1902629838230697,0.0238185220765771,0.1541535522708717,0.4726873647054794,0.1947467754343164,0.0272366897377483,0.1625691650412662,0.4706705518745765,194.9499969482422,-0.9098345506471373,1.5490419100581223,13.780446086575196,7.068708028876658,47.50481020283601,198.96048641211573,204.03419351095087,2.752220025991603,5.813065097566716,0.0374299770153267,213.97999572753903,194.2100067138672,222.5,1146419052.436905,95,9.761476828516802,,194.4999,2026-09-29 19:50:05-04:00,0.4607620666666667,after_hours,-0.230878150955649,,197.9,194.05,2026-09-29 16:00:01-04:00,"Vendor latest observation, no executable bid/ask or overnight-session venue feed; after-hours bar volumes and extremes may include late regular-session batches and are not reliable liquidity/support measures",3058,433,0.2266187050359712,"[0.20431308756784344, 0.252296002712899]",0.0089675832224934,-0.2910275501009019,-0.3190897962185684,211.1724998474121,-0.08341326939464473,False,True,7.350219727084152,False,0.49539266243161606
CRDO,True,0.1889266732256847,0.0278242835566517,0.1730495412055351,0.4558835952682699,0.1979197889020681,0.0229673487369708,0.1608958710441025,0.4491872494450177,0.1934232310638764,0.0253958161468112,0.1669727061248188,0.4525354223566438,192.3500061035156,-0.1660829752793691,0.6632069255911309,13.877224950583996,7.214569540026834,49.50136762763895,189.99093647663577,202.40990023427443,-18.02171689289125,-14.960871821316136,0.3220837275551089,199.3800048828125,189.0099945068359,238.39500427246097,1770394278.8430023,1172,3.654795194294702,,193.79,2026-09-29 19:49:48-04:00,0.7290844333333334,after_hours,0.7486321033488341,651.0,199.782,186.3045,2026-09-29 16:00:01-04:00,"Vendor latest observation, no executable bid/ask or overnight-session venue feed; after-hours bar volumes and extremes may include late regular-session batches and are not reliable liquidity/support measures",3088,433,0.226360103626943,"[0.2045656239008783, 0.2516084524211137]",0.0089931156763834,0.1699957761930356,-0.44992664609240496,220.50749969482422,0.8764110561495443,False,True,32.41856748893652,False,0.37684259002843346
SMMT,True,0.2073632763565618,0.0311479447713826,0.1497622284133845,0.4502219370004192,0.1772291830184015,0.0317434234598552,0.2038575602987714,0.7448509589708276,0.1922962296874816,0.0314456841156189,0.1768098943560779,0.5975364479856234,16.389999389648438,5.8785521597027435,4.396621775481629,1.1384662164785502,6.946102860733359,52.40920572420122,16.283759961198136,15.618646501158954,17.276890077940642,20.33773514951576,0.0821917002902174,19.06999969482422,16.149999618530273,18.829999923706055,104371607.54114152,2513,16.351436271976993,,16.27,2026-09-29 19:48:48-04:00,1.7417465,after_hours,-0.7321500556261573,688104.0,16.52,16.2,2026-09-29 16:00:00-04:00,"Vendor latest observation, no executable bid/ask or overnight-session venue feed; after-hours bar volumes and extremes may include late regular-session batches and are not reliable liquidity/support measures",3112,434,0.2233290488431876,"[0.20066665549057924, 0.24713559580127814]",0.0301340933381603,0.0933180334317835,0.3995091232137018,15.077250146865845,-0.37805552359239675,False,True,73.9437618629856,False,0.43927472985535077
ALAB,True,0.1888650039535238,0.0241194367413995,0.1743556901362468,0.4804669107304215,0.1921517920364163,0.025182802276395,0.1280760217245874,0.4139145162874204,0.1905083979949701,0.0246511195088972,0.1512158559304171,0.4471907135089209,357.8399963378906,1.858756888410995,0.6474004761371548,22.869060715355893,6.390862103005883,61.34066468222099,323.3129404515822,314.8376463561626,17.432111726909305,20.492956798484418,0.4934245079068177,366.7000122070313,349.2099914550781,377.8699951171875,1263021747.8121948,634,2.4759713726283827,,359.8,2026-09-29 19:49:47-04:00,0.7450668833333334,after_hours,0.5477318584193869,,361.39,356.28,2026-09-29 16:00:01-04:00,"Vendor latest observation, no executable bid/ask or overnight-session venue feed; after-hours bar volumes and extremes may include late regular-session batches and are not reliable liquidity/support measures",3153,434,0.2213764668569616,"[0.19944533798211184, 0.24493482816570247]",0.0032867880828925,1.5097714906640007,0.29000374083965064,330.0479995727539,1.2862748479523662,False,True,56.90291709237064,False,0.28356920674315067
MDB,True,0.1796970085342183,0.0323859069632626,0.1355815010643693,0.4714833398199698,0.1952572289612169,0.0158496743402412,0.1751394141188255,0.5191369392500498,0.1874771187477176,0.0241177906517519,0.1553604575915974,0.4953101395350098,337.19000244140625,0.7499730550241113,3.2639083966788536,27.81171302327272,8.24808352024185,37.68946951940275,388.8229280989208,383.1375310392432,-28.68671222799135,-25.62586715641624,0.5782143729073661,349.0,321.0,455.9700012207031,1065447271.9622804,2247,3.5024755992419943,,336.11,2026-09-29 19:49:08-04:00,1.4044088666666668,after_hours,-0.3202949178761294,,337.48,332.9265,2026-09-29 16:00:01-04:00,"Vendor latest observation, no executable bid/ask or overnight-session venue feed; after-hours bar volumes and extremes may include late regular-session batches and are not reliable liquidity/support measures",3237,434,0.2205746061167748,"[0.1975812608916544, 0.24479964311029148]",0.0155602204269986,-1.8565172743695573,-0.26181427949991165,361.0329956054687,-1.6702676774080047,False,True,8.047179360636068,False,0.28727542149380547
ABCL,True,0.1769791101736223,0.0191729381927557,0.1533262838830483,0.5042064905170432,0.189482363517147,0.0156346158963803,0.1613936606679176,0.620714877011717,0.1832307368453846,0.017403777044568,0.1573599722754829,0.5624606837643802,14.81999969482422,6.465514465499123,2.073396520042856,0.8102096981528023,5.467002124404647,76.93719618481147,12.265035435315363,10.555283589909433,26.033234072763012,29.094079144338124,0.7999995761445686,15.0,14.100000381469728,14.229999542236328,52606865.57137966,1455,1.2145769830119946,,14.98,2026-09-29 19:49:13-04:00,1.324762166666667,after_hours,1.0796242137013137,2681.0,14.98,14.72,2026-09-29 16:00:01-04:00,"Vendor latest observation, no executable bid/ask or overnight-session venue feed; after-hours bar volumes and extremes may include late regular-session batches and are not reliable liquidity/support measures",3333,433,0.2178217821782178,"[0.1969290369071176, 0.24098790132542272]",0.0125032533435247,3.153460474904114,1.1996660344727847,8.012750029563904,2.662341853514226,False,False,98.59120718381541,False,0.012000020345052098
SMR,True,0.1594747232775572,0.0270355327734026,0.1482606455348284,0.3778955613921622,0.2026189224299552,0.0230510542589066,0.1889578070526598,0.4770318934100643,0.1810468228537562,0.0250432935161546,0.1686092262937442,0.4274637274011132,7.760000228881836,-1.8963289686958484,0.7986129102754328,0.6283873925043933,8.097775437758457,38.84564631876171,8.75786216477625,9.16132080644404,-19.349951374878504,-16.28910630330339,0.0243908112282399,8.15999984741211,7.75,11.369999885559082,332752253.8018513,1150,5.154634107374378,,7.83,2026-09-29 19:47:15-04:00,3.2945399833333338,after_hours,0.9020588795556116,1108127.0,7.8841,7.72,2026-09-29 16:00:02-04:00,"Vendor latest observation, no executable bid/ask or overnight-session venue feed; after-hours bar volumes and extremes may include late regular-session batches and are not reliable liquidity/support measures",3389,434,0.2165830628503983,"[0.1939111998431728, 0.24014521838263814]",0.0431441991523979,-1.5879725592798843,-0.7461617576582241,9.67299997806549,-1.408449191627763,False,True,2.9686815704225618,False,0.8648554427666508
SNDK,True,0.1724558414668772,0.022638827651375,0.1654015421748175,0.4481062378119474,0.1880427688746802,0.0284891196780797,0.1250733527033315,0.3947820730473375,0.1802493051707787,0.0255639736647274,0.1452374474390745,0.4214441554296425,1729.760009765625,0.9848849005433592,0.5594697052017495,108.1667563835388,6.2532811356989875,54.219519520943614,1685.5333294154166,1612.569010388529,7.347022655221114,10.407867726796226,0.6474108981773308,1749.780029296875,1693.0,1909.47998046875,17767203350.282593,408,1.157387118341502,,1725.0001,2026-09-29 19:49:55-04:00,0.6114140333333334,after_hours,-0.2751774661659545,256710.0,1731.92,1702.075,2026-09-29 16:00:00-04:00,"Vendor latest observation, no executable bid/ask or overnight-session venue feed; after-hours bar volumes and extremes may include late regular-session batches and are not reliable liquidity/support measures",3412,434,0.216295427901524,"[0.19410531130088166, 0.24063085461812275]",0.0155869274078029,0.4088749799743371,0.1588681301590461,1647.031982421875,0.42654044320131096,False,True,38.60395660587544,False,0.2653043511533735
FSLY,True,0.1956396603737841,0.027482627921927,0.1615309810847437,0.4973017888991323,0.1637981707683168,0.0123999839293084,0.1746130142603209,0.4789602003323268,0.1797189155710505,0.0199413059256177,0.1680719976725323,0.4881309946157295,25.479999542236328,2.2471888612677127,0.4905597674576732,2.506013400582322,9.835217604412772,52.79635349043899,24.840681124357747,23.710145161634955,8.742570982156717,11.80341605373183,0.9549539487249984,25.530000686645508,24.420000076293945,31.329999923706055,208368199.4341755,1852,0.1962368340167941,,25.5365,2026-09-29 19:47:21-04:00,3.189126283333333,after_hours,0.2217443437156019,100.0,25.65,25.1112,2026-09-29 16:00:01-04:00,"Vendor latest observation, no executable bid/ask or overnight-session venue feed; after-hours bar volumes and extremes may include late regular-session batches and are not reliable liquidity/support measures",3414,434,0.2182190978324546,"[0.1961546702279378, 0.24225412512191352]",0.0318414896054673,0.2551137267382619,0.6744499219182708,20.8752498626709,0.6348935897436144,False,True,49.21562623399746,False,0.2682366523390931
ARM,True,0.169052558852101,0.0238842651360179,0.155590314368324,0.4155428806504216,0.1775586337338233,0.0187960611904919,0.1483380719347897,0.4114472978871363,0.1733055962929622,0.0213401631632549,0.1519641931515569,0.413495089268779,293.6700134277344,3.64946435093676,1.0798122842496272,19.678938411778525,6.7010377335039255,54.76730766203451,282.0053807189036,274.81332426612516,18.335545727509572,21.396390799084685,0.4741726377732971,301.0,287.0600891113281,336.9800109863281,1571174363.990631,763,2.4959942238261146,,295.38,2026-09-29 19:49:30-04:00,1.0314147333333332,after_hours,0.5822816406437115,244875.0,296.0,293.32,2026-09-29 16:00:00-04:00,"Vendor latest observation, no executable bid/ask or overnight-session venue feed; after-hours bar volumes and extremes may include late regular-session batches and are not reliable liquidity/support measures",3530,434,0.218413597733711,"[0.19770208584969864, 0.24235602474651388]",0.0085060748817223,0.5927470509206473,-0.021109740962040806,295.9590019226074,0.6484229862069815,False,True,42.76315472827312,False,0.3512922343518038
COHR,True,0.1693050943272834,0.0252349042692195,0.1590138316911987,0.4031476301854231,0.1717394829229679,0.0195468220093252,0.1502940533155829,0.3983239722228186,0.1705222886251257,0.0223908631392724,0.1546539425033908,0.4007358012041209,292.2099914550781,3.4554713493490485,0.8610832923097103,20.40822306904626,6.98409488581216,48.8255064936562,294.91346072394305,301.91895459439047,2.1149838805931465,5.17582895216826,0.3769998335733254,302.7200012207031,285.8500061035156,332.8599853515625,1851745120.9654236,2513,3.5967318274401805,,294.1,2026-09-29 19:46:24-04:00,4.1294571499999995,after_hours,0.6467980562575804,327408.0,294.847,291.9971,2026-09-29 16:00:03-04:00,"Vendor latest observation, no executable bid/ask or overnight-session venue feed; after-hours bar volumes and extremes may include late regular-session batches and are not reliable liquidity/support measures",3581,434,0.2139067299636972,"[0.19291071980275393, 0.23651977544511815]",0.0024343885956844,-0.1324696059876644,-0.43949372642865187,330.4239990234375,0.057523722224983594,False,True,56.03185986839309,False,0.33588638305664065
IREN,True,0.1599081793180586,0.023749912512022,0.1519383872081901,0.4138331279851364,0.1756802831700546,0.0241399767255035,0.1385612230409439,0.3951252261901833,0.1677942312440566,0.0239449446187628,0.145249805124567,0.4044791770876598,41.380001068115234,-0.814957197122923,0.916979877629458,2.8473316238001165,6.880936564291408,45.281864441696165,43.65985210741207,43.27058741641672,8.430463555046575,11.491308626621688,0.2139046814725964,42.849998474121094,40.97999954223633,49.369998931884766,1606031409.5251656,1220,3.5524344322420687,,41.6824,2026-09-29 19:49:52-04:00,0.6668383,after_hours,0.7307852201042575,1391089.0,41.7,41.19,2026-09-29 16:00:01-04:00,"Vendor latest observation, no executable bid/ask or overnight-session venue feed; after-hours bar volumes and extremes may include late regular-session batches and are not reliable liquidity/support measures",3660,434,0.210655737704918,"[0.19010882849808416, 0.2335252897079593]",0.015772103851996,-0.8006974039272929,-0.27954376451705937,46.199250030517575,-0.860489483193293,False,True,3.440433149281445,False,0.46168857044882616
VICR,True,0.1563998365157877,0.018238735319113,0.1489313625842933,0.4048512443970446,0.1713548169682208,0.0134138110778342,0.1450250822506461,0.42402074153958,0.1638773267420042,0.0158262731984736,0.1469782224174697,0.4144359929683123,290.67999267578125,1.9572032454603372,0.5813101008196448,17.389633763844632,5.982397895282971,72.19775765266844,237.3673543607814,229.577399944279,51.81980498148269,54.8806500530578,0.5287095004995233,297.0,283.5899963378906,291.5299987792969,201943159.4556427,2513,2.1742147665690714,,291.8171,2026-09-29 19:47:02-04:00,3.4976251333333335,after_hours,0.3911887136611502,16245.0,292.0,284.01,2026-09-29 16:00:00-04:00,"Vendor latest observation, no executable bid/ask or overnight-session venue feed; after-hours bar volumes and extremes may include late regular-session batches and are not reliable liquidity/support measures",3799,434,0.2050539615688339,"[0.18512997380447044, 0.22725413397802058]",0.014954980452433,3.065771196736985,0.4015390044774709,252.79899826049805,1.673021851847286,False,True,92.55458175074654,False,0.24035019649205358
WULF,True,0.1469019510645854,0.022427019487216,0.140791256941994,0.3605821876241024,0.1682000836733757,0.0192495479678391,0.159754847644114,0.3950686716099624,0.1575510173689805,0.0208382837275275,0.150273052293054,0.3778254296170324,15.09000015258789,-0.1984109338508899,0.7624006541596614,1.0833666913554194,7.179368326047533,42.60373259324635,16.135163880582812,17.19310084727255,-3.325220230533965,-0.2643751589588516,0.2519685512394025,15.5649995803833,14.93000030517578,18.079999923706055,450570263.79452705,2513,3.14777616297075,,15.22,2026-09-29 19:49:16-04:00,1.27325155,after_hours,0.8614966606863561,1085634.0,15.2892,15.09,2026-09-29 16:00:00-04:00,"Vendor latest observation, no executable bid/ask or overnight-session venue feed; after-hours bar volumes and extremes may include late regular-session batches and are not reliable liquidity/support measures",3994,435,0.1957936905358037,"[0.1766870892721859, 0.2166217528421434]",0.0212981326087902,-0.9647368119535766,-0.6288812274711252,20.222499799728393,-1.0648803552248451,False,True,3.0357329987974335,False,0.49430294653402673
ASTS,True,0.1484218632664712,0.0200855546508342,0.1403718350419861,0.3932075750549139,0.1652512859382264,0.0225249084219216,0.1508374046995862,0.5170171418637423,0.1568365746023488,0.0213052315363779,0.1456046198707862,0.455112358459328,59.400001525878906,-2.6229483182312996,1.6323491119735898,4.168931808144627,7.018403537125065,45.463821233613984,61.36255292582398,64.60951376000241,-2.553225681552318,0.5076193900227954,0.1190130286595075,65.47000122070312,58.58000183105469,67.19999694824219,595017596.6607857,1735,10.218854442587322,,59.83,2026-09-29 19:50:00-04:00,0.5347274833333333,after_hours,0.7239031364902448,713172.0,59.88,59.3,2026-09-29 16:00:01-04:00,"Vendor latest observation, no executable bid/ask or overnight-session venue feed; after-hours bar volumes and extremes may include late regular-session batches and are not reliable liquidity/support measures",4025,435,0.1957763975155279,"[0.17604491621913337, 0.21668060631096508]",0.0168294226717552,-0.4707564168142388,-0.4479838111069273,73.73050060272217,-0.719973454523006,False,True,16.414022268578517,False,0.5562527920585902
CRWV,True,0.1537135316190302,0.0228499732098199,0.1514013785012102,0.4013679095791376,0.1554015556784373,0.018783500983802,0.1392897997166346,0.399880736279062,0.1545575436487337,0.020816737096811,0.1453455891089224,0.4006243229290999,85.93000030517578,1.010932894600547,0.8822400499295815,5.414920399210027,6.30154821363811,48.93003801055129,86.48019942977753,87.95566707614213,-1.8357291297623537,1.22511594181276,0.1480580057066528,90.47000122070312,85.14099884033203,104.58999633789062,2521540024.078903,378,5.283371231704614,,86.2003,2026-09-29 19:49:47-04:00,0.7500148166666667,after_hours,0.3145580051952423,853521.0,87.4971,85.7,2026-09-29 16:00:01-04:00,"Vendor latest observation, no executable bid/ask or overnight-session venue feed; after-hours bar volumes and extremes may include late regular-session batches and are not reliable liquidity/support measures",4076,435,0.1935721295387635,"[0.17536580926182121, 0.21301568814796168]",0.001688024059407,-0.1016079801804684,-0.23933765519067185,92.02924957275391,-0.075285492227057,False,True,42.13999953793435,False,0.43909920354497933
VKTX,True,0.1461360072535797,0.0240020411696478,0.1270928753568252,0.3643972278927648,0.1595434605922358,0.0143701345432736,0.1671057558140042,0.4181664438921511,0.1528397339229077,0.0191860878564607,0.1470993155854147,0.3912818358924579,31.809999465942383,-3.6936099256509314,1.133031042407051,2.7904852262303494,8.772352320275905,45.64515349713911,33.71244896253754,33.7406286511255,-6.019964502559116,-2.959119430984003,0.1751310665100977,33.64690017700195,31.420000076293945,43.099998474121094,260066785.76942444,2513,5.774601514930122,,32.0614,2026-09-29 19:49:19-04:00,1.2252382333333334,after_hours,0.7903192023840822,393559.0,32.2199,31.81,2026-09-29 16:00:00-04:00,"Vendor latest observation, no executable bid/ask or overnight-session venue feed; after-hours bar volumes and extremes may include late regular-session batches and are not reliable liquidity/support measures",4150,435,0.1939759036144578,"[0.17604578665199955, 0.21330550246578767]",0.0134074533386561,-0.6817629703652538,-0.2294665823250282,33.216499996185306,-0.4379254618163736,False,True,10.5966150701462,False,0.26280420994042
SMTC,True,0.1458291864458897,0.0187439754401979,0.1424409859674413,0.4099353634471164,0.1533292872870734,0.01376150831019,0.1458600225552455,0.4391184449128122,0.1495792368664816,0.0162527418751939,0.1441505042613434,0.4245269041799643,180.10000610351562,3.0438307365687756,0.8241703284174458,11.470987586373523,6.3692322030130155,60.628308172626774,164.91827117673847,151.27479748105378,32.39342464059085,35.45426971216597,0.4016522299437293,184.4499969482422,177.17999267578125,190.63999938964844,534828237.9046631,2513,2.415319654251613,,181.0,2026-09-29 19:47:45-04:00,2.780800816666667,after_hours,0.4997189705630012,120711.0,183.0,177.408,2026-09-29 16:00:00-04:00,"Vendor latest observation, no executable bid/ask or overnight-session venue feed; after-hours bar volumes and extremes may include late regular-session batches and are not reliable liquidity/support measures",4267,435,0.1910007030700726,"[0.17284063844900346, 0.21074517598223536]",0.0075001008411836,1.3234897878201572,0.9133164829778191,146.5115005493164,1.0424467652552372,False,False,65.19715329426782,False,0.05528741775009216
LITE,True,0.1466021063157062,0.0200105439192967,0.1421078313280998,0.4086516049994487,0.1477832836116228,0.0156467346193223,0.1327347627742244,0.4261349568858845,0.1471926949636645,0.0178286392693095,0.1374212970511621,0.4173932809426666,973.489990234375,5.662525777734162,1.3573304727123576,63.27067342846544,6.499365588056283,57.33880576495179,919.3309894087828,885.9078426745139,3.359415963206835,6.420261034781949,0.6055920054611651,998.8800048828124,934.5050048828124,1026.760009765625,4075829674.189453,2513,2.608143371081262,,980.0,2026-09-29 19:49:22-04:00,1.1626168166666666,after_hours,0.6687289885803249,,981.9,971.0,2026-09-29 16:00:01-04:00,"Vendor latest observation, no executable bid/ask or overnight-session venue feed; after-hours bar volumes and extremes may include late regular-session batches and are not reliable liquidity/support measures",4364,435,0.1881301558203483,"[0.17061742310093636, 0.20716633132126086]",0.0011811772959166,0.8559890055038675,0.7361330580036628,861.18525390625,1.2845651109362046,False,True,82.23173336081693,False,0.1033362113387718
APLD,True,0.1392923291070011,0.0215451622262404,0.1353614714823482,0.3477199841440402,0.1536000129203638,0.0198072700776915,0.1355723430545114,0.3459316677779412,0.1464461710136825,0.0206762161519659,0.1354669072684298,0.3468258259609907,25.40999984741211,3.587440424515309,1.0271191819532266,1.70374330081212,6.7050110627436235,44.940038620944456,26.508905271541312,28.212637175064604,-3.0608450715751134,0.0,0.7903223573602906,25.670000076293945,24.43000030517578,29.149999618530273,406668124.46878433,1119,1.023220111936829,,25.52,2026-09-29 19:49:17-04:00,1.2609103666666668,after_hours,0.4329010360033303,,25.61,25.27,2026-09-29 16:00:01-04:00,"Vendor latest observation, no executable bid/ask or overnight-session venue feed; after-hours bar volumes and extremes may include late regular-session batches and are not reliable liquidity/support measures",4388,435,0.1886964448495897,"[0.17115091603450994, 0.20777706650209968]",0.0143076838133627,-0.6449947146412197,-0.5162829859518835,33.42450008392334,-0.512784567657167,False,True,43.94333431099721,False,0.49906356605657076
ACMR,True,0.1459036405486942,0.0181053281684434,0.147179018455104,0.3992955944535558,0.1420538853365232,0.0180295793826418,0.1321623061617955,0.3952779061678244,0.1439787629426087,0.0180674537755426,0.1396706623084497,0.3972867503106901,75.61000061035156,-0.4476581323924478,0.6383707746056914,4.911807442043886,6.4962404475518865,51.15070800589443,74.26965174912242,76.86889779210868,0.7705212113413129,3.8313662829164263,0.2000007775173095,78.75,74.82499694824219,82.77999877929688,78961438.45127106,2237,4.152888988627446,,75.61,2026-09-29 19:30:05-04:00,20.448888783333334,after_hours,-8.072365553779548e-07,,76.1,74.5,2026-09-29 16:00:01-04:00,"Vendor latest observation, no executable bid/ask or overnight-session venue feed; after-hours bar volumes and extremes may include late regular-session batches and are not reliable liquidity/support measures",4515,435,0.1869324473975636,"[0.16924949248705248, 0.20574987338407366]",0.003849755212171,0.2728830226030611,-0.313953706396744,83.29850006103516,0.7649863495540749,False,True,32.58793906261567,False,0.40553503295053794
RCAT,True,0.1255763174808744,0.0187532374356037,0.1341673271776348,0.334433437143321,0.1521081999055734,0.0204052075057821,0.1539746975965069,0.3595381002826336,0.1388422586932239,0.0195792224706929,0.1440710123870708,0.3469857687129773,6.449999809265137,-0.7692337036132812,0.6139985496837088,0.4659671038137906,7.224296396791356,31.668388643658197,7.395492746377525,8.297399750748001,-27.97353779927012,-24.912692727695006,0.1333322030521829,6.644999980926514,6.420000076293945,8.979999542236328,63806940.35709143,2513,3.023258564771858,,6.49,2026-09-29 19:49:30-04:00,1.0353441333333333,after_hours,0.6201580142282337,,6.5,6.43,2026-09-29 16:00:01-04:00,"Vendor latest observation, no executable bid/ask or overnight-session venue feed; after-hours bar volumes and extremes may include late regular-session batches and are not reliable liquidity/support measures",4795,435,0.1876955161626694,"[0.1704745926094487, 0.2063202672342045]",0.026531882424699,-2.029098040127368,-0.7559633192225694,9.412499928474427,-1.3876854585241551,False,True,13.35317749128811,False,0.6565495434804887
RDW,True,0.1193982951660227,0.0153358389233986,0.1229694531882289,0.3743202929715282,0.1258564051307769,0.0150521842649992,0.127365364618996,0.4194997182104669,0.1226273501483998,0.0151940115941989,0.1251674089036125,0.3969100055909976,10.729999542236328,-4.196431027079162,1.0645649055655133,0.7416060219062888,6.911519604330985,45.559405953736245,11.167336044358406,11.293469756437574,-2.7804737303979365,0.2803713411771769,0.0833332505491077,11.609999656677246,10.649999618530272,12.06999969482422,141111057.56286144,1433,8.201306169464285,,10.7997,2026-09-29 19:49:20-04:00,1.2017002499999998,after_hours,0.6495849090143002,1125947.0,10.7997,10.6846,2026-09-29 16:00:02-04:00,"Vendor latest observation, no executable bid/ask or overnight-session venue feed; after-hours bar volumes and extremes may include late regular-session batches and are not reliable liquidity/support measures",5845,434,0.1647562018819504,"[0.1498461577474234, 0.18107157268233628]",0.0064581099647542,-0.5897154138499436,-0.27098817469500325,12.789500045776368,-0.4661994031294169,False,True,8.665062807092246,False,0.5972222301774637
LUNR,True,0.116366263600042,0.0155465951694482,0.1205068860070078,0.3491694368068338,0.1279785985506192,0.0158212237067525,0.1330518726886232,0.3907373941102296,0.1221724310753306,0.0156839094381003,0.1267793793478155,0.3699534154585317,14.550000190734863,-4.276313333465087,0.9276779227786968,1.0402020240058711,7.149154710446328,44.8276519474896,15.191529138518716,16.263008943972075,-8.334279212507944,-5.273434140932832,0.009950475366263,15.545000076293944,14.539999961853027,16.260000228881836,106216957.09479332,1220,6.838487096327861,,14.66,2026-09-29 19:49:40-04:00,0.868217,after_hours,0.75601242490142,592693.0,14.66,14.55,2026-09-29 16:00:00-04:00,"Vendor latest observation, no executable bid/ask or overnight-session venue feed; after-hours bar volumes and extremes may include late regular-session batches and are not reliable liquidity/support measures",5863,434,0.1632270168855534,"[0.14846394415929853, 0.17928413137598204]",0.0116123349505771,-0.6167349543440547,-0.3588103409964911,20.84450011253357,-0.46422120709080444,False,True,10.021743929749407,False,0.6887700493960457
KRMN,True,0.1070092054570912,0.0158141806065201,0.115073696728835,0.3051094451701195,0.1358494391547013,0.017762811889086,0.1473055190412765,0.3582321442978241,0.1214293223058963,0.016788496247803,0.1311896078850557,0.3316707947339719,32.86000061035156,-2.4346784067522886,0.6299772191600319,2.620255573037332,7.9739973352645,31.42429004231633,37.45381002734025,43.777450826777866,-23.78460862882028,-20.723763557245167,0.1813722831930557,34.529998779296875,32.4900016784668,45.220001220703125,156932090.89784622,408,5.082161101418947,,33.24,2026-09-29 19:23:23-04:00,27.1627703,after_hours,1.1564193018570146,602968.0,33.73,32.7656,2026-09-29 16:00:02-04:00,"Vendor latest observation, no executable bid/ask or overnight-session venue feed; after-hours bar volumes and extremes may include late regular-session batches and are not reliable liquidity/support measures",5916,434,0.1632860040567951,"[0.14856462089802422, 0.17924245973273595]",0.0288402336976101,-1.7531913544080997,-0.9788360742408196,49.623999404907224,-1.318334758636882,False,True,18.3776704345509,False,0.7224193159929914
OKLO,True,0.1113208981491522,0.0161271592848338,0.1215414213590212,0.2968598233490109,0.1307571544963076,0.0165380567392665,0.1352618115273913,0.3379648348906089,0.1210390263227299,0.0163326080120501,0.1284016164432063,0.3174123291198099,37.11000061035156,0.0,0.7569999345043682,2.3692542840917565,6.384409175759675,42.857366331981886,38.993615234015735,42.11746902112248,-11.589312191366762,-8.52846711979165,0.2043788303627863,38.20000076293945,36.83000183105469,44.779998779296875,383304159.6046257,1313,2.93721405190126,,37.2318,2026-09-29 19:48:58-04:00,1.5777278666666668,after_hours,0.3282117694561881,1158613.0,37.35,37.08,2026-09-29 16:00:02-04:00,"Vendor latest observation, no executable bid/ask or overnight-session venue feed; after-hours bar volumes and extremes may include late regular-session batches and are not reliable liquidity/support measures",5962,434,0.1633679973163368,"[0.14840452183808805, 0.17904167550602215]",0.0194362563471553,-0.7950242556536088,-0.5816668116503608,48.58599987030029,-0.8225793552115427,False,True,7.585085995500449,False,0.8085534393755169
SEI,True,0.1097078398252725,0.0147569367097449,0.1164592144553411,0.3423791378002927,0.1242923302934116,0.0132201271394528,0.1260798801375516,0.378149374560153,0.117000085059342,0.0139885319245989,0.1212695472964463,0.3602642561802228,68.33999633789062,-1.1713740710260767,0.7946792274552987,4.185312571436041,6.1242505058718075,57.402314968713576,65.03067443710326,62.79092974824457,31.811046010172305,34.87189108174742,0.1794913596348223,71.21990203857422,67.70999908447266,72.16899871826172,182127351.7085075,2358,4.2140852429148445,,67.5,2026-09-29 19:14:12-04:00,36.346266199999995,after_hours,-1.229143082972184,197799.0,69.9,67.5,2026-09-29 16:00:03-04:00,"Vendor latest observation, no executable bid/ask or overnight-session venue feed; after-hours bar volumes and extremes may include late regular-session batches and are not reliable liquidity/support measures",6271,433,0.1601020570881837,"[0.1455596335042109, 0.17567731861480426]",0.014584490468139,0.7906988652108942,0.1379526141069405,65.73657207489013,0.684695226334603,False,True,27.29500398613665,False,0.20554058828231325
INTC,True,0.1062667262785847,0.0131315861239538,0.1151190997095062,0.3459637793420635,0.1149068832922547,0.0132752559809894,0.1104719882456759,0.3467510972690286,0.1105868047854197,0.0132034210524716,0.112795543977591,0.3463574383055461,115.93000030517578,-0.0861832932630646,0.8056282755594371,6.291791752590774,5.427233447794507,58.40940185859422,110.19289882465888,104.63804736160976,26.455407345372866,29.516252416947975,0.4100417541865914,118.75,113.97000122070312,127.44000244140624,11541514503.655811,2513,2.4325021024763416,,116.69,2026-09-29 19:49:48-04:00,0.7311181666666666,after_hours,0.6555677502144253,686767.0,116.88,115.79,2026-09-29 16:00:01-04:00,"Vendor latest observation, no executable bid/ask or overnight-session venue feed; after-hours bar volumes and extremes may include late regular-session batches and are not reliable liquidity/support measures",6888,433,0.1534552845528455,"[0.13911994562582494, 0.16883862630309518]",0.00864015701367,0.9118390604956894,0.31018351948545964,107.55600013732911,0.731524574912724,False,True,16.01193392852278,True,0.18559890878492447
ONTO,True,0.1160237952288037,0.0145888036797021,0.1241779949224208,0.3184259698319356,0.1042810926067414,0.014566115899256,0.100307238333776,0.2819209310362848,0.1101524439177726,0.014577459789479,0.1122426166280984,0.3001734504341102,304.69000244140625,5.524005245717567,0.7706111403265167,15.51996897687639,5.093691572588101,60.70817069482586,278.2124957869871,281.3261815311242,10.965580655334527,14.026425726909642,0.9893684138423324,304.7799987792969,296.31500244140625,292.3599853515625,224745158.4867096,1739,0.0295370170237063,,305.0,2026-09-29 17:35:58-04:00,134.56362546666665,after_hours,0.1017419528405394,75864.0,305.0,304.0,2026-09-29 16:00:02-04:00,"Vendor latest observation, no executable bid/ask or overnight-session venue feed; after-hours bar volumes and extremes may include late regular-session batches and are not reliable liquidity/support measures",6936,433,0.1523933102652825,"[0.13801153946628084, 0.1678944703834351]",0.0117427026220623,1.70602832350172,0.30389238511919003,288.57999954223635,2.0879392733767457,False,False,97.74424602523993,False,0.21158720390640173
TEM,True,0.1114202371617789,0.0122723473868098,0.1150766616659966,0.381882034362554,0.1082127669778505,0.009339621992942,0.1245539128535186,0.3954718690987652,0.1098165020698147,0.0108059846898759,0.1198152872597576,0.3886769517306596,82.58000183105469,-2.938410844142092,0.904428270479348,4.926189883374136,5.965354533961289,67.52306015057374,73.61967316574096,65.22557725239452,27.914575753671265,30.97542082524638,0.1094395785149498,89.08999633789062,81.77999877929688,86.44000244140625,501147426.18911743,574,7.8832578862789715,,82.57,2026-09-29 19:49:17-04:00,1.2574704333333335,after_hours,-0.0121116866467985,288737.0,82.77,82.0,2026-09-29 16:00:00-04:00,"Vendor latest observation, no executable bid/ask or overnight-session venue feed; after-hours bar volumes and extremes may include late regular-session batches and are not reliable liquidity/support measures",6965,433,0.1514716439339554,"[0.137128238693961, 0.16678442608742033]",0.0032074701839283,1.818916622673191,1.152806192122079,56.33500003814697,1.2545352703085733,False,False,36.5368923050114,False,0.2083972193957756
TSEM,True,0.1071294810251427,0.0139291030225915,0.1184217195933494,0.2969715923073514,0.1072649188547749,0.0119037548811122,0.1148892058110061,0.3027557616156948,0.1071971999399588,0.0129164289518518,0.1166554627021777,0.299863676961523,234.42999267578125,3.711732276963908,0.5999134661881856,13.550277162674965,5.780095374321458,55.51601924783542,222.09033968122316,224.84551469258304,11.267362286026072,14.328207357601189,0.6687886430527951,237.5500030517578,228.1300048828125,240.0,428075573.3992005,2513,1.3308921526485662,,234.44,2026-09-29 19:38:09-04:00,12.382375683333333,after_hours,0.0042687900573268,163809.0,236.5,231.1185,2026-09-29 16:00:00-04:00,"Vendor latest observation, no executable bid/ask or overnight-session venue feed; after-hours bar volumes and extremes may include late regular-session batches and are not reliable liquidity/support measures",7189,433,0.1473083878147169,"[0.1334889905987135, 0.16247431539140866]",0.0001354378296322,0.9106568704401408,-0.13313907376000073,240.65650100708007,1.3489195677322605,True,True,73.88415161279765,False,0.26726889139561494
MSTR,True,0.1027884527204231,0.0134715727767154,0.1078283595246977,0.3031682862237108,0.1088517116779838,0.0104719279931506,0.1231262821608981,0.3467222317048239,0.1058200821992035,0.011971750384933,0.1154773208427979,0.3249452589642673,154.6699981689453,-1.5718475437806578,0.6723261903178614,8.753047306635525,5.659175929564965,60.33507728935909,144.9303674134981,130.4006628400427,13.284871288041057,16.34571635961617,0.2510778165459227,161.6199951171875,152.33999633789062,171.19000244140625,3484475134.7968674,2513,4.493435721548744,,155.59,2026-09-29 19:49:27-04:00,1.08929035,after_hours,0.5948159578108791,1365319.0,156.05,154.4,2026-09-29 16:00:01-04:00,"Vendor latest observation, no executable bid/ask or overnight-session venue feed; after-hours bar volumes and extremes may include late regular-session batches and are not reliable liquidity/support measures",7325,433,0.1449829351535836,"[0.1315164131269217, 0.15954660205760016]",0.0060632589575607,1.112713140264167,0.5903399491541691,121.8384994506836,0.7343913225864948,False,True,8.797390178511057,True,0.5764902335976474
CIEN,True,0.097967057144074,0.0131164667772147,0.1080787409764079,0.2823566374824353,0.0961569292775877,0.0113600670949266,0.1135854398084391,0.2871127425275993,0.0970619932108309,0.0122382669360707,0.1108320903924235,0.2847346900050173,354.9200134277344,3.1174673611139347,0.779425735728938,21.80856463896612,6.144642120444015,48.04748455575398,355.9623440278672,378.2402329555818,-10.344015200700827,-7.283170129125716,0.8869432416023194,356.2099914550781,344.79998779296875,382.94000244140625,977347997.82135,2513,0.3634559840357987,,355.96,2026-09-29 19:44:35-04:00,5.947941066666667,after_hours,0.2930199856079341,213756.0,355.96,347.3115,2026-09-29 16:00:02-04:00,"Vendor latest observation, no executable bid/ask or overnight-session venue feed; after-hours bar volumes and extremes may include late regular-session batches and are not reliable liquidity/support measures",8372,432,0.1322264691829909,"[0.11988999164520694, 0.14554030597766657]",0.0018101278664863,-0.0477945530752827,-0.49723924475851067,428.8789993286133,0.6568307851870082,False,True,60.32807523415094,False,0.4432714655598622
PL,True,0.089132528567555,0.0119301710643374,0.1034485059744875,0.274145393404951,0.1033660382883318,0.0148035704182129,0.1197068829045923,0.3054349266378152,0.0962492834279434,0.0133668707412752,0.1115776944395399,0.2897901600213831,16.3799991607666,-2.325589065899636,0.8022318713141623,1.0647134058501948,6.500082175830618,36.32258747793205,17.65245039609624,20.56096068035446,-20.541959197610215,-17.481114126035102,0.2499991485042625,17.219999313354492,16.100000381469727,20.3799991607666,226299440.54463387,1364,5.128206322500062,,16.3982,2026-09-29 19:44:28-04:00,6.068520716666667,after_hours,0.1111162403292009,2130741.0,16.44,16.3155,2026-09-29 16:00:02-04:00,"Vendor latest observation, no executable bid/ask or overnight-session venue feed; after-hours bar volumes and extremes may include late regular-session batches and are not reliable liquidity/support measures",8482,432,0.1306295684979957,"[0.11865703367858846, 0.14366310702736398]",0.0142335097207767,-1.1951114998064285,-0.557077389838826,26.796999835968016,-0.7922362246399914,False,True,17.248205398725084,False,0.6835394186256727
MRVL,True,0.0962633897471706,0.0111519575899194,0.1092271804373061,0.3083164779514034,0.0949848516770243,0.0119874326739845,0.098179884807466,0.2992106144319318,0.0956241207120974,0.011569695131952,0.103703532622386,0.3037635461916677,263.2699890136719,4.513694082049047,0.8798619860477078,13.453887947408193,5.110300645285292,61.56423554200807,243.6172489717692,232.01027325146603,21.322592733685376,24.38343780526049,0.8502990850798575,264.3949890136719,256.8800048828125,267.4800109863281,4318353990.056839,2513,0.4273179803800486,,264.74,2026-09-29 19:49:58-04:00,0.5615855,after_hours,0.558366334057081,1321452.0,264.77,262.4761,2026-09-29 16:00:00-04:00,"Vendor latest observation, no executable bid/ask or overnight-session venue feed; after-hours bar volumes and extremes may include late regular-session batches and are not reliable liquidity/support measures",8559,432,0.1303890641430073,"[0.11835503055916068, 0.1435643128752967]",0.0012785380701462,1.46074800969995,0.48558042590030426,230.50352478027344,1.373877680298156,False,True,70.08900972299207,False,0.20172507556806307
GLW,True,0.0944637566626684,0.0126908146247821,0.1086502649959375,0.2621997389361727,0.0951930222473751,0.0112216336326502,0.1108308098733242,0.282913628242078,0.0948283894550217,0.0119562241287162,0.1097405374346308,0.2725566835891254,158.7100067138672,4.696886699638303,0.8564984761878652,8.188894274609341,5.159658451387263,53.17850648491596,154.35129059788022,157.65892795319672,3.649308409912688,6.710153481487802,0.5373933211616848,161.3699951171875,155.6199951171875,171.3000030517578,1335222603.0485537,2513,1.6760054758966136,,160.4,2026-09-29 19:35:10-04:00,15.379756383333334,after_hours,1.0648309587558913,7287780.0,160.68,158.71,2026-09-29 16:04:24-04:00,"Vendor latest observation, no executable bid/ask or overnight-session venue feed; after-hours bar volumes and extremes may include late regular-session batches and are not reliable liquidity/support measures",8652,432,0.1289875173370319,"[0.11710582159737276, 0.14175051190547844]",0.0007292655847066,0.5322716315317066,-0.2874106423573211,170.95864791870116,0.6038063254682289,True,True,72.94325510269275,False,0.4149353918869154
WDC,True,0.0977789812456105,0.0116902521148315,0.1113606338480418,0.3066843947360564,0.0889948420028585,0.0103043352388348,0.1101399995377549,0.3080239602118445,0.0933869116242345,0.0109972936768331,0.1107503166928984,0.3073541774739504,453.4800109863281,0.0551596306378687,0.9176185443678064,26.982046190717423,5.949996810671088,48.77699690556325,453.5831918546605,470.54658939497,-2.3782121570539383,0.6826329145211751,0.3462163454923108,465.6600036621094,447.0299987792969,495.489990234375,2951261165.205536,2513,2.685894059429317,,454.3,2026-09-29 19:49:58-04:00,0.5620868333333333,after_hours,0.1808214240553551,464427.0,455.0,452.0,2026-09-29 16:00:01-04:00,"Vendor latest observation, no executable bid/ask or overnight-session venue feed; after-hours bar volumes and extremes may include late regular-session batches and are not reliable liquidity/support measures",8874,432,0.127789046653144,"[0.11564093275132908, 0.1406739895498734]",0.008784139242752,-0.0038240564708505,-0.4162885853585211,511.9922180175781,0.1948975819134078,False,True,40.56633053734985,False,0.4328758366328199
PATH,True,0.0853489139332904,0.0124093345561137,0.0988456035599813,0.2466381455794525,0.0987493560205471,0.0120521875094417,0.1209674174723431,0.2758459716548619,0.0920491349769188,0.0122307610327777,0.1099065105161622,0.2612420586171572,12.31999969482422,1.0664488836416464,0.6293294182743173,0.7825609808793106,6.351956170973559,34.28544799987259,13.789414877877109,13.985293171833789,-37.07263058588038,-34.011785514305274,0.916664900606112,12.350000381469728,11.989999771118164,18.829999923706055,844743605.6854677,1367,0.2435120729598061,,12.304,2026-09-29 19:37:34-04:00,12.972132633333333,after_hours,-0.1298676560109068,1300097.0,12.33,12.1967,2026-09-29 16:00:02-04:00,"Vendor latest observation, no executable bid/ask or overnight-session venue feed; after-hours bar volumes and extremes may include late regular-session batches and are not reliable liquidity/support measures",9059,432,0.1249586047025057,"[0.11292328009207417, 0.13815757639836454]",0.0134004420872567,-1.8777005485269735,-0.09624673523847758,12.752000045776366,-1.0394253585097124,False,True,34.611675704301334,False,0.3790322782221742
FN,True,0.097398245496338,0.0130780270792447,0.1074932917308734,0.2638874909323669,0.0863873347354556,0.0116112596921201,0.1021911648617197,0.2600334589695324,0.0918927901158968,0.0123446433856824,0.1048422282962966,0.2619604749509496,424.1199951171875,3.4539964770345044,0.962006205952832,21.60422425337507,5.093894299278595,51.31309002470711,412.176488241564,448.08752211035016,-0.3509420275033648,2.7099030440717486,0.9620925013303718,424.6199951171875,411.4299926757813,428.5,310977499.62783813,2513,0.1178911642356839,,424.22,2026-09-29 19:18:57-04:00,31.582909466666667,after_hours,0.0235793841280473,87873.0,424.22,422.52,2026-09-29 16:00:03-04:00,"Vendor latest observation, no executable bid/ask or overnight-session venue feed; after-hours bar volumes and extremes may include late regular-session batches and are not reliable liquidity/support measures",9074,432,0.1247520387921534,"[0.11269863690519409, 0.13781876741375165]",0.0110109107608823,0.5528320172735521,-0.47314129124155047,519.1499954223633,1.745621083397222,True,True,81.83472461171468,False,0.43366851363843006
RBLX,True,0.0817877476520544,0.0127675210651422,0.0868495719718245,0.2404818244701488,0.1003570315162152,0.011758452287756,0.1142007655913893,0.3185509991043045,0.0910723895841348,0.0122629866764491,0.1005251687816069,0.2795164117872267,41.18000030517578,-1.624463199380899,1.5905002683037606,2.524431696515471,6.130237197201242,40.34242970882605,45.39265084041865,44.91548033544369,-3.3272548751898112,-0.2664098036146978,0.2770270096114935,42.25,40.77000045776367,51.959999084472656,531472030.4586601,1396,2.598347952634028,,41.21,2026-09-29 19:27:08-04:00,23.407325816666667,after_hours,0.0728501568768802,18151663.0,41.5695,41.17,2026-09-29 16:04:01-04:00,"Vendor latest observation, no executable bid/ask or overnight-session venue feed; after-hours bar volumes and extremes may include late regular-session batches and are not reliable liquidity/support measures",9210,432,0.1241042345276872,"[0.112224441604251, 0.13697564079533034]",0.0185692838641607,-1.6687520367683892,-0.3572855500768781,45.19799976348877,-1.3861811019441503,False,True,1.5851924574997431,False,0.7099999978508748
HIMS,True,0.0925477672785552,0.0108997818117669,0.1079529587660727,0.2859067985906335,0.086031174819675,0.0105052261578783,0.1080664557145792,0.2801711683839389,0.0892894710491151,0.0107025039848226,0.108009707240326,0.2830389834872862,28.700000762939453,-0.2779705413390676,0.6939750645395892,1.7016188539925623,5.928985396369316,48.40280196804411,28.90349601817113,29.412683249504983,-6.035825338770284,-2.974980267195171,0.2632096310748932,29.83370018005371,28.295000076293945,31.809999465942383,268962784.7815895,1770,3.950172080058656,,28.67,2026-09-29 19:47:34-04:00,2.97444895,after_hours,-0.1045322722715402,390050.0,30.5922,28.61,2026-09-29 16:00:03-04:00,"Vendor latest observation, no executable bid/ask or overnight-session venue feed; after-hours bar volumes and extremes may include late regular-session batches and are not reliable liquidity/support measures",9462,432,0.1211160431198478,"[0.10950684921475147, 0.1340353398644062]",0.0065165924588802,-0.1195892104475717,-0.1252807702720718,29.611999893188475,0.36635083834280036,False,True,27.73331293227231,False,0.5604833277660103
CLS,True,0.0857936002020351,0.0110056738255126,0.0991994424199871,0.2798060568139756,0.0883591294063944,0.0095675439039898,0.1035767932427653,0.2961516407192965,0.0870763648042148,0.0102866088647512,0.1013881178313762,0.287978848766636,366.4700012207031,2.787984875168781,1.042526923802441,19.491978742760416,5.31884702099301,60.5787465328629,341.28280665426996,335.01981512225484,19.340627437274627,22.40147250884974,0.3512513792475769,375.2799987792969,361.7000122070313,381.2999877929687,763629907.6142883,2513,2.4040160256631804,,369.938,2026-09-29 19:49:35-04:00,0.9493489333333331,after_hours,0.9463254202922488,472154.0,369.938,365.95715,2026-09-29 16:00:02-04:00,"Vendor latest observation, no executable bid/ask or overnight-session venue feed; after-hours bar volumes and extremes may include late regular-session batches and are not reliable liquidity/support measures",9851,432,0.116130342097249,"[0.10504986168467477, 0.1280856722263769]",0.0025655292043593,1.2921825382037226,0.43452266198012174,341.2719970703125,1.321000872613613,False,True,65.56709179511992,False,0.2269054655519228
ONDS,True,0.0875416723997886,0.0107756116649082,0.1044701011423211,0.2856164007348261,0.0855101188819009,0.0111880896647486,0.1064976379029324,0.3157323872620401,0.0865258956408447,0.0109818506648284,0.1054838695226268,0.3006743939984331,7.480000019073486,-2.6041642413474064,0.7648865759836222,0.4352261755364877,5.818531743672337,45.82283260639155,7.601602001569569,7.939298382018861,-5.346935025049393,-2.2860899534742796,0.022727789957594,7.909999847412109,7.46999979019165,7.980000019073486,473271138.0727768,1460,5.748660792007398,,7.5,2026-09-29 19:49:31-04:00,1.0188312166666669,after_hours,0.2673794234694604,1970024.0,7.51,7.45,2026-09-29 16:00:00-04:00,"Vendor latest observation, no executable bid/ask or overnight-session venue feed; after-hours bar volumes and extremes may include late regular-session batches and are not reliable liquidity/support measures",9963,432,0.1152263374485596,"[0.10416304548308561, 0.12755534636271806]",0.0020315535178876,-0.2793995153122129,-0.35301143092044085,8.554250025749207,0.24848168447662733,False,True,23.15730456128745,False,0.5104711943853547
CAMT,True,0.0866845672153175,0.0115018701053976,0.1010784283517354,0.2367895045055722,0.0801734764742841,0.010744472577244,0.0986454711126146,0.2494357958625696,0.0834290218448008,0.0111231713413208,0.099861949732175,0.2431126501840709,152.82000732421875,7.159390414535971,0.9091413108045674,7.646891286820922,5.0038548097943005,55.6860729027987,145.7456113492663,148.34900942720685,10.983936513662762,14.044781585237876,0.7396180424370209,154.4499969482422,148.19000244140625,152.7100067138672,53598902.57255554,2513,1.0666074767064382,,152.82,2026-09-29 19:30:05-04:00,20.447123583333333,after_hours,-4.7927093405064625e-06,30079.0,156.98,150.1,2026-09-29 16:00:00-04:00,"Vendor latest observation, no executable bid/ask or overnight-session venue feed; after-hours bar volumes and extremes may include late regular-session batches and are not reliable liquidity/support measures",10481,432,0.1120122125751359,"[0.10126384355075546, 0.12328522375569259]",0.0065110907410334,0.9251335882262176,-0.09532389245380005,155.97000122070312,1.4008712198996944,True,True,79.80789415260867,False,0.292467227938214
TER,True,0.0843340030596607,0.0101988934728141,0.1010936353191689,0.2768236488559484,0.0823568253130863,0.0098750282236268,0.0978948216311123,0.2882049060427848,0.0833454141863735,0.0100369608482204,0.0994942284751406,0.2825142774493666,403.0199890136719,0.428607344386589,0.8807387470026875,19.945251335363487,4.948948409277752,59.28939458738408,377.9231515916505,373.4688618295933,12.18794086436754,15.248785935942657,0.2016483761037714,415.6099853515625,399.8399963378906,401.9700012207031,902943687.0887756,2513,3.123913622424213,,404.0,2026-09-29 19:47:25-04:00,3.1139576333333334,after_hours,0.2431668435916911,5800.0,406.18,399.17,2026-09-29 16:00:00-04:00,"Vendor latest observation, no executable bid/ask or overnight-session venue feed; after-hours bar volumes and extremes may include late regular-session batches and are not reliable liquidity/support measures",10498,432,0.1117355686797485,"[0.10108200520670291, 0.12306088821980127]",0.0019771777465744,1.258286345959652,0.46691209448105114,375.4088562011719,1.4136837533077182,False,True,89.37519359438299,False,0.17366972974429262
RKLB,True,0.0820870034365143,0.0097784445505337,0.0986471204269632,0.2844368592165016,0.0817429391986125,0.0111795392429025,0.0987493356605845,0.2984875115494058,0.0819149713175634,0.0104789918967181,0.0986982280437739,0.2914621853829537,69.69999694824219,-3.449238688120426,0.9297748186168396,3.9129142996945,5.613937548089351,50.90750340669865,68.9303703830768,72.22881825737218,5.981706469211723,9.042551540786835,0.0618547457208521,74.25,69.4000015258789,75.45999908447266,1326354633.1516266,1467,6.527981708717356,,70.19,2026-09-29 19:49:41-04:00,0.8512386166666667,after_hours,0.7030173216817648,1708750.0,70.24,69.6,2026-09-29 16:00:01-04:00,"Vendor latest observation, no executable bid/ask or overnight-session venue feed; after-hours bar volumes and extremes may include late regular-session batches and are not reliable liquidity/support measures",10766,432,0.1085825747724317,"[0.09814899000683461, 0.11966543318935324]",0.0003440642379018,0.1966888375821239,-0.36039555317960903,87.60049934387207,0.7742103675195492,False,True,15.93719640431234,False,0.5384106162368067
CDNA,True,0.0726464981764311,0.0078583150631528,0.0854058037596723,0.2947825629173333,0.0876271430784409,0.0109939740136922,0.0977636037629924,0.3437143180767177,0.080136820627436,0.0094261445384225,0.0915847037613324,0.3192484404970255,64.0199966430664,-0.8978356729946957,0.6285867728127122,2.856602022516021,4.46204650469222,77.87047779764681,55.60606837383568,48.577738921699066,24.698077026385025,27.758922097960134,0.4352011309789963,65.4800033569336,62.89500045776367,65.49500274658203,69156291.13010406,2513,2.280547938806099,,64.99,2026-09-29 19:45:16-04:00,5.2749204999999995,after_hours,1.5151568381699398,,65.0,63.47,2026-09-29 16:00:01-04:00,"Vendor latest observation, no executable bid/ask or overnight-session venue feed; after-hours bar volumes and extremes may include late regular-session batches and are not reliable liquidity/support measures",11124,432,0.1054476806903991,"[0.09504107882136031, 0.11626618462197587]",0.0149806449020097,2.9454324413801123,1.0239214728870867,37.59899988174438,1.9475024921521304,False,False,73.54741937208519,False,0.02252089536086932
VRT,True,0.0725477003140425,0.009659075530536,0.0940932572046781,0.2172533517564625,0.0750080631074805,0.0092715477367724,0.1046013468307553,0.2479102398874933,0.0737778817107615,0.0094653116336542,0.0993473020177167,0.2325817958219779,248.33999633789065,1.762007527477727,0.6101772803398554,12.429235151301423,5.004926848106353,46.10453546252846,252.65843837239368,265.1917333667616,-7.049372689309619,-3.9885276177345057,0.2057610756910402,254.1300048828125,246.83999633789065,295.3399963378906,1358816773.4403229,2050,2.33148450926286,,249.9691,2026-09-29 19:48:24-04:00,2.1330689333333335,after_hours,0.6559972965018535,299737.0,261.5636,248.34,2026-09-29 16:00:03-04:00,"Vendor latest observation, no executable bid/ask or overnight-session venue feed; after-hours bar volumes and extremes may include late regular-session batches and are not reliable liquidity/support measures",12370,431,0.0940986257073565,"[0.0845115690378141, 0.10400473311365928]",0.002460362793438,-0.3474422988972802,-0.6651481845586833,290.9630012512207,-0.3684652971842246,False,True,54.719069883131,False,0.34606558305669555
COIN,True,0.0686373210242803,0.0086215450685332,0.0855082527201736,0.2336417519681752,0.0777597609456494,0.0084463017424863,0.1033154719820699,0.2870911349705075,0.0731985409849648,0.0085339234055097,0.0944118623511218,0.2603664434693413,190.02000427246097,-0.9228787088131464,0.5845434321370965,11.03468000339439,5.807114911739646,53.909388008194,186.2547524589632,177.53746435555567,-2.050846557546948,1.009998514028165,0.1968937198067633,197.6300048828125,188.154296875,208.3300018310547,1837390286.4231873,1372,4.004841826779426,,190.46,2026-09-29 19:49:26-04:00,1.10611075,after_hours,0.2315523195695723,2298.0,190.55,189.38,2026-09-29 16:00:01-04:00,"Vendor latest observation, no executable bid/ask or overnight-session venue feed; after-hours bar volumes and extremes may include late regular-session batches and are not reliable liquidity/support measures",12488,431,0.0932895579756566,"[0.08367007867162743, 0.10330447776270762]",0.009122439921369,0.3412198461885173,0.5991302381265776,169.8314987182617,0.433532782819387,False,True,8.712846083755705,True,0.5275014856223401
MU,True,0.0722603427964163,0.0081888917625372,0.0934232034096942,0.2646986322443136,0.0740590462659173,0.0099437035821014,0.0869360387708399,0.2765796440991784,0.0731596945311668,0.0090662976723193,0.0901796210902671,0.270639138171746,1065.0799560546875,1.053148616826749,0.7477521154193457,46.92536282610648,4.405806583754455,59.657514723252234,1015.5300078089724,969.139100086546,8.031952457708357,11.092797529283471,0.295673735279158,1082.659912109375,1057.699951171875,1108.719970703125,25009060989.732662,2513,1.650576180196639,,1071.4,2026-09-29 19:49:59-04:00,0.5446038333333333,after_hours,0.5933868071955395,1453155.0,1124.5815,1064.5002,2026-09-29 16:00:00-04:00,"Vendor latest observation, no executable bid/ask or overnight-session venue feed; after-hours bar volumes and extremes may include late regular-session batches and are not reliable liquidity/support measures",12507,431,0.0931478372111617,"[0.08360325379619273, 0.1031455584495364]",0.001798703469501,1.055931062895236,0.5520157533530309,947.2015716552735,1.056387510824617,False,True,49.178854901410205,False,0.151200166913116
ORCL,True,0.0715431986471402,0.0102138016086871,0.0891197860601686,0.2228166465827122,0.0746409522053739,0.009384972754993,0.0989725283982311,0.2565089330416397,0.073092075426257,0.0097993871818401,0.0940461572291999,0.2396627898121759,137.7899932861328,3.9140173029596825,1.324784756408427,7.278070936986518,5.282002534010561,43.07895679652989,144.34417440436778,147.0853664110118,-10.658754273591176,-7.597909202016062,0.4714641151475417,143.66990661621094,132.5449981689453,170.6999969482422,5062245279.948044,2513,4.267300686972231,,138.9015,2026-09-29 19:50:00-04:00,0.5359417000000001,after_hours,0.8066672240552686,44682654.0,139.18,137.76,2026-09-29 16:04:32-04:00,"Vendor latest observation, no executable bid/ask or overnight-session venue feed; after-hours bar volumes and extremes may include late regular-session batches and are not reliable liquidity/support measures",12510,431,0.0930455635491606,"[0.0835307820024016, 0.10302530316522403]",0.0030977535582336,-0.9005382298387875,-0.36749397190353533,158.85565223693848,-1.1805025010793502,True,True,57.99428716440213,False,0.5686765715337831
AMD,True,0.0713037298410027,0.0079808756118133,0.0908044565468147,0.2633323536766191,0.0724327252323233,0.0091337076892047,0.0871072441641019,0.2752510187138697,0.071868227536663,0.008557291650509,0.0889558503554583,0.2692916861952444,607.5700073242188,-0.0493506498722484,0.7432559626056405,24.94908240358057,4.106371628424861,65.52487340648648,560.6275543608036,522.5649493274756,26.01164085394896,29.07248592552407,0.1228817120874147,624.1300048828125,605.25,639.0,11993444786.605988,2513,2.725611428965214,,609.0,2026-09-29 19:49:54-04:00,0.6277536666666667,after_hours,0.235362618059276,1441809.0,617.8584,561.1174,2026-09-29 16:00:01-04:00,"Vendor latest observation, no executable bid/ask or overnight-session venue feed; after-hours bar volumes and extremes may include late regular-session batches and are not reliable liquidity/support measures",12817,431,0.0905828196925957,"[0.08119332837665535, 0.10049492756412738]",0.0011289953913206,1.881530238429858,1.159292217801043,506.7455032348633,1.0635589445554499,False,False,22.57420027248896,False,0.04918621702000192
TEAM,True,0.0708999823697972,0.0097977392518638,0.0804690894781602,0.2695129406469372,0.0726528196671753,0.0101525281495087,0.0873847823771448,0.2898656328947049,0.0717764010184862,0.0099751337006863,0.0839269359276525,0.279689286770821,175.9600067138672,-1.445046863047017,1.3171773293517932,9.315459470364484,5.294077696594191,47.72534104678948,183.2844882687105,161.89294553068686,-12.439220529576511,-9.378375458001395,0.690830198284352,179.5,168.0500030517578,200.0,624155297.7794647,2513,2.0118169760525717,,176.5,2026-09-29 19:48:49-04:00,1.7216753500000002,after_hours,0.3068841018009971,,176.645,173.03,2026-09-29 16:00:00-04:00,"Vendor latest observation, no executable bid/ask or overnight-session venue feed; after-hours bar volumes and extremes may include late regular-session batches and are not reliable liquidity/support measures",12831,431,0.0903281116047073,"[0.08095584533010489, 0.10029181232350791]",0.0017528372973781,-0.7862716356766816,0.5715951871413463,125.31899986267089,-1.7169922864861134,False,True,5.0529819367134055,True,0.1201999664306641
RDDT,True,0.0694335169563995,0.0098036328230464,0.0839484452619478,0.2048710312156126,0.0735450713227407,0.0091503665475829,0.0978325873922593,0.2367008353716399,0.0714892941395701,0.0094769996853146,0.0908905163271035,0.2207859332936262,145.36000061035156,1.5935132444218514,1.02421223691138,7.5292705226091075,5.179740293749643,42.185045082221286,152.8389937430705,157.96255248052847,-4.718376354106246,-1.6575312825311328,0.650468089080707,147.52999877929688,141.3217010498047,166.17999267578125,739094648.4422302,633,1.4928440835399792,,145.8284,2026-09-29 19:49:51-04:00,0.6905087000000001,after_hours,0.3222340311513916,4875788.0,145.8999,145.0,2026-09-29 16:04:35-04:00,"Vendor latest observation, no executable bid/ask or overnight-session venue feed; after-hours bar volumes and extremes may include late regular-session batches and are not reliable liquidity/support measures",12896,431,0.0900279156327543,"[0.0807063220036055, 0.10004152887784565]",0.0041115543663411,-0.9933224088921754,-0.6345732536810524,164.64399948120118,-1.4747456749282604,False,True,35.87783956412292,False,0.44834914379373225
LRCX,True,0.0721680005298007,0.008602322102978,0.0922925763709012,0.2378838086869986,0.0697467851543613,0.0096586692139427,0.0845898327936852,0.2340170834222389,0.070957392842081,0.0091304956584603,0.0884412045822932,0.2359504460546187,323.8599853515625,2.985971346840577,0.8398630955090934,14.406986122490196,4.448523057533909,59.67483152793643,303.5709549478374,307.1993185565464,4.473085298461998,7.533930370037112,0.513226773692215,328.32379150390625,319.1535949707031,322.2099914550781,2760089391.3945007,2513,1.3783135781650024,,325.0,2026-09-29 19:49:01-04:00,1.5132935833333332,after_hours,0.3520084913237964,24914.0,342.873,322.76,2026-09-29 16:00:01-04:00,"Vendor latest observation, no executable bid/ask or overnight-session venue feed; after-hours bar volumes and extremes may include late regular-session batches and are not reliable liquidity/support measures",12998,431,0.0886290198492075,"[0.07933193416402747, 0.09876239245074493]",0.0024212153754394,1.408277222676899,0.04785640302711115,321.04712982177733,1.5199567583315943,False,True,95.14357772330715,False,0.2606521721908853
MTSI,True,0.0702178853817353,0.0089775778348271,0.0879180244010241,0.2291803282173057,0.0704147602743078,0.0089012845758366,0.0912813221919512,0.2330086902932854,0.0703163228280215,0.0089394312053318,0.0895996732964876,0.2310945092552955,284.2699890136719,2.0498246356701166,0.690869566863977,13.826161363115048,4.8637428843922335,54.55026039356608,274.39844454506414,281.0760803955507,4.686569355028558,7.747414426603672,0.7211539670762227,286.29998779296875,279.0199890136719,289.260009765625,354801129.127655,2513,0.714109423347975,,284.5132,2026-09-29 19:31:31-04:00,19.015398899999997,after_hours,0.0855563357820443,156556.0,286.28,283.4,2026-09-29 16:00:01-04:00,"Vendor latest observation, no executable bid/ask or overnight-session venue feed; after-hours bar volumes and extremes may include late regular-session batches and are not reliable liquidity/support measures",13109,431,0.0878785567167594,"[0.0785868376108131, 0.09801492520956052]",0.0001968748925725,0.7139757890387928,-0.32116912287844285,314.653498840332,1.0500241371351176,False,True,65.79931935248696,False,0.3213893694065828
TWLO,True,0.0714667869594856,0.0078491301168845,0.0829158492272709,0.2691931322080619,0.0685198027773468,0.0069028376552992,0.0876290475946372,0.3009024128192894,0.0699932948684162,0.0073759838860918,0.085272448410954,0.2850477725136757,290.7799987792969,1.3241297816905415,1.1716325394683578,14.175200655802149,4.874888477649792,66.87212961417882,259.7712732202625,237.87453835589872,20.344490731864905,23.405335803440018,0.8225131919915845,292.67999267578125,281.9750061035156,304.75,612451783.325119,2513,0.6534128566134445,,290.72,2026-09-29 18:13:31-04:00,97.02229116666668,after_hours,-0.020633736690534,246493.0,290.78,289.1993,2026-09-29 16:00:02-04:00,"Vendor latest observation, no executable bid/ask or overnight-session venue feed; after-hours bar volumes and extremes may include late regular-session batches and are not reliable liquidity/support measures",13177,431,0.0872732791986036,"[0.07793591226599526, 0.09744086308610789]",0.0029469841821388,2.187533447460722,1.5860609066664646,216.33050003051758,1.5187240435430183,False,False,66.44036099329757,False,0.04584085716391506
APP,True,0.0695578932048849,0.0090951718144426,0.0881845048185294,0.209122811581371,0.0699214864453714,0.0109679563560351,0.0944423716496323,0.2169024726254794,0.0697396898251282,0.0100315640852388,0.0913134382340808,0.2130126421034252,305.6600036621094,-0.8370057922412633,0.7701831577007489,15.721346010135449,5.143409612568921,40.4988035300005,318.5316991369478,347.47224472340673,-5.111730781552303,-2.0508857099771904,0.0960194969250176,313.3800048828125,304.8399963378906,338.3399963378906,1517782899.0037537,1371,2.5256824995779192,,306.79,2026-09-29 19:49:35-04:00,0.9546898166666666,after_hours,0.3696906119061038,,306.79,305.6,2026-09-29 16:00:01-04:00,"Vendor latest observation, no executable bid/ask or overnight-session venue feed; after-hours bar volumes and extremes may include late regular-session batches and are not reliable liquidity/support measures",13224,431,0.0870387174833635,"[0.07777526544129872, 0.09720166393083193]",0.0003635932404865,-0.8187400408680097,-0.5974328406110111,419.60449981689453,-1.3669520747875337,False,True,5.909130284225318,False,0.5900537685020573
HOOD,True,0.065345362619051,0.0082723907699797,0.0838931531676671,0.2255554505193526,0.0733496483260611,0.0081705372011994,0.0981931221150756,0.2645050979127435,0.0693475054725561,0.0082214639855896,0.0910431376413714,0.2450302742160481,116.22000122070312,-0.2060775078621235,0.6251370137025707,5.937605979504845,5.108936428445963,53.604909300639584,114.98838202949426,108.34025949731934,7.825524480843438,10.88636955241855,0.3028240148722853,119.18990325927734,114.93000030517578,126.73999786376952,2653320205.6288147,1298,2.5554138765962797,,117.1543,2026-09-29 19:50:05-04:00,0.4562687166666667,after_hours,0.8039053256613249,782.0,124.2907,115.98,2026-09-29 16:00:01-04:00,"Vendor latest observation, no executable bid/ask or overnight-session venue feed; after-hours bar volumes and extremes may include late regular-session batches and are not reliable liquidity/support measures",13307,431,0.0859697903359134,"[0.07659186180182884, 0.09602014191480168]",0.00800428570701,0.2074268982246566,0.576518296054385,100.4425006866455,0.05215576746773059,False,True,7.096401396179981,True,0.24463797764417827
ARWR,True,0.0650537532446695,0.0094383339116604,0.0832826992351508,0.2004944887565405,0.0731355374733201,0.0092375120410047,0.09938842449819,0.2262677383083951,0.0690946453589948,0.0093379229763326,0.0913355618666704,0.2133811135324678,66.25,1.2068452896063953,1.21756782848963,3.636089986690135,5.488437715758695,32.7068106128795,72.99923528598646,77.84743734216862,-22.6506005142439,-19.58975544266879,0.7433622642401164,66.83000183105469,64.56999969482422,87.19999694824219,164931259.8682022,2513,0.8754744619693389,,67.72,2026-09-29 19:44:18-04:00,6.245970583333333,after_hours,2.2188679245283005,14607.0,68.42,66.25,2026-09-29 16:00:01-04:00,"Vendor latest observation, no executable bid/ask or overnight-session venue feed; after-hours bar volumes and extremes may include late regular-session batches and are not reliable liquidity/support measures",13367,431,0.0852846562429864,"[0.07603518815792434, 0.09514043815446827]",0.0080817842286505,-1.85617938793923,-1.0249650259641752,79.53449974060058,-1.0226011480436923,False,True,56.513438278924255,False,0.3062100588323886
STX,True,0.068937409615328,0.0075562979868043,0.0878465772198611,0.2555070113619049,0.0676647535529419,0.0077186234378483,0.0925736794273678,0.2803441565286372,0.0683010815841349,0.0076374607123263,0.0902101283236145,0.2679255839452711,913.4500122070312,-0.8746511131923262,0.6715858742691024,49.87002221680257,5.459523953183729,57.72584798533623,872.5854610575398,856.5688930181041,7.296991381799178,10.357836453374292,0.3011511724445582,944.4299926757812,900.0999755859375,936.9400024414062,3234290091.842041,2513,3.3915353938085424,,916.54,2026-09-29 19:48:32-04:00,1.9955812833333333,after_hours,0.3382766163090744,,917.0,906.69,2026-09-29 16:00:01-04:00,"Vendor latest observation, no executable bid/ask or overnight-session venue feed; after-hours bar volumes and extremes may include late regular-session batches and are not reliable liquidity/support measures",13539,431,0.0848659428318191,"[0.07553826112815999, 0.09467292995093887]",0.0012726560623861,0.819421153891588,0.3448283349177661,868.3330596923828,1.1017451339385764,False,True,42.1233324304811,False,0.2010182918471557
CCL,True,0.0767348234538674,0.0109146195039357,0.0828499864373639,0.1859630721290469,0.0556989118950763,0.0105674303632408,0.0799863796355448,0.2133257836835364,0.0662168676744718,0.0107410249335883,0.0814181830364543,0.1996444279062917,25.11000061035156,13.414640029718106,3.2162668618294976,0.944823433651761,3.7627375973151462,61.60508801575928,23.12258849503839,24.555241441953925,2.0458993900080547,5.106744461583168,0.8604649787382528,25.290000915527344,24.0,24.559999465942383,529081764.28741455,2513,0.7168470760672729,,25.0803,2026-09-29 19:50:04-04:00,0.4781980833333333,after_hours,-0.1182819977284976,3433393.0,25.17,24.8201,2026-09-29 16:00:02-04:00,"Vendor latest observation, no executable bid/ask or overnight-session venue feed; after-hours bar volumes and extremes may include late regular-session batches and are not reliable liquidity/support measures",13981,431,0.0808239753951791,"[0.0719146179477347, 0.09024342969771437]",0.0210359115587911,2.103474622376571,-0.25381081644746695,26.32894124984741,3.0337308128144214,True,False,97.13961120804082,False,0.25026420470925737
KMX,True,0.0831314443302984,0.0111629597555369,0.0815422599985971,0.2883858648764373,0.0489304645202244,0.0083452610411988,0.0683354483421577,0.1967200610906376,0.0660309544252614,0.0097541103983679,0.0749388541703774,0.2425529629835374,59.22999954223633,4.739169480694572,5.135772338946896,2.566217664032788,4.332631578365695,51.16793335713824,58.776636382102495,58.041476999889426,-6.484947837140364,-3.424102765565251,0.2113675323707372,63.66999816894531,58.040000915527344,63.38999938964844,139577133.96417618,2513,7.496198988728442,,59.23,2026-09-29 19:03:01-04:00,47.52835265,after_hours,7.728577999799313e-07,12076877.0,59.6,59.23,2026-09-29 16:04:43-04:00,"Vendor latest observation, no executable bid/ask or overnight-session venue feed; after-hours bar volumes and extremes may include late regular-session batches and are not reliable liquidity/support measures",14012,431,0.0803596916928347,"[0.07140023756943051, 0.08961955240257413]",0.0342009798100739,0.1766659026971923,0.34797887545920836,54.27150001525879,-0.09431731744357412,False,True,85.12374333404675,False,0.09267768612427218
AMAT,True,0.0717114937370702,0.0086108807351872,0.0881377906507826,0.2203516186702823,0.0601545378590759,0.0086353813465771,0.0794043202081834,0.2085093119331771,0.065933015798073,0.0086231310408821,0.083771055429483,0.2144304653017297,512.010009765625,5.187361223893028,1.1227258124966537,20.25793054416202,3.9565497075799714,63.03090724677822,469.70234723109735,483.5167830843885,8.636616348545779,11.697461420120892,0.9099916298444708,513.280029296875,499.1700134277344,487.6799926757813,2864942412.284088,2513,0.248045840320854,,514.0,2026-09-29 19:49:31-04:00,1.0131256833333333,after_hours,0.388662369176318,433205.0,515.48,507.846,2026-09-29 16:00:01-04:00,"Vendor latest observation, no executable bid/ask or overnight-session venue feed; after-hours bar volumes and extremes may include late regular-session batches and are not reliable liquidity/support measures",14043,431,0.0801110873744926,"[0.0712334815116771, 0.0892775348370447]",0.0115569558779942,2.088449382442965,0.018065581472104558,509.7397491455078,2.224816395183115,False,False,99.83736491763949,False,0.30704569102542045
RBRK,True,0.0615263368545028,0.0070969183779074,0.0768531410431246,0.2279800154092451,0.0623161208044702,0.006872196811292,0.0863319945868475,0.2469266626464294,0.0619212288294865,0.0069845575945997,0.081592567814986,0.2374533390278372,114.7699966430664,1.4855428062410247,0.5969571415051932,5.70767071420118,4.973138347256366,64.34792312643435,105.0547342165237,95.91937783980008,20.294696108253675,23.355541179828787,0.9424958963856092,114.9749984741211,111.41000366210938,116.12000274658205,339936937.74593353,609,0.1786197064135519,,113.888,2026-09-29 18:50:21-04:00,60.187876833333334,after_hours,-0.7684906063118557,390491.0,114.77,113.888,2026-09-29 16:00:02-04:00,"Vendor latest observation, no executable bid/ask or overnight-session venue feed; after-hours bar volumes and extremes may include late regular-session batches and are not reliable liquidity/support measures",15011,431,0.0728132702684697,"[0.06448650329538637, 0.08150749505911038]",0.0007897839499673,1.70214136606905,1.1571256263436223,83.38750019073487,1.251215824428828,False,False,74.12618431766846,False,0.01162595652414733
UPST,True,0.0599279135487455,0.0079370141782337,0.0824396258698675,0.1983391879900725,0.0632046828247037,0.0099992675721548,0.0880464599870983,0.1973743309599252,0.0615662981867246,0.0089681408751943,0.0852430429284829,0.1978567594749988,23.13999938964844,0.4776322176434533,0.9127931682787052,1.209406118422264,5.226474288341104,32.09118542064435,25.547582584652215,27.48651612407496,-22.3774449899076,-19.31659991833249,0.3032242821597596,23.68000030517578,22.905000686645508,29.040000915527344,113697773.9461708,1452,2.3336254527686284,,23.29,2026-09-29 19:45:10-04:00,5.3736965833333326,after_hours,0.6482308310633123,354274.0,23.4,23.06,2026-09-29 16:00:00-04:00,"Vendor latest observation, no executable bid/ask or overnight-session venue feed; after-hours bar volumes and extremes may include late regular-session batches and are not reliable liquidity/support measures",15103,431,0.0722373038469178,"[0.06403519448252906, 0.08080539443155452]",0.0032767692759581,-1.9907152430687225,-1.1183965757836196,29.64700002670288,-1.6186746970971406,False,True,18.45086795952651,False,0.6006902660051892
MLYS,False,0.0536175336914662,0.0076527880030513,0.0704723276994312,0.1889298833188501,0.0651027253979162,0.0089675552018126,0.0908008210732182,0.2350297353920712,0.0593601295446912,0.008310171602432,0.0806365743863247,0.2119798093554606,24.479999542236328,-4.4869280381821035,1.145382354457794,1.4700152013251149,6.004964169990439,36.53619910090229,27.175071444254343,27.214991124887753,-7.696608727674881,-4.635763656099767,0.0381673720947501,25.739999771118164,24.43000030517578,31.989999771118164,41074323.88203621,911,5.147059854751657,,24.47,2026-09-29 19:30:04-04:00,20.478976883333335,after_hours,-0.0408478040168081,116762.0,25.5633,24.47,2026-09-29 16:00:01-04:00,"Vendor latest observation, no executable bid/ask or overnight-session venue feed; after-hours bar volumes and extremes may include late regular-session batches and are not reliable liquidity/support measures",15711,431,0.0684233976195022,"[0.06053203295834178, 0.07664116564125954]",0.01148519170645,-1.8333632873922672,-0.6285185994312553,26.863500022888182,-2.0941682256443017,False,True,2.437123905104826,False,0.4862539610005858
CRWD,True,0.056806650009359,0.0064478253668122,0.073672547556519,0.2239681778002228,0.0588417480168028,0.0068991637108589,0.0823948337449417,0.2523695075480074,0.0578241990130809,0.0066734945388356,0.0780336906507304,0.2381688426741151,262.739990234375,1.3461871685149562,0.5827727017016996,11.886983462083036,4.524238374021158,66.00849364070402,239.26483357533547,218.97381310613403,10.679410441141336,13.740255512716448,0.984493890033507,262.8500061035156,255.7550048828125,263.8699951171875,2796141358.922043,1835,0.0418725253976237,,263.9,2026-09-29 19:49:49-04:00,0.7204381333333333,after_hours,0.4415048370026264,,263.9725,262.01,2026-09-29 16:00:01-04:00,"Vendor latest observation, no executable bid/ask or overnight-session venue feed; after-hours bar volumes and extremes may include late regular-session batches and are not reliable liquidity/support measures",16145,431,0.065035614741406,"[0.05746234801803495, 0.07298664936459578]",0.0020350980074438,1.974862397505668,1.3527764991621516,194.5898750305176,1.3771419243431955,False,False,77.79469909859529,False,0.0042824303775450545
VERA,True,0.0543637659545323,0.0068638299962034,0.0712377114975951,0.17844775505714,0.0584771926670907,0.0080069464956247,0.0829567132528544,0.1896484236413265,0.0564204793108115,0.0074353882459141,0.0770972123752248,0.1840480893492333,32.375,-0.3846153846153832,0.5660185521407586,1.948772323901672,6.019373973441458,44.64944761524535,33.615997146204435,34.23127988934427,-8.063784447890054,-5.0029393763149415,0.6884058171324003,32.59000015258789,31.899999618530273,37.13999938964844,87477884.71107483,1350,0.6640931354066071,,32.85,2026-09-29 19:36:42-04:00,13.842050183333331,after_hours,1.4671814671814776,113476.0,32.85,32.16,2026-09-29 16:00:00-04:00,"Vendor latest observation, no executable bid/ask or overnight-session venue feed; after-hours bar volumes and extremes may include late regular-session batches and are not reliable liquidity/support measures",16577,431,0.0621342824395246,"[0.05480577020675259, 0.07001992728849633]",0.0041134267125583,-0.6368097139843472,-0.4762464911754936,35.43474988937378,-1.372955004294882,False,True,16.99467230865292,False,0.42239071470685263
NET,True,0.0520566877021011,0.0060733985590243,0.0697724243219265,0.212837614527758,0.0549346332556023,0.0064718859691714,0.078647724420401,0.2381409118628847,0.0534956604788517,0.0062726422640979,0.0742100743711638,0.2254892631953214,352.260009765625,-0.4887088664864758,0.6669517377635846,17.250853112158836,4.897193162413364,62.73861331772028,330.4183243605044,305.5637233342163,12.392606692625252,15.453451764200366,0.4879495060296277,356.7189025878906,348.010986328125,367.4299926757813,1035990992.8466796,1770,1.265795917405543,,352.26,2026-09-29 18:02:20-04:00,108.20360703333334,after_hours,-2.7722775075567085e-06,2120572.0,352.26,351.5,2026-09-29 16:04:20-04:00,"Vendor latest observation, no executable bid/ask or overnight-session venue feed; after-hours bar volumes and extremes may include late regular-session batches and are not reliable liquidity/support measures",17297,431,0.057755680175753,"[0.0508836983555964, 0.06530380393931545]",0.0028779455535011,1.2661220441165322,1.063977597778799,269.60700073242185,1.058059598546586,False,False,47.014372213633166,False,0.04128673002354
KGS,True,0.0524123511759537,0.0071533925461919,0.0746064415718465,0.1917902182100595,0.053259119830915,0.0078349554742814,0.08051930139511,0.2014419246059388,0.0528357355034343,0.0074941740102366,0.0775628714834782,0.1966160714079992,51.75,-1.8399112258028705,1.1463420664928965,2.5144538781751686,4.858848073768442,31.65428909833352,56.73410416259853,59.59945100291103,-15.005715588989432,-11.94487051741432,0.257510293961149,53.47999954223633,51.150001525878906,65.16999816894531,112760682.9910469,816,3.342994284514633,,51.75,2026-09-29 17:21:38-04:00,148.90108461666665,after_hours,0.0,321755.0,51.75,51.75,2026-09-29 16:00:02-04:00,"Vendor latest observation, no executable bid/ask or overnight-session venue feed; after-hours bar volumes and extremes may include late regular-session batches and are not reliable liquidity/support measures",17466,431,0.056910569105691,"[0.04999823553692926, 0.06455278616197896]",0.0008467686549612,-1.9821815806045624,-1.1123553437228626,64.36963653564453,-1.5741758501629624,False,True,2.3471285521606324,False,0.3287724064495179
DDOG,True,0.0546386964943088,0.0060403172635401,0.0708503485074991,0.2060034354262537,0.0509288376197714,0.0061456870838149,0.074813015662741,0.2173297742965735,0.0527837670570401,0.0060930021736775,0.0728316820851201,0.2116666048614136,268.55999755859375,-0.0521081660128874,0.7924873987235715,12.7093485461315,4.732405667883805,67.07653367959239,244.87736250437257,239.7596690803235,10.23649089080525,13.297335962380362,0.9135554502994802,269.44000244140625,259.260009765625,280.70001220703125,867433366.4497375,1766,0.3276753391467046,,268.7832,2026-09-29 19:49:54-04:00,0.63677085,after_hours,0.083110829399513,169578.0,270.0,267.1,2026-09-29 16:00:00-04:00,"Vendor latest observation, no executable bid/ask or overnight-session venue feed; after-hours bar volumes and extremes may include late regular-session batches and are not reliable liquidity/support measures",17473,431,0.0568305385451839,"[0.04995925874030851, 0.06436901897445264]",0.0037098588745374,1.8634027517822505,0.8390939610206001,239.50149993896486,1.759641468450499,False,False,95.85726046770327,False,0.08253622424623241
KLAC,True,0.0561805729174206,0.0066689248064538,0.0754307586513837,0.1828048747598146,0.0486135035701195,0.0072629660498476,0.0716558032657489,0.1715967674731399,0.05239703824377,0.0069659454281507,0.0735432809585663,0.1772008211164772,196.52999877929688,3.890680700741167,0.8095278356082696,7.927064619416955,4.033513798735147,60.98941673977751,184.0748801584903,189.3619945220956,8.953975217805276,12.01482028938039,0.8081625281042333,197.47000122070312,192.57000732421875,190.8699951171875,1719197946.4956665,2513,0.4782997238309106,,197.86,2026-09-29 19:49:50-04:00,0.6967977333333334,after_hours,0.6767420897390464,38318.0,197.86,196.01,2026-09-29 16:00:01-04:00,"Vendor latest observation, no executable bid/ask or overnight-session venue feed; after-hours bar volumes and extremes may include late regular-session batches and are not reliable liquidity/support measures",17595,431,0.0562659846547314,"[0.0494895659801315, 0.06377408408629276]",0.0075670693473011,1.5712144682532785,-0.1401588697823544,203.95816497802736,1.8984699116760437,True,True,98.47631303306683,False,0.3598850265539558
AFRM,True,0.0515443535400244,0.0065590228574181,0.0723665979618376,0.1793907515018494,0.0519087040270964,0.0071741158248493,0.0797095736197349,0.1887374611392032,0.0517265287835604,0.0068665693411337,0.0760380857907863,0.1840641063205263,69.30000305175781,3.1096622463248957,0.7134287099106204,3.5702106950036954,5.151818957839334,44.846347375778976,71.28559877930665,72.69570436440611,-9.978231381294725,-6.917386309719609,0.577408048215232,70.30999755859375,67.91999816894531,76.9489974975586,347651160.0008011,1434,1.457423466607355,,69.6,2026-09-29 19:48:29-04:00,2.056731083333333,after_hours,0.4328960101460888,,69.8,68.55,2026-09-29 16:00:01-04:00,"Vendor latest observation, no executable bid/ask or overnight-session venue feed; after-hours bar volumes and extremes may include late regular-session batches and are not reliable liquidity/support measures",17766,431,0.0553304063942361,"[0.04867439408562643, 0.062489803334742786]",0.000364350487072,-0.5561564560678639,-0.36809956202808963,73.42999992370605,-0.8532261366701912,False,True,51.50007888882231,False,0.2337461169723486
ZS,True,0.0488206805418178,0.0061979780634062,0.0659364572764502,0.1838740410413429,0.0542058746157881,0.0066003923510022,0.0779446629627858,0.2069188759218655,0.0515132775788029,0.0063991852072042,0.071940560119618,0.1953964584816042,198.35499572753903,-0.5190850420169646,0.4321036399758487,10.27683155995364,5.181029861264458,56.22167502411333,192.5046437633947,178.66609869127916,2.2315091558956723,5.292354227470786,0.5167190681445989,201.38999938964844,195.11000061035156,216.97000122070312,744127508.595047,2146,1.5300868279003454,,198.38,2026-09-29 19:48:09-04:00,2.387435766666667,after_hours,0.0126058193640199,203318.0,199.0,197.0,2026-09-29 16:00:00-04:00,"Vendor latest observation, no executable bid/ask or overnight-session venue feed; after-hours bar volumes and extremes may include late regular-session batches and are not reliable liquidity/support measures",17828,431,0.0550258021090419,"[0.048444918540213884, 0.06216760693317562]",0.0053851940739703,0.5692758444092584,0.8854159039831953,158.6787494659424,0.5945584931330429,False,False,36.794056749725286,False,0.411392025058121
S,True,0.0486117321280062,0.006106368701279,0.0653433346093918,0.1821282435976674,0.0509217384338026,0.0064587821833646,0.0745147776306691,0.207729376296322,0.0497667352809044,0.0062825754423218,0.0699290561200304,0.1949288099469947,23.309999465942383,2.50659498927599,0.7755107630466421,1.1463332153014751,4.917774524089338,57.48430349102345,22.405378614616883,21.10619009863772,2.414263813432904,5.475108885008018,0.8888875433189425,23.415000915527344,22.469999313354492,24.39800071716309,197758123.89507297,1318,0.4504566794966136,,23.3382,2026-09-29 19:49:21-04:00,1.1875822833333334,after_hours,0.1209804148593951,1093447.0,23.3712,23.07,2026-09-29 16:00:02-04:00,"Vendor latest observation, no executable bid/ask or overnight-session venue feed; after-hours bar volumes and extremes may include late regular-session batches and are not reliable liquidity/support measures",18322,431,0.0521777098570025,"[0.04597737967549315, 0.0591417392857066]",0.0023100063057963,0.7891430164026028,0.8812915358575036,18.888499879837035,0.8118175219050499,False,False,65.22971689146502,False,0.04459386913843866
CLBT,False,0.0488272015837458,0.0064987370304713,0.0651867382076337,0.1582760558253428,0.0506792902759692,0.009514391117262,0.0643331497239896,0.1619914840860179,0.0497532459298575,0.0080065640738667,0.0647599439658116,0.1601337699556804,10.93000030517578,-1.2646738347598552,1.298861185896666,0.5018504143996452,4.591494971523463,39.163136429266096,11.509959158515851,12.318128745354622,-11.977509195110269,-8.916664123535156,0.6190480515528994,11.010000228881836,10.800000190734863,12.130000114440918,30999011.784911156,1479,0.7319297481462206,,11.2169,2026-09-29 19:30:05-04:00,20.46247161666667,after_hours,2.624882770482273,,11.37,10.93,2026-09-29 16:00:01-04:00,"Vendor latest observation, no executable bid/ask or overnight-session venue feed; after-hours bar volumes and extremes may include late regular-session batches and are not reliable liquidity/support measures",18322,431,0.0521777098570025,"[0.04598484981259231, 0.05913688060950462]",0.0018520886922234,-1.1556408776385418,-0.6831407649713614,13.270249938964843,-1.7969970631089263,False,True,31.608644922511104,False,0.4529529251454425
SNOW,True,0.0480921260235234,0.0062009940187516,0.0668305766974031,0.1850180602907345,0.0513384258549378,0.0064066974937913,0.0764388244890522,0.2287313973541044,0.0497152759392306,0.0063038457562714,0.0716347005932277,0.2068747288224194,330.30999755859375,0.6674394959149232,1.018143034190629,14.826807743539227,4.488755367118156,51.38345285695931,330.8706458043396,313.9510398458601,-3.39877318367664,-0.3379281121015265,0.6645011493645467,333.4100036621094,324.1700134277344,384.55999755859375,1872609187.2532656,1516,0.938514161372206,,331.08,2026-09-29 18:10:00-04:00,100.53660985,after_hours,0.2331150879772092,243781.0,331.08,330.0,2026-09-29 16:00:03-04:00,"Vendor latest observation, no executable bid/ask or overnight-session venue feed; after-hours bar volumes and extremes may include late regular-session batches and are not reliable liquidity/support measures",18328,431,0.0522151898734177,"[0.045976733491331113, 0.05917169531175849]",0.0032462998314143,-0.037813145988227,0.4971751603036945,277.2039985656738,-0.18875477248630354,False,True,39.87961830921523,False,0.1410703150208289
RNG,True,0.0466690128959904,0.0057628238471764,0.0624257130390432,0.1977872379105292,0.051543494654756,0.0081233310994273,0.0670851871847771,0.2282223940001568,0.0491062537753732,0.0069430774733019,0.0647554501119102,0.213004815955343,74.43000030517578,-2.2330185335266983,0.9250440309008396,3.358029393085902,4.511661130347179,55.88419831794196,73.57716713178462,65.9940881131192,3.8480853634066614,6.908930434981775,0.5587463098050621,76.12000274658203,72.29000091552734,81.9000015258789,119273790.77339172,2513,2.270593086761985,,74.43,2026-09-29 17:52:00-04:00,118.5386422,after_hours,-4.100171646648221e-07,172370.0,74.7,74.43,2026-09-29 16:00:03-04:00,"Vendor latest observation, no executable bid/ask or overnight-session venue feed; after-hours bar volumes and extremes may include late regular-session batches and are not reliable liquidity/support measures",18487,431,0.0513874614594039,"[0.04516723030037943, 0.05837129776713083]",0.0048744817587656,0.2539683467771673,0.7592550932636111,53.052602767944336,0.1480339805846589,False,True,8.316885081605442,True,0.09120880441428003
DUOL,True,0.0456482814989909,0.0064880624900984,0.0617797389556204,0.1461569378878364,0.052499780651929,0.0087217741875687,0.0671109510576133,0.1763229682332178,0.0490740310754599,0.0076049183388336,0.0644453450066168,0.1612399530605271,142.6199951171875,6.195079580320817,0.8821805048781193,7.7283621801673075,5.418849000672798,48.4177848469266,145.05236058011548,140.89912103685023,-6.929816134900635,-3.8689710633255214,0.9891942884881346,142.7100067138672,134.3800048828125,167.3800048828125,179860621.0987091,1299,0.063112887225758,,142.33,2026-09-29 19:50:06-04:00,0.4409573666666667,after_hours,-0.203334123626353,259.0,152.2962,140.5,2026-09-29 16:00:01-04:00,"Vendor latest observation, no executable bid/ask or overnight-session venue feed; after-hours bar volumes and extremes may include late regular-session batches and are not reliable liquidity/support measures",18496,431,0.0513624567474048,"[0.045137755826149664, 0.05834767039960165]",0.006851499152938,-0.314732333478103,0.4873465302873355,129.52749900817872,-0.8320777050309448,False,True,59.560918436578504,False,0.5959773509428117
AMPL,False,0.0496148304296594,0.0059091302758758,0.0663187082260247,0.2039250055308545,0.0465298694566684,0.0064405596034312,0.0695592692731408,0.2149721029999638,0.0480723499431639,0.0061748449396535,0.0679389887495827,0.2094485542654091,13.640000343322754,2.5563920880598445,0.9465530907111548,0.6777690748113193,4.968981361815803,57.14289169132889,13.247641900060984,12.164114416088164,-6.323256601375538,-3.262411529800424,0.9230767976759692,13.6850004196167,13.100000381469728,14.378000259399414,20857531.08668804,1256,0.3299125744961939,,13.4,2026-09-29 19:30:05-04:00,20.45515835,after_hours,-1.7595332645298778,194921.0,13.88,13.4,2026-09-29 16:00:01-04:00,"Vendor latest observation, no executable bid/ask or overnight-session venue feed; after-hours bar volumes and extremes may include late regular-session batches and are not reliable liquidity/support measures",18710,431,0.0491715660074826,"[0.04328236935698472, 0.055943820878046106]",0.003084960972991,0.5788969397445536,0.6885240233569306,9.883000087738036,0.8274050912253501,False,True,76.23211758031285,False,0.07588074987746318
SOFI,True,0.0484641310448189,0.0062285553432984,0.0740251965734119,0.1816486365910785,0.0470365453016805,0.0077329989661646,0.07298532978119,0.177019550520099,0.0477503381732497,0.0069807771547315,0.073505263177301,0.1793340935555887,15.90999984741211,-0.1255521492813383,0.7922500990705432,0.6740667016020192,4.236748636497703,36.53594084735376,17.009683929500067,17.391302707771413,-14.078738840145231,-11.01789376857012,0.1428579213680616,16.209999084472656,15.859999656677246,18.709999084472656,771374125.3299522,1441,1.88560175950816,,15.9393,2026-09-29 19:50:05-04:00,0.4568796833333333,after_hours,0.1841618659264465,1613389.0,15.9954,15.9,2026-09-29 16:00:00-04:00,"Vendor latest observation, no executable bid/ask or overnight-session venue feed; after-hours bar volumes and extremes may include late regular-session batches and are not reliable liquidity/support measures",18766,431,0.0484386656719599,"[0.04253030828746777, 0.05517732669717521]",0.0014275857431383,-1.631417305549133,-0.7219274168928451,17.38199977874756,-1.8517783664669536,False,True,8.2126964151819,False,0.5139016171729212
QCOM,True,0.0449934906282329,0.0053199886706862,0.0652190165756651,0.178066750959884,0.046176582077767,0.0064223087995959,0.0724150132083014,0.1936419352013248,0.0455850363529999,0.005871148735141,0.0688170148919833,0.1858543430806044,184.1000061035156,-1.802853478264166,0.6648045124452648,9.023040726813097,4.901162644035779,51.974006155753216,184.09682752358705,178.23194512564442,5.516103351940549,8.576948423515663,0.2406704437221998,190.0,182.22999572753903,205.8500061035156,2737046270.8566284,2513,3.204776589288616,,184.81,2026-09-29 19:49:13-04:00,1.3149134166666667,after_hours,0.385656639296994,1659434.0,190.471,183.93,2026-09-29 16:00:00-04:00,"Vendor latest observation, no executable bid/ask or overnight-session venue feed; after-hours bar volumes and extremes may include late regular-session batches and are not reliable liquidity/support measures",19037,431,0.0451226558806534,"[0.039592446433173695, 0.051517491473969564]",0.0011830914495341,0.0003522736985024,-0.06847518868482273,187.77919006347656,0.1128026117038315,False,True,17.315613734098527,True,0.2852199333964184
SHOP,True,0.0458727717289812,0.00557848343681,0.0637995588812,0.1643876605397734,0.0447137194426659,0.0061339191874705,0.067344201247343,0.1782560756447303,0.0452932455858236,0.0058562013121403,0.0655718800642715,0.1713218680922518,148.25999450683594,2.951184058130263,0.8108592311032445,6.949457908011829,4.687345315995817,58.42420829754599,140.15475663472816,136.95207308072096,-2.4569233648934263,0.6039217066816871,0.8437045935334567,149.33999633789062,142.42999267578125,151.2899932861328,1454988322.277565,2513,0.7284512822539613,,148.5027,2026-09-29 19:49:42-04:00,0.8381848000000001,after_hours,0.1637026184786894,237612.0,148.77,147.5,2026-09-29 16:00:01-04:00,"Vendor latest observation, no executable bid/ask or overnight-session venue feed; after-hours bar volumes and extremes may include late regular-session batches and are not reliable liquidity/support measures",19059,431,0.0447557584343354,"[0.039373712121019255, 0.050930140429369726]",0.0011590522863153,1.1663122475730785,0.6582144465258469,125.73049964904786,1.4490721854652662,False,True,84.66482192740342,False,0.18623419221635107
PLTR,True,0.0447009649076078,0.0054895117821674,0.0652994847223082,0.1779965264405147,0.0455164033386916,0.0066697165472336,0.0675230429197278,0.1859546618275525,0.0451086841231497,0.0060796141647005,0.066411263821018,0.1819755941340336,186.97000122070312,-0.272026092627553,0.5414336450403928,6.513497379988558,3.4837125407620317,60.37168859803117,180.5078861757771,168.76222365644978,-2.7442894741752877,0.3165555973998257,0.5654449006982281,188.6300048828125,184.80999755859375,194.67999267578125,4645361349.382706,1506,0.8878449223252094,,187.3679,2026-09-29 19:50:03-04:00,0.4857818666666667,after_hours,0.2128142358127194,3063483.0,187.47,177.5179,2026-09-29 16:00:00-04:00,"Vendor latest observation, no executable bid/ask or overnight-session venue feed; after-hours bar volumes and extremes may include late regular-session batches and are not reliable liquidity/support measures",19076,431,0.0445586076745649,"[0.03917566517565599, 0.05074423604287462]",0.0008154384310838,0.992111406197785,0.7595811540366705,149.39649925231933,1.030935207565189,False,True,22.91999368903006,False,0.09902661251286848
PANW,True,0.0428920148978991,0.0049420733618287,0.0618418349802622,0.1852860811919242,0.0468590818455521,0.0060877642504447,0.0709922468832947,0.2137033158806282,0.0448755483717256,0.0055149188061367,0.0664170409317785,0.1994946985362762,388.4100036621094,-0.9385581652560092,0.7155259173197307,18.143751699451176,4.671288465380264,58.22787201936327,370.9943547518174,354.0684193773539,-1.4174256334122504,1.643419438162863,0.7577079832723425,391.75,377.9649963378906,396.2999877929687,2570922226.1480713,2513,0.8599151171184038,,388.01,2026-09-29 19:49:33-04:00,0.9872661833333332,after_hours,-0.1029849021235151,434778.0,389.5,382.75,2026-09-29 16:00:00-04:00,"Vendor latest observation, no executable bid/ask or overnight-session venue feed; after-hours bar volumes and extremes may include late regular-session batches and are not reliable liquidity/support measures",19104,431,0.0442315745393634,"[0.038968187085220686, 0.05029565787050897]",0.0039670669476529,0.959870328848182,0.7764921738489284,324.8419960021973,1.1588439002911086,False,True,55.79057512629335,False,0.02624849852721778
MPWR,True,0.0394097828820383,0.0046058704158403,0.0614238887194015,0.1487744623298948,0.0389442357569511,0.0058456134581687,0.0636683853967791,0.1532853301585034,0.0391770093194947,0.0052257419370045,0.0625461370580903,0.1510298962441991,1355.989990234375,0.3545026077262481,0.602922136728629,53.92883299547871,3.9770819389424417,58.73903976708856,1287.84726176272,1305.2250738287032,3.897827979846613,6.9586730514217265,0.3075188386013779,1374.3199462890625,1347.8499755859375,1387.4599609375,930905473.8549803,2513,1.351776649289227,,1358.06,2026-09-29 19:47:04-04:00,3.465241616666667,after_hours,0.1526567143218526,1857.0,1371.41,1350.0,2026-09-29 16:00:01-04:00,"Vendor latest observation, no executable bid/ask or overnight-session venue feed; after-hours bar volumes and extremes may include late regular-session batches and are not reliable liquidity/support measures",18759,431,0.0367290367290367,"[0.03218290819571952, 0.04197230255151714]",0.0004655471250871,1.2635676443687898,-0.13031666225590285,1387.8798950195312,1.3681591269180637,False,True,58.728938398050154,False,0.20770844237753805
NOW,True,0.0347619616056836,0.0043789966674961,0.0541475334994005,0.143255761657947,0.0373513761828622,0.0063652209728997,0.0566185753417602,0.1558743992973769,0.0360566688942729,0.0053721088201979,0.0553830544205803,0.1495650804776619,129.94000244140625,-1.1487215990050537,0.7118632581494632,5.957174842765442,4.584558050513895,45.4373590604196,135.0776599653589,128.31723793775075,-15.257616733017866,-12.196771661442751,0.4212972774410489,132.44000244140625,128.1199951171875,149.60000610351562,1901885637.25708,2513,1.923964870731254,,129.45,2026-09-29 19:49:44-04:00,0.8031177166666666,after_hours,-0.3770989935352853,805091.0,129.98,128.6859,2026-09-29 16:00:03-04:00,"Vendor latest observation, no executable bid/ask or overnight-session venue feed; after-hours bar volumes and extremes may include late regular-session batches and are not reliable liquidity/support measures",18069,431,0.0349770324865792,"[0.03064128150158164, 0.04015468529281524]",0.0025894145771785,-0.8624318841660245,0.4306393752103538,116.18899917602539,-1.6506508812828953,False,True,5.7011948134513775,True,0.32661712353572847
SE,True,0.0381000851509021,0.0047910861345629,0.060902292143752,0.1425652082170413,0.0339710162588257,0.0065402534320571,0.0541544628094175,0.1288821760868987,0.0360355507048639,0.00566566978331,0.0575283774765847,0.13572369215197,98.62000274658205,-0.29319674935816,0.9844713322646522,3.545787026227115,3.5954034957173073,33.53769493342623,104.94359566966824,107.02869216513965,-16.155663692272327,-13.094818620697213,0.5380227749597669,99.48509979248048,97.6125030517578,118.25,363859101.6573334,2246,0.8772024151342039,,98.62,2026-09-29 19:23:26-04:00,27.1106324,after_hours,-2.7850151629316144e-06,689119.0,98.7289,98.161,2026-09-29 16:00:03-04:00,"Vendor latest observation, no executable bid/ask or overnight-session venue feed; after-hours bar volumes and extremes may include late regular-session batches and are not reliable liquidity/support measures",18059,431,0.0349964006866382,"[0.030654724469306983, 0.04017537903089318]",0.0041290688920763,-1.7834102489271082,-0.1358427499383722,101.76500015258789,-1.3929581898253003,False,True,3.9705295237295957,False,0.49028320795778835
GEV,True,0.0361303004611054,0.0044320210784705,0.058157847850393,0.1362300416845377,0.0344028086058725,0.0057138349354576,0.0596061334346021,0.1345276545507778,0.035266554533489,0.005072928006964,0.0588819906424976,0.1353788481176578,962.489990234375,1.339268500958024,0.6422352780800886,35.07040926560543,3.6437167785054543,52.82739186652887,946.5302366980948,965.5422464174952,4.057443561198859,7.1182886327739725,0.4240503476693278,973.4099731445312,954.4500122070312,983.3400268554688,2076656132.572327,629,1.13455547807797,,966.0,2026-09-29 19:30:00-04:00,20.533804316666664,after_hours,0.3646801318702763,139162.0,967.0,961.53,2026-09-29 16:00:02-04:00,"Vendor latest observation, no executable bid/ask or overnight-session venue feed; after-hours bar volumes and extremes may include late regular-session batches and are not reliable liquidity/support measures",17816,431,0.0339582397844634,"[0.02959209136136578, 0.03912289759182631]",0.0017274918552328,0.4550774818568321,-0.33297270272110474,1003.5015869140625,1.027037968990113,False,True,78.2530287075507,False,0.19520206917528993
CRM,True,0.0344372536669428,0.0042910400033189,0.0552567145935121,0.1424125743989864,0.0333186770104329,0.0062417396138873,0.052045668502593,0.1437681020280946,0.0338779653386878,0.0052663898086031,0.0536511915480525,0.1430903382135405,225.30999755859375,-0.86241328684864,0.6391474866445315,8.909750455410657,3.9544407935531583,44.15650064982085,235.68071551420996,220.5414084156219,-15.42149438753796,-12.360649315962846,0.3321098297454161,228.9499969482422,223.5,268.2699890136719,3319392669.891052,2513,1.615551652874081,,224.94,2026-09-29 19:05:03-04:00,45.48628915,after_hours,-0.1642171064768383,1838501.0,225.31,223.75,2026-09-29 16:00:03-04:00,"Vendor latest observation, no executable bid/ask or overnight-session venue feed; after-hours bar volumes and extremes may include late regular-session batches and are not reliable liquidity/support measures",17388,431,0.0325511847250977,"[0.028325123669694467, 0.03750940010239137]",0.0011185766565098,-1.1639740088700632,0.46619549183793774,193.9697624206543,-1.7873517479834675,False,True,5.122450654366209,True,0.15865960692633518
WDAY,True,0.0341959287117799,0.0043381635976283,0.0525281112410605,0.1341025040559501,0.0333769534119664,0.0062242915968416,0.0519551734226052,0.1374503083015182,0.0337864410618731,0.005281227597235,0.0522416423318328,0.1357764061787341,189.1699981689453,0.3022227184429793,0.6492357515514109,7.824847235542604,4.136410271862631,50.02964007775918,190.5691923309568,181.10551934815624,-7.254311218585141,-4.193466147010028,0.960829881937657,189.33999633789065,185.0,211.8300018310547,538810263.7755585,2513,0.0898652907917796,,187.44,2026-09-29 19:30:05-04:00,20.45276235,after_hours,-0.914520370931271,244404.0,189.17,181.47,2026-09-29 16:00:00-04:00,"Vendor latest observation, no executable bid/ask or overnight-session venue feed; after-hours bar volumes and extremes may include late regular-session batches and are not reliable liquidity/support measures",17359,431,0.0325479578316723,"[0.028295872046889457, 0.03746887303744566]",0.0008189752998135,-0.178814246450202,0.5047477882023728,158.91149787902833,-0.5167899825018232,False,True,42.651478490579024,False,0.2428657452560954
ETN,True,0.0334942128291018,0.0040759471422093,0.0545474653179863,0.1333911966050728,0.0317416153713935,0.0055220130932622,0.0540640642698027,0.1337032253592499,0.0326179141002477,0.0047989801177357,0.0543057647938945,0.1335472109821614,433.2699890136719,0.4311409878708483,0.8293255480560977,13.914493436087316,3.2115064022235433,55.51183206143562,424.05314017158827,418.62139188659773,4.7499401751337045,7.810785246708818,0.4197613735204024,437.0158996582031,430.5600891113281,447.3299865722656,872188491.146698,2513,0.8645672997242837,,435.1442,2026-09-29 18:51:15-04:00,59.28396615,after_hours,0.4325734608563003,293407.0,435.1442,429.5556,2026-09-29 16:00:03-04:00,"Vendor latest observation, no executable bid/ask or overnight-session venue feed; after-hours bar volumes and extremes may include late regular-session batches and are not reliable liquidity/support measures",16991,431,0.0315461126478724,"[0.02725038362989656, 0.03650982930627142]",0.0017525974577083,0.6623919788685702,0.5949133193349019,411.9759948730469,0.8933121113929873,False,True,36.253776979525746,False,0.09357742884169062
BA,True,0.0341909716664724,0.0046598411145694,0.0560138097486056,0.1311174257430697,0.0305763353049043,0.0063559928548269,0.0506867960252909,0.1173730219256022,0.0323836534856884,0.0055079169846981,0.0533503028869483,0.1242452238343359,187.67999267578125,1.784257984176496,1.4214212665420891,6.1383340860241615,3.270638494017945,32.23962912533735,201.38181861074872,209.6104221021661,-12.73454139538045,-9.673696323805336,0.4538515207111295,190.90499877929688,185.0,215.2899932861328,1442175964.396515,2513,1.7183537027768647,,191.88,2026-09-29 19:50:00-04:00,0.5447001833333334,after_hours,2.237855652240084,1666496.0,194.0,187.68,2026-09-29 16:00:02-04:00,"Vendor latest observation, no executable bid/ask or overnight-session venue feed; after-hours bar volumes and extremes may include late regular-session batches and are not reliable liquidity/support measures",16928,431,0.0315453686200378,"[0.02725109814706628, 0.03650286195230517]",0.0036146363615681,-2.232173378468267,-1.5548132885015558,217.1335006713867,-1.968526650600583,False,True,34.02214114011103,False,0.2621191736893489
ASML,True,0.0342708656022826,0.0040775115301676,0.0535942636538753,0.1287999237421542,0.0297062297329883,0.0054348237498542,0.049810122597312,0.1236954216008167,0.0319885476676354,0.0047561676400109,0.0517021931255936,0.1262476726714854,1834.3900146484375,3.555358683395693,1.258459421757658,53.386628111041105,2.9103204708227057,63.15992498295142,1721.0717327343548,1716.9719279565431,5.098305174356255,8.159150245931368,0.8217042825440295,1841.7652587890625,1800.4000244140625,1790.0,2203195422.2369385,2513,0.4020543113367525,,1835.92,2026-09-29 19:49:37-04:00,0.91507495,after_hours,0.0834056737850197,104.0,1839.21,1829.0,2026-09-29 16:00:01-04:00,"Vendor latest observation, no executable bid/ask or overnight-session venue feed; after-hours bar volumes and extremes may include late regular-session batches and are not reliable liquidity/support measures",16785,431,0.0315758117366696,"[0.027290886250237106, 0.036555128730748024]",0.0045646358692942,2.1225967236287566,0.5658544452735168,1726.7398254394532,2.1431604411753673,False,False,96.5205293122137,False,0.081600416613411
VST,True,0.0330938962194776,0.0041985221808497,0.0542336484649164,0.118799790274925,0.0287139621933586,0.0055649384556362,0.0504583402990662,0.1156507257850853,0.0309039292064181,0.004881730318243,0.0523459943819913,0.1172252580300051,140.8300018310547,2.0359349888488865,1.0574540150397678,4.48043934646376,3.181452310026009,47.78785350201815,141.25172546198206,144.44959761835358,-0.3741953757598226,2.686649695815291,0.4248815452976676,143.50999450683594,138.85009765625,154.89999389648438,651553533.8626862,2509,1.902998395893141,,142.41,2026-09-29 19:47:59-04:00,2.5509456666666663,after_hours,1.1219187306698686,353570.0,144.2758,140.83,2026-09-29 16:00:02-04:00,"Vendor latest observation, no executable bid/ask or overnight-session venue feed; after-hours bar volumes and extremes may include late regular-session batches and are not reliable liquidity/support measures",16419,430,0.0306352396613679,"[0.026256732206810428, 0.03570524615976741]",0.004379934026119,-0.0941255083076227,-0.4891055930351173,149.49990539550782,-0.40520630109762457,True,True,87.65210897616416,False,0.34754446769498126
AVGO,True,0.0322862144666621,0.0039100827348563,0.0564672869990162,0.1225842647304869,0.0265612714039133,0.0054238664153473,0.0505190517937289,0.1095259184563386,0.0294237429352877,0.0046669745751018,0.0534931693963725,0.1160550915934127,355.1000061035156,1.5819431482769986,0.6825966418195214,10.868306505633148,3.0606325876730387,46.24581017148909,357.5860452986447,368.7898245935753,-7.001375283013944,-3.9405302114388303,0.1399501467641988,361.8599853515625,354.0,372.75,9877807096.789398,2513,1.9036832249662792,,356.7,2026-09-29 19:49:59-04:00,0.5442507333333333,after_hours,0.4505755756078367,2625032.0,356.88,354.85,2026-09-29 16:00:01-04:00,"Vendor latest observation, no executable bid/ask or overnight-session venue feed; after-hours bar volumes and extremes may include late regular-session batches and are not reliable liquidity/support measures",15900,430,0.0288679245283018,"[0.02475320124284115, 0.03382668535787041]",0.0057249430627487,-0.2287420946253717,-0.5768396647427046,385.1869400024414,-0.08932351779454441,False,True,69.49594239266243,False,0.28018251915840076
MLKN,False,0.0313827567771175,0.0035470270394608,0.0553904951923612,0.1406303644853253,0.0263563130612309,0.0055884811502425,0.0463583152725662,0.111756372166996,0.0288695349191742,0.0045677540948517,0.0508744052324637,0.1261933683261606,19.959999084472656,-1.5779171170520412,0.7150713984613764,0.8341994470022142,4.17935613860402,34.20067868729463,20.94597260015729,21.20251967350201,-14.70316933164797,-11.642324260072856,0.3333320087896717,20.280000686645508,19.799999237060547,23.0,15911191.675634384,2513,1.60321451328016,,19.96,2026-09-29 17:30:00-04:00,140.54251985000002,after_hours,4.586810553597331e-06,,19.96,19.74,2026-09-29 16:00:01-04:00,"Vendor latest observation, no executable bid/ask or overnight-session venue feed; after-hours bar volumes and extremes may include late regular-session batches and are not reliable liquidity/support measures",15696,430,0.0287334352701325,"[0.024713814962094034, 0.03347499226577781]",0.0050264437158866,-1.1819397857764549,0.00786934586587507,19.90985803604126,-1.2346105829965568,False,True,29.051028304934334,False,0.18571276634406098
CEG,True,0.0294501277435378,0.0037908876144035,0.0518471063235,0.1137207801449301,0.028229230311237,0.0054489900573233,0.0505302195969739,0.1136111165447773,0.0288396790273874,0.0046199388358634,0.0511886629602369,0.1136659483448537,264.5799865722656,1.593516113042659,0.6435692916084651,8.996382147003521,3.400250436004278,45.77836399844103,268.19305275909886,270.48809806193935,-6.769402355427257,-3.708557283852143,0.3777391232746997,270.114990234375,261.2200012207031,305.79998779296875,790941781.5027618,1178,2.091996350070713,,266.94,2026-09-29 19:48:37-04:00,1.9174447666666663,after_hours,0.8919848618594406,176.0,267.0,263.5,2026-09-29 16:00:01-04:00,"Vendor latest observation, no executable bid/ask or overnight-session venue feed; after-hours bar volumes and extremes may include late regular-session batches and are not reliable liquidity/support measures",15685,430,0.028753586228881,"[0.024735309092062546, 0.03349665373620654]",0.0012208974323008,-0.4016132404998672,-0.13450059614091012,268.68988571166994,-0.5776316123104829,True,True,72.7538950897295,False,0.3553209786935856
BILI,True,0.0259436043364052,0.003371298517385,0.0471208724321018,0.0976602667940491,0.0264297181586505,0.0060180642724812,0.0465348556044207,0.0978570966527022,0.0261866612475279,0.0046946813949331,0.0468278640182613,0.0977586817233756,14.84000015258789,-1.981507159391671,0.5971517435531084,0.4699653810151241,3.1668825888331855,40.097939619289114,15.40079959440963,16.387415074747473,-11.22916009192213,-8.168315020347016,0.3793112520059982,15.020000457763672,14.729999542236328,16.600000381469727,56199061.36859894,2138,1.212940049359723,,14.88,2026-09-29 19:35:59-04:00,14.560474233333334,after_hours,0.2695407479839762,,14.9347,14.84,2026-09-29 16:00:01-04:00,"Vendor latest observation, no executable bid/ask or overnight-session venue feed; after-hours bar volumes and extremes may include late regular-session batches and are not reliable liquidity/support measures",14772,430,0.027145951800704,"[0.023142664337632065, 0.03174098586948616]",0.0004861138222452,-1.1932781955351988,-0.9416768653040527,17.10774998664856,-1.0350848091062177,False,True,31.028876876963416,False,0.5923077052060765
KBH,True,0.0277085486794078,0.0033275090558149,0.0508635557429431,0.1131560068914804,0.0246479837223543,0.0056360947615862,0.044889207323303,0.0947832563345222,0.0261782662008811,0.0044818019087006,0.0478763815331231,0.1039696316130013,47.41999816894531,-0.9607412049041364,0.6988449848024316,1.5789233703085426,3.3296571726621393,36.43829963684496,49.41974609844863,51.88141326684002,-14.092742167788863,-11.03189709621375,0.4193540448083218,47.959999084472656,47.029998779296875,54.459999084472656,85276622.02280045,2513,1.13876199151981,,47.42,2026-09-29 18:19:42-04:00,90.8428481,after_hours,3.8613554576016895e-06,310052.0,47.5,47.42,2026-09-29 16:03:03-04:00,"Vendor latest observation, no executable bid/ask or overnight-session venue feed; after-hours bar volumes and extremes may include late regular-session batches and are not reliable liquidity/support measures",14772,430,0.027145951800704,"[0.023142664337632065, 0.03174098586948616]",0.0030605649570534,-1.2665262717040773,-0.6695655840965822,53.448628997802736,-1.0171670076777293,False,True,22.966210887944232,False,0.2916557133087673
THO,True,0.0267745563594208,0.0032730599599216,0.0475970919201353,0.1106102698621772,0.0253310102858495,0.0055102657327821,0.0450771900948642,0.1055038658082656,0.0260527833226351,0.0043916628463519,0.0463371410074997,0.1080570678352214,70.16000366210938,-1.7091533178087537,0.9448720725361304,2.519504465689569,3.591083714623939,41.77584624435319,72.44891821758011,74.47370944364121,-10.745050779325938,-7.684205707750824,0.3036665108828945,71.48999786376953,69.58000183105469,77.80000305175781,61447236.4623642,2513,1.895658683350998,,70.16,2026-09-29 16:00:48-04:00,229.74236365,after_hours,-5.219653920196521e-06,92778.0,70.16,70.16,2026-09-29 16:00:02-04:00,"Vendor latest observation, no executable bid/ask or overnight-session venue feed; after-hours bar volumes and extremes may include late regular-session batches and are not reliable liquidity/support measures",14732,430,0.0270160195492804,"[0.02299341530553697, 0.031638674988194164]",0.0014435460735712,-0.9084780704463968,-0.9306361517126783,75.62521896362304,-0.9031061281649552,False,True,19.594424080462428,False,0.4209322556263383
BABA,True,0.0265219778382281,0.0034302391898655,0.0487293074468804,0.1027235171255659,0.0239449915458532,0.005398777334952,0.0441187114915589,0.0946194483928185,0.0252334846920407,0.0044145082624087,0.0464240094692197,0.0986714827591922,107.73999786376952,-0.9378487057983942,0.6726637979169565,2.9516700953994968,2.7396233097495495,38.91205459226749,111.97749339125473,114.91763462818145,-8.56864981126133,-5.507804739686217,0.2444404256641819,108.76000213623048,107.41000366210938,120.4000015258789,950239287.515564,2513,0.9467275781373852,,107.97,2026-09-29 19:36:38-04:00,13.910152833333331,after_hours,0.2134788758036743,5632045.0,107.98,107.66,2026-09-29 16:03:34-04:00,"Vendor latest observation, no executable bid/ask or overnight-session venue feed; after-hours bar volumes and extremes may include late regular-session batches and are not reliable liquidity/support measures",14442,430,0.0263121451322531,"[0.02231395162593806, 0.030927835051546393]",0.0025769862923748,-1.4356264048918557,-0.41385970693652874,115.58940925598145,-1.2562552574161465,False,True,4.48426406569125,False,0.435669902921058
NVDA,True,0.0253987501224246,0.0029491880654516,0.0469430435132352,0.1124119440756816,0.0211176698968477,0.0047336151241462,0.0416483723800563,0.1031496206969532,0.0232582100096362,0.0038414015947989,0.0442957079466458,0.1077807823863174,227.2100067138672,-0.7209621131189281,0.8659566565487279,6.006917024160637,2.643773093904856,56.70904522973898,222.6146739692009,217.82924986009735,-0.0332863852910314,3.027558686284082,0.0319262102995929,232.82000732421875,227.0249938964844,234.7599945068359,25247024621.93817,2513,2.469081662154271,,228.249,2026-09-29 19:49:59-04:00,0.5440843333333334,after_hours,0.4572832425647766,12198900.0,234.7265,215.2615,2026-09-29 16:00:00-04:00,"Vendor latest observation, no executable bid/ask or overnight-session venue feed; after-hours bar volumes and extremes may include late regular-session batches and are not reliable liquidity/support measures",13754,430,0.0251563181619892,"[0.021435566284399143, 0.029329526491130454]",0.0042810802255769,0.7650068622861322,0.6932161680563342,212.70479583740234,0.8232051959163568,False,True,52.539440340076716,False,0.03724800232892145
TSM,True,0.0249063831211913,0.0028864716075587,0.0433907723869176,0.1063048256592233,0.0204687694563271,0.0047891227218259,0.0372254480606076,0.088314912187145,0.0226875762887592,0.0038377971646923,0.0403081102237626,0.0973098689231842,456.94000244140625,0.8964841712639338,1.0131293185511006,10.77515864492121,2.35811235333963,65.30426629239653,437.1749924194204,427.1574281609797,7.25549804834551,10.316343119920624,0.7985442406644742,459.4299926757813,447.0700073242187,455.2699890136719,4213071495.263825,2513,0.5449271722920201,,457.2301,2026-09-29 19:47:56-04:00,2.5952413,after_hours,0.0634870129653242,1432705.0,457.98,455.0,2026-09-29 16:00:02-04:00,"Vendor latest observation, no executable bid/ask or overnight-session venue feed; after-hours bar volumes and extremes may include late regular-session batches and are not reliable liquidity/support measures",13532,430,0.0247561336092225,"[0.021049753813178626, 0.028961182411601026]",0.0044376136648642,1.834312669846578,1.0761175577856343,422.0685836791992,1.5919064526182443,False,False,92.7602599653873,False,0.04349514205181848
JKHY,True,0.021444052749769,0.0026862053361848,0.0418121111060578,0.0934500930517161,0.0200880047357197,0.0058137264776617,0.0332719144312079,0.0756712025488129,0.0207660287427444,0.0042499659069232,0.0375420127686329,0.0845606478002645,146.22000122070312,-1.0824015858734717,0.8264024861062124,4.42175911150632,3.0240453252576285,34.38519408463808,154.228762937941,154.83671056169405,-15.661842327848053,-12.600997256272938,0.5063288694308524,147.38999938964844,145.02000427246094,170.9499969482422,165115220.74523926,2513,0.8001628772929203,,146.22,2026-09-29 19:30:05-04:00,20.462167866666668,after_hours,-8.348400415414403e-07,,146.22,146.22,2026-09-29 16:00:01-04:00,"Vendor latest observation, no executable bid/ask or overnight-session venue feed; after-hours bar volumes and extremes may include late regular-session batches and are not reliable liquidity/support measures",12804,430,0.0229615745079662,"[0.019288003994576426, 0.02717553067677101]",0.0013560480140493,-1.8112161959247064,-0.05184303596156988,147.53647727966307,-1.4575651697751892,False,True,1.91070907791228,False,0.2349804889260172
FERG,True,0.0232089729443299,0.0027410261245928,0.0434485797718104,0.1004703920125971,0.0182304229796028,0.0046505766521523,0.0359222216952314,0.0831088526499523,0.0207196979619664,0.0036958013883726,0.0396854007335209,0.0917896223312747,223.8699951171875,-1.5090223882615938,0.949111126603458,5.763588063673694,2.5745245854214063,48.81672794297302,223.22261611211923,228.1913085189757,-3.345910059908608,-0.2850649883334943,0.2920831944907253,227.7599945068359,222.26499938964844,230.44000244140625,316311221.9025421,2513,1.737615345733201,,223.87,2026-09-29 16:10:49-04:00,219.72602461666665,after_hours,2.181092861874845e-06,244045.0,223.87,223.87,2026-09-29 16:00:02-04:00,"Vendor latest observation, no executable bid/ask or overnight-session venue feed; after-hours bar volumes and extremes may include late regular-session batches and are not reliable liquidity/support measures",12791,430,0.0229067312954421,"[0.019268976319931998, 0.02706637291156038]",0.004978549964727,0.1123222197555194,-0.37506124792247525,230.6390007019043,0.7181774374408109,False,True,46.580794447932526,False,0.16650459174638432
NKE,True,0.0211223866669621,0.00254328705624,0.0418552094823808,0.0889191478912836,0.0175043783288617,0.0053579694411954,0.0326435882178786,0.0694763912279055,0.0193133824979119,0.0039506282487177,0.0372493988501297,0.0791977695595946,35.84000015258789,-1.511402160718367,0.8816911071170292,0.9725903217511188,2.7137006629752793,38.30097553835367,36.845088162114536,38.72071103532836,-10.331223499398778,-7.270378427823665,0.22439464051037,36.4276008605957,35.66999816894531,39.880001068115234,1202560041.5456772,2513,1.6395108970594707,,35.8602,2026-09-29 19:45:22-04:00,5.176656633333334,after_hours,0.0563611811554398,1959260.0,35.8871,35.8,2026-09-29 16:00:03-04:00,"Vendor latest observation, no executable bid/ask or overnight-session venue feed; after-hours bar volumes and extremes may include late regular-session batches and are not reliable liquidity/support measures",12282,430,0.021901970363133,"[0.018440474097054575, 0.025829144001473847]",0.0036180083381003,-1.0334135422168456,-0.9342150915697659,41.158195877075194,-0.937960698220127,False,True,34.520749927882065,False,0.5190111410018634
FDX,True,0.0205603327906128,0.0024917750933164,0.0425228421294943,0.0880774063217296,0.0177327317592963,0.0050160330610297,0.0339691289981939,0.0679753124030735,0.0191465322749546,0.003753904077173,0.0382459855638441,0.0780263593624016,287.4700012207031,-0.7526299746998588,0.6857546257157549,7.242389880660368,2.519355010925148,34.66174499167256,301.4591064545914,309.9713048760225,-14.912243105617229,-11.851398034042116,0.449335299115398,290.1600036621094,285.2749938964844,330.4800109863281,526320252.756958,2513,0.935750662672108,,288.0,2026-09-29 16:58:58-04:00,171.5764963,after_hours,0.1843666389697462,356876.0,288.0,287.18,2026-09-29 16:00:03-04:00,"Vendor latest observation, no executable bid/ask or overnight-session venue feed; after-hours bar volumes and extremes may include late regular-session batches and are not reliable liquidity/support measures",12200,430,0.0218032786885245,"[0.01823221488422451, 0.02575150728284397]",0.0028276010313164,-1.9315592593604929,-1.2274648643955777,316.6329742431641,-1.3296529904805778,False,True,45.98821078141849,False,0.16124173216653637
AZO,True,0.0184633214197443,0.0021913639422667,0.0365314207233732,0.0813714589413774,0.0163063883205117,0.0050010999283736,0.0293759502585555,0.0663817971018944,0.017384854870128,0.0035962319353201,0.0329536854909644,0.0738766280216359,2875.969970703125,-1.2806890590176034,1.0036311502762294,82.34096868603292,2.8630677484404323,45.98214230402519,2898.802839180275,2966.497608425715,-6.9144315409850226,-3.8535864694099087,0.4748528135890271,2920.155029296875,2836.0166015625,3007.8798828125,1171767593.7634275,2513,1.5363532666840651,,2875.97,2026-09-29 17:54:01-04:00,116.52553503333334,after_hours,1.0186780530219153e-06,24806.0,2875.97,2875.97,2026-09-29 16:00:03-04:00,"Vendor latest observation, no executable bid/ask or overnight-session venue feed; after-hours bar volumes and extremes may include late regular-session batches and are not reliable liquidity/support measures",11518,430,0.0194478208022226,"[0.016141594072078606, 0.022968259180025995]",0.0021569330992325,-0.2772965735223791,-0.6330222179285796,3050.023974609375,-0.3938614355357997,False,True,40.68149578447325,False,0.33621457065324634
PDD,True,0.018829560435286,0.0022525624539819,0.0394416045977818,0.0796736600644084,0.015694254986987,0.0049584188715959,0.0303744395989032,0.0599256951670904,0.0172619077111365,0.0036054906627889,0.0349080220983425,0.0697996776157494,77.5,-1.2613044855572686,0.6229010792754199,1.829791026658342,2.36102067955915,38.1874137342887,79.90139006360039,82.71762250631662,-10.798940309670346,-7.738095238095233,0.3116903062159712,78.55999755859375,77.0199966430664,85.19999694824219,537995812.5455475,2055,1.3677387852822689,,77.68,2026-09-29 19:45:31-04:00,5.026981233333333,after_hours,0.2322580645161442,299326.0,77.77,72.6149,2026-09-29 16:00:01-04:00,"Vendor latest observation, no executable bid/ask or overnight-session venue feed; after-hours bar volumes and extremes may include late regular-session batches and are not reliable liquidity/support measures",11473,430,0.0193497777390394,"[0.01601747756245679, 0.022827810760176478]",0.0031353054482989,-1.312384872706437,-0.6564757203664477,84.37599983215333,-1.0955361083230395,False,True,27.43243163582112,False,0.4440858047185897
COST,True,0.0140248832067145,0.0016866306567382,0.029893771802085,0.0614097899909745,0.0107619465297993,0.0043550370029422,0.0214206868090946,0.0435022164055743,0.0123934148682569,0.0030208338298402,0.0256572293055898,0.0524560031982744,924.5900268554688,0.1809521926317447,1.0136612907639873,15.713967250503158,1.6995605397071358,53.16487429466683,914.9438129633628,929.2245463317294,-5.105573535002838,-2.044728463427725,0.8963227572671286,925.969970703125,912.6599731445312,952.0999755859376,2162976212.8378296,2513,0.1492492680620127,,924.2912,2026-09-29 19:49:35-04:00,0.95967475,after_hours,-0.0323199306491606,11919.0,925.02,922.0,2026-09-29 16:00:01-04:00,"Vendor latest observation, no executable bid/ask or overnight-session venue feed; after-hours bar volumes and extremes may include late regular-session batches and are not reliable liquidity/support measures",9418,428,0.0162454873646209,"[0.01307845806737649, 0.019913602475600024]",0.0032629366769151,0.6138624154124463,-0.3654859315749647,950.6375732421875,1.088606928174885,False,True,89.18635776597107,False,0.15544003534661144
